Customer_ID,Gender,Age,Married,State,Number_of_Referrals,Tenure_in_Months,Value_Deal,Phone_Service,Multiple_Lines,Internet_Service,Internet_Type,Online_Security,Online_Backup,Device_Protection_Plan,Premium_Support,Streaming_TV,Streaming_Movies,Streaming_Music,Unlimited_Data,Contract,Paperless_Billing,Payment_Method,Monthly_Charge,Total_Charges,Total_Refunds,Total_Extra_Data_Charges,Total_Long_Distance_Charges,Total_Revenue,Customer_Status,Churn_Category,Churn_Reason,Churn_Probability,Churn_Probability_Percent,Predicted_Churn,Risk_Level,Retention_Recommendation,Retention_Priority
13318-AND,Male,45,No,Andhra Pradesh,11,25,Deal 5,No,No,Yes,DSL,No,Yes,No,No,No,No,No,No,Month-to-Month,Yes,Mailed Check,31.350000381469727,31.350000381469727,0.0,80,0.0,111.3499984741211,Churned,Attitude,Attitude of service provider,0.93,93.0,1,High,"Offer an incentive to move to a long-term contract | Offer priority/premium customer support. Key signals: month-to-month contract, premium support not active.",High
16741-UTT,Female,34,Yes,Uttar Pradesh,15,4,None,Yes,Yes,Yes,Fiber Optic,No,No,No,No,No,No,No,Yes,Month-to-Month,No,Credit Card,75.44999694824219,480.75,0.0,0,126.69999694824219,607.4500122070312,Churned,Competitor,Competitor had better devices,0.53,53.0,1,Medium,"Offer an incentive to move to a long-term contract | Offer an early-tenure loyalty benefit | Offer priority/premium customer support. Key signals: month-to-month contract, short customer tenure, premium support not active.",Medium
16784-HAR,Female,50,Yes,Haryana,6,16,Deal 4,Yes,Yes,Yes,Fiber Optic,No,Yes,No,No,No,Yes,Yes,No,Month-to-Month,Yes,Bank Withdrawal,89.1500015258789,1057.550048828125,0.0,70,416.760009765625,1544.31005859375,Stayed,Others,Others,0.62,62.0,1,Medium,"Offer an incentive to move to a long-term contract | Offer a personalized pricing or loyalty discount | Offer priority/premium customer support. Key signals: month-to-month contract, high monthly charge, premium support not active.",Medium
16794-TEL,Male,47,No,Telangana,9,3,None,Yes,No,No,None,No,No,No,No,No,No,No,No,Month-to-Month,No,Mailed Check,19.700000762939453,19.700000762939453,0.0,0,1.909999966621399,21.610000610351562,Churned,Attitude,Attitude of service provider,0.99,99.0,1,High,"Offer an incentive to move to a long-term contract | Offer an early-tenure loyalty benefit | Offer priority/premium customer support. Key signals: month-to-month contract, short customer tenure, premium support not active.",High
19522-RAJ,Female,52,Yes,Rajasthan,6,7,None,No,No,Yes,Cable,No,Yes,No,No,Yes,Yes,Yes,Yes,Month-to-Month,Yes,Bank Withdrawal,50.599998474121094,155.35000610351562,0.0,0,0.0,155.35000610351562,Churned,Dissatisfaction,Poor expertise of online support,0.75,75.0,1,High,"Offer an incentive to move to a long-term contract | Offer an early-tenure loyalty benefit | Offer priority/premium customer support. Key signals: month-to-month contract, short customer tenure, premium support not active.",High
19567-MAD,Female,45,Yes,Madhya Pradesh,9,30,None,Yes,No,Yes,Fiber Optic,No,No,No,No,No,No,No,Yes,Month-to-Month,Yes,Credit Card,69.55000305175781,284.8999938964844,0.0,0,148.9199981689453,433.82000732421875,Stayed,Others,Others,0.65,65.0,1,Medium,"Offer an incentive to move to a long-term contract | Offer priority/premium customer support | Offer a service review or upgrade consultation. Key signals: month-to-month contract, premium support not active, fiber service customer.",Medium
19572-RAJ,Female,52,No,Rajasthan,11,19,None,Yes,No,Yes,DSL,No,No,No,No,No,No,No,Yes,Month-to-Month,No,Mailed Check,45.650001525878906,191.0500030517578,0.0,0,181.60000610351562,372.6499938964844,Churned,Competitor,Competitor had better devices,0.52,52.0,1,Medium,"Offer an incentive to move to a long-term contract | Offer priority/premium customer support | Evaluate eligibility for a value plan. Key signals: month-to-month contract, premium support not active, no value deal assigned.",Medium
19665-JAM,Male,38,No,Jammu & Kashmir,1,3,Deal 5,Yes,No,Yes,DSL,No,No,No,No,No,No,No,No,Month-to-Month,No,Bank Withdrawal,-9.0,45.79999923706055,0.0,10,22.110000610351562,77.91000366210938,Churned,Competitor,Competitor made better offer,0.93,93.0,1,High,"Offer an incentive to move to a long-term contract | Offer an early-tenure loyalty benefit | Offer priority/premium customer support. Key signals: month-to-month contract, short customer tenure, premium support not active.",High
19698-UTT,Male,64,No,Uttar Pradesh,7,13,None,Yes,Yes,Yes,Fiber Optic,No,No,No,No,Yes,Yes,Yes,Yes,Month-to-Month,Yes,Bank Withdrawal,93.8499984741211,635.5999755859375,0.0,0,108.56999969482422,744.1699829101562,Churned,Competitor,Competitor had better devices,0.89,89.0,1,High,"Offer an incentive to move to a long-term contract | Offer a personalized pricing or loyalty discount | Offer priority/premium customer support. Key signals: month-to-month contract, high monthly charge, premium support not active.",High
21218-PUN,Male,42,No,Punjab,0,11,None,Yes,Yes,Yes,Fiber Optic,No,Yes,Yes,No,Yes,Yes,Yes,Yes,Month-to-Month,Yes,Bank Withdrawal,102.4000015258789,6444.0498046875,0.0,0,1118.25,7562.2998046875,Stayed,Others,Others,0.57,57.0,1,Medium,"Offer an incentive to move to a long-term contract | Offer a personalized pricing or loyalty discount | Offer an early-tenure loyalty benefit. Key signals: month-to-month contract, high monthly charge, short customer tenure.",Medium
21223-UTT,Female,72,Yes,Uttarakhand,7,12,None,Yes,Yes,Yes,Fiber Optic,Yes,Yes,No,No,No,Yes,No,No,Month-to-Month,Yes,Bank Withdrawal,95.0,2497.199951171875,0.0,60,1238.3800048828125,3795.580078125,Churned,Price,Price too high,0.71,71.0,1,High,"Offer an incentive to move to a long-term contract | Offer a personalized pricing or loyalty discount | Offer priority/premium customer support. Key signals: month-to-month contract, high monthly charge, premium support not active.",High
21265-JAM,Male,66,No,Jammu & Kashmir,3,4,Deal 5,Yes,No,Yes,Cable,No,No,Yes,No,No,No,No,Yes,Month-to-Month,Yes,Mailed Check,-9.0,50.150001525878906,0.0,0,39.779998779296875,89.93000030517578,Churned,Competitor,Competitor made better offer,0.97,97.0,1,High,"Offer an incentive to move to a long-term contract | Offer an early-tenure loyalty benefit | Offer priority/premium customer support. Key signals: month-to-month contract, short customer tenure, premium support not active.",High
21282-JAM,Female,37,Yes,Jammu & Kashmir,4,17,None,Yes,No,Yes,Fiber Optic,No,Yes,No,No,No,No,No,No,Month-to-Month,Yes,Bank Withdrawal,75.3499984741211,75.3499984741211,0.0,10,32.81999969482422,118.16999816894531,Churned,Competitor,Competitor made better offer,0.97,97.0,1,High,"Offer an incentive to move to a long-term contract | Offer priority/premium customer support | Offer a service review or upgrade consultation. Key signals: month-to-month contract, premium support not active, fiber service customer.",High
21292-HAR,Male,34,No,Haryana,9,28,Deal 5,Yes,Yes,Yes,Fiber Optic,No,No,No,No,No,No,No,Yes,Month-to-Month,Yes,Bank Withdrawal,75.0999984741211,552.9500122070312,0.0,0,132.92999267578125,685.8800048828125,Churned,Competitor,Competitor offered more data,0.56,56.0,1,Medium,"Offer an incentive to move to a long-term contract | Offer priority/premium customer support | Offer a service review or upgrade consultation. Key signals: month-to-month contract, premium support not active, fiber service customer.",Medium
21368-AND,Female,23,No,Andhra Pradesh,9,2,Deal 1,Yes,Yes,Yes,Fiber Optic,No,Yes,No,Yes,Yes,Yes,Yes,Yes,One Year,Yes,Bank Withdrawal,106.5999984741211,7244.7001953125,0.0,0,1255.5799560546875,8500.2802734375,Stayed,Others,Others,0.5,50.0,1,Medium,"Offer a personalized pricing or loyalty discount | Offer an early-tenure loyalty benefit | Offer a service review or upgrade consultation. Key signals: high monthly charge, short customer tenure, fiber service customer.",Medium
21667-HAR,Male,70,No,Haryana,15,22,Deal 5,Yes,No,Yes,Fiber Optic,No,No,No,No,No,No,No,Yes,Month-to-Month,Yes,Bank Withdrawal,70.6500015258789,293.8500061035156,0.0,0,24.719999313354492,318.57000732421875,Stayed,Others,Others,0.86,86.0,1,High,"Offer an incentive to move to a long-term contract | Offer priority/premium customer support | Offer a service review or upgrade consultation. Key signals: month-to-month contract, premium support not active, fiber service customer.",High
21710-JAM,Male,58,Yes,Jammu & Kashmir,12,26,None,Yes,Yes,Yes,Fiber Optic,No,No,No,No,No,Yes,Yes,Yes,Month-to-Month,No,Bank Withdrawal,86.44999694824219,830.8499755859375,0.0,0,176.5,1007.3499755859375,Churned,Competitor,Competitor made better offer,0.51,51.0,1,Medium,"Offer an incentive to move to a long-term contract | Offer a personalized pricing or loyalty discount | Offer priority/premium customer support. Key signals: month-to-month contract, high monthly charge, premium support not active.",Medium
21712-MAD,Male,76,No,Madhya Pradesh,3,34,None,No,No,Yes,Cable,No,Yes,No,No,No,No,No,Yes,Month-to-Month,Yes,Bank Withdrawal,30.350000381469727,1359.699951171875,0.0,0,0.0,1359.699951171875,Churned,Competitor,Competitor had better devices,0.56,56.0,1,Medium,"Offer an incentive to move to a long-term contract | Offer priority/premium customer support | Evaluate eligibility for a value plan. Key signals: month-to-month contract, premium support not active, no value deal assigned.",Medium
21811-CHH,Male,29,No,Chhattisgarh,13,7,Deal 4,Yes,Yes,Yes,Fiber Optic,No,No,No,No,No,Yes,Yes,No,Month-to-Month,Yes,Bank Withdrawal,85.25,855.2999877929688,0.0,100,20.200000762939453,975.5,Churned,Competitor,Competitor offered more data,0.63,63.0,1,Medium,"Offer an incentive to move to a long-term contract | Offer a personalized pricing or loyalty discount | Offer an early-tenure loyalty benefit. Key signals: month-to-month contract, high monthly charge, short customer tenure.",Medium
21857-BIH,Female,32,No,Bihar,11,19,None,Yes,Yes,Yes,Fiber Optic,No,No,No,No,No,Yes,Yes,Yes,Month-to-Month,Yes,Bank Withdrawal,83.94999694824219,2254.199951171875,0.0,0,371.79998779296875,2626.0,Churned,Competitor,Competitor offered higher download speeds,0.56,56.0,1,Medium,"Offer an incentive to move to a long-term contract | Offer a personalized pricing or loyalty discount | Offer priority/premium customer support. Key signals: month-to-month contract, high monthly charge, premium support not active.",Medium
22210-UTT,Male,70,No,Uttar Pradesh,13,23,None,Yes,Yes,Yes,Fiber Optic,No,No,No,No,No,No,No,Yes,Month-to-Month,Yes,Credit Card,74.4000015258789,527.9000244140625,32.459999084472656,0,62.439998626708984,557.8800048828125,Churned,Attitude,Attitude of service provider,0.74,74.0,1,High,"Offer an incentive to move to a long-term contract | Offer priority/premium customer support | Offer a service review or upgrade consultation. Key signals: month-to-month contract, premium support not active, fiber service customer.",High
22226-KER,Male,81,Yes,Kerala,11,13,None,Yes,Yes,Yes,Fiber Optic,Yes,No,No,No,No,Yes,No,No,Month-to-Month,No,Credit Card,91.0,3180.5,0.0,40,916.6500244140625,4137.14990234375,Stayed,Others,Others,0.7,70.0,1,High,"Offer an incentive to move to a long-term contract | Offer a personalized pricing or loyalty discount | Offer priority/premium customer support. Key signals: month-to-month contract, high monthly charge, premium support not active.",High
22286-HAR,Female,54,Yes,Haryana,6,36,None,Yes,Yes,Yes,Fiber Optic,No,No,Yes,No,Yes,Yes,Yes,Yes,Month-to-Month,Yes,Bank Withdrawal,99.75,99.75,0.0,0,40.709999084472656,140.4600067138672,Churned,Competitor,Competitor had better devices,0.93,93.0,1,High,"Offer an incentive to move to a long-term contract | Offer a personalized pricing or loyalty discount | Offer priority/premium customer support. Key signals: month-to-month contract, high monthly charge, premium support not active.",High
22329-HAR,Male,76,No,Haryana,12,20,None,No,No,Yes,Cable,No,No,No,No,No,Yes,Yes,Yes,Month-to-Month,Yes,Bank Withdrawal,34.650001525878906,768.4500122070312,0.0,0,0.0,768.4500122070312,Stayed,Others,Others,0.65,65.0,1,Medium,"Offer an incentive to move to a long-term contract | Offer priority/premium customer support | Evaluate eligibility for a value plan. Key signals: month-to-month contract, premium support not active, no value deal assigned.",Medium
22439-RAJ,Female,73,Yes,Rajasthan,4,1,Deal 4,Yes,No,Yes,Fiber Optic,No,Yes,No,No,Yes,Yes,No,No,Month-to-Month,Yes,Bank Withdrawal,95.0,1120.300048828125,0.0,120,127.48999786376953,1367.7900390625,Churned,Dissatisfaction,Product dissatisfaction,0.76,76.0,1,High,"Offer an incentive to move to a long-term contract | Offer a personalized pricing or loyalty discount | Offer an early-tenure loyalty benefit. Key signals: month-to-month contract, high monthly charge, short customer tenure.",High
26458-TEL,Female,49,Yes,Telangana,12,4,Deal 4,Yes,Yes,Yes,Fiber Optic,No,No,No,No,Yes,Yes,Yes,Yes,Month-to-Month,Yes,Bank Withdrawal,93.5,2341.550048828125,0.0,0,416.760009765625,2758.31005859375,Stayed,Others,Others,0.74,74.0,1,High,"Offer an incentive to move to a long-term contract | Offer a personalized pricing or loyalty discount | Offer an early-tenure loyalty benefit. Key signals: month-to-month contract, high monthly charge, short customer tenure.",High
26601-UTT,Male,36,No,Uttar Pradesh,13,25,Deal 4,Yes,Yes,Yes,Fiber Optic,No,Yes,Yes,No,No,No,No,Yes,Month-to-Month,Yes,Bank Withdrawal,82.6500015258789,1185.0,0.0,0,637.97998046875,1822.97998046875,Stayed,Others,Others,0.57,57.0,1,Medium,"Offer an incentive to move to a long-term contract | Offer a personalized pricing or loyalty discount | Offer priority/premium customer support. Key signals: month-to-month contract, high monthly charge, premium support not active.",Medium
26707-HAR,Female,18,No,Haryana,8,5,None,Yes,Yes,Yes,Fiber Optic,No,No,No,No,No,Yes,Yes,Yes,Month-to-Month,Yes,Bank Withdrawal,85.6500015258789,338.8999938964844,0.0,0,27.639999389648438,366.5400085449219,Churned,Dissatisfaction,Limited range of services,0.79,79.0,1,High,"Offer an incentive to move to a long-term contract | Offer a personalized pricing or loyalty discount | Offer an early-tenure loyalty benefit. Key signals: month-to-month contract, high monthly charge, short customer tenure.",High
26714-TAM,Female,50,Yes,Tamil Nadu,5,5,None,Yes,No,Yes,DSL,No,Yes,No,Yes,Yes,No,No,Yes,Month-to-Month,Yes,Bank Withdrawal,63.75,226.1999969482422,0.0,0,12.119999885559082,238.32000732421875,Stayed,Others,Others,0.57,57.0,1,Medium,"Offer an incentive to move to a long-term contract | Offer an early-tenure loyalty benefit | Evaluate eligibility for a value plan. Key signals: month-to-month contract, short customer tenure, no value deal assigned.",Medium
26757-KAR,Female,35,No,Karnataka,3,9,None,Yes,Yes,Yes,Fiber Optic,No,Yes,Yes,No,No,No,No,Yes,Month-to-Month,Yes,Bank Withdrawal,85.30000305175781,424.1499938964844,0.0,0,182.60000610351562,606.75,Churned,Competitor,Competitor had better devices,0.74,74.0,1,High,"Offer an incentive to move to a long-term contract | Offer a personalized pricing or loyalty discount | Offer an early-tenure loyalty benefit. Key signals: month-to-month contract, high monthly charge, short customer tenure.",High
26761-GUJ,Male,46,No,Gujarat,3,13,None,Yes,Yes,Yes,Fiber Optic,No,No,No,No,Yes,Yes,Yes,Yes,Month-to-Month,Yes,Bank Withdrawal,95.5,829.0999755859375,0.0,0,172.97999572753906,1002.0800170898438,Churned,Dissatisfaction,Limited range of services,0.79,79.0,1,High,"Offer an incentive to move to a long-term contract | Offer a personalized pricing or loyalty discount | Offer priority/premium customer support. Key signals: month-to-month contract, high monthly charge, premium support not active.",High
26873-TAM,Female,22,Yes,Tamil Nadu,12,3,None,Yes,No,Yes,Fiber Optic,Yes,No,No,No,No,No,Yes,Yes,Month-to-Month,No,Bank Withdrawal,75.0,632.9500122070312,0.0,0,42.720001220703125,675.6699829101562,Churned,Dissatisfaction,Network reliability,0.5,50.0,1,Medium,"Offer an incentive to move to a long-term contract | Offer an early-tenure loyalty benefit | Offer priority/premium customer support. Key signals: month-to-month contract, short customer tenure, premium support not active.",Medium
31589-MAD,Female,32,No,Madhya Pradesh,8,14,Deal 5,Yes,No,Yes,DSL,Yes,No,No,No,No,No,No,Yes,Month-to-Month,Yes,Bank Withdrawal,47.79999923706055,92.44999694824219,0.0,0,27.459999084472656,119.91000366210938,Churned,Attitude,Attitude of support person,0.98,98.0,1,High,"Offer an incentive to move to a long-term contract | Offer priority/premium customer support. Key signals: month-to-month contract, premium support not active.",High
31678-GUJ,Female,57,No,Gujarat,7,3,None,Yes,Yes,Yes,Fiber Optic,No,No,No,No,No,Yes,Yes,Yes,Month-to-Month,Yes,Bank Withdrawal,84.9000015258789,764.9500122070312,0.0,0,232.0,996.9500122070312,Churned,Price,Long distance charges,0.72,72.0,1,High,"Offer an incentive to move to a long-term contract | Offer a personalized pricing or loyalty discount | Offer an early-tenure loyalty benefit. Key signals: month-to-month contract, high monthly charge, short customer tenure.",High
31805-ASS,Male,47,No,Assam,1,22,Deal 5,Yes,No,Yes,Fiber Optic,No,No,Yes,Yes,No,No,No,Yes,Month-to-Month,Yes,Mailed Check,80.5999984741211,319.1499938964844,0.0,0,57.20000076293945,376.3500061035156,Churned,Competitor,Competitor offered more data,0.75,75.0,1,High,"Offer an incentive to move to a long-term contract | Offer a personalized pricing or loyalty discount | Offer a service review or upgrade consultation. Key signals: month-to-month contract, high monthly charge, fiber service customer.",High
35014-HAR,Female,74,Yes,Haryana,6,28,None,Yes,Yes,Yes,Fiber Optic,No,Yes,Yes,No,Yes,Yes,Yes,Yes,Month-to-Month,Yes,Bank Withdrawal,103.5,6479.39990234375,0.0,0,1142.8199462890625,7622.22021484375,Stayed,Others,Others,0.67,67.0,1,Medium,"Offer an incentive to move to a long-term contract | Offer a personalized pricing or loyalty discount | Offer priority/premium customer support. Key signals: month-to-month contract, high monthly charge, premium support not active.",Medium
35016-ODI,Male,49,Yes,Odisha,15,1,Deal 5,No,No,Yes,Cable,No,No,No,No,No,Yes,Yes,Yes,Month-to-Month,No,Bank Withdrawal,35.900001525878906,35.900001525878906,0.0,0,0.0,35.900001525878906,Churned,Competitor,Competitor offered higher download speeds,0.99,99.0,1,High,"Offer an incentive to move to a long-term contract | Offer an early-tenure loyalty benefit | Offer priority/premium customer support. Key signals: month-to-month contract, short customer tenure, premium support not active.",High
35146-HAR,Female,21,No,Haryana,0,3,None,Yes,Yes,Yes,Fiber Optic,No,No,No,No,No,Yes,Yes,Yes,Month-to-Month,Yes,Credit Card,85.44999694824219,85.44999694824219,0.0,0,31.030000686645508,116.4800033569336,Churned,Price,Price too high,0.95,95.0,1,High,"Offer an incentive to move to a long-term contract | Offer a personalized pricing or loyalty discount | Offer an early-tenure loyalty benefit. Key signals: month-to-month contract, high monthly charge, short customer tenure.",High
35197-TEL,Female,78,Yes,Telangana,14,27,None,Yes,No,Yes,Fiber Optic,No,No,No,No,No,No,No,Yes,Month-to-Month,Yes,Bank Withdrawal,69.25,69.25,0.0,0,37.29999923706055,106.55000305175781,Churned,Competitor,Competitor had better devices,0.99,99.0,1,High,"Offer an incentive to move to a long-term contract | Offer priority/premium customer support | Offer a service review or upgrade consultation. Key signals: month-to-month contract, premium support not active, fiber service customer.",High
35237-MAH,Male,68,No,Maharashtra,0,2,None,Yes,No,Yes,Fiber Optic,No,No,No,No,No,No,No,Yes,Month-to-Month,Yes,Bank Withdrawal,69.3499984741211,69.3499984741211,0.0,0,45.86000061035156,115.20999908447266,Churned,Price,Long distance charges,0.98,98.0,1,High,"Offer an incentive to move to a long-term contract | Offer an early-tenure loyalty benefit | Offer priority/premium customer support. Key signals: month-to-month contract, short customer tenure, premium support not active.",High
35279-HAR,Female,43,No,Haryana,11,6,None,Yes,No,Yes,DSL,No,No,Yes,No,No,Yes,Yes,Yes,Month-to-Month,No,Bank Withdrawal,59.20000076293945,59.20000076293945,0.0,0,13.579999923706055,72.77999877929688,Churned,Dissatisfaction,Service dissatisfaction,0.99,99.0,1,High,"Offer an incentive to move to a long-term contract | Offer an early-tenure loyalty benefit | Offer priority/premium customer support. Key signals: month-to-month contract, short customer tenure, premium support not active.",High
35391-UTT,Male,23,No,Uttar Pradesh,15,5,Deal 5,Yes,No,Yes,Fiber Optic,No,No,No,No,No,No,Yes,Yes,Month-to-Month,No,Bank Withdrawal,70.69999694824219,553.4000244140625,0.0,0,335.44000244140625,888.8400268554688,Stayed,Others,Others,0.54,54.0,1,Medium,"Offer an incentive to move to a long-term contract | Offer an early-tenure loyalty benefit | Offer priority/premium customer support. Key signals: month-to-month contract, short customer tenure, premium support not active.",Medium
35401-UTT,Female,42,Yes,Uttar Pradesh,13,26,None,Yes,No,Yes,Cable,No,No,No,No,No,No,No,No,Month-to-Month,No,Bank Withdrawal,71.3499984741211,71.3499984741211,0.0,0,40.400001525878906,111.75,Churned,Dissatisfaction,Poor expertise of phone support,0.96,96.0,1,High,"Offer an incentive to move to a long-term contract | Offer priority/premium customer support | Evaluate eligibility for a value plan. Key signals: month-to-month contract, premium support not active, no value deal assigned.",High
38920-GUJ,Female,81,Yes,Gujarat,15,34,None,Yes,Yes,Yes,Fiber Optic,No,No,No,No,No,Yes,No,Yes,Month-to-Month,Yes,Bank Withdrawal,82.0,1127.199951171875,0.0,0,57.849998474121094,1185.050048828125,Churned,Attitude,Attitude of support person,0.74,74.0,1,High,"Offer an incentive to move to a long-term contract | Offer a personalized pricing or loyalty discount | Offer priority/premium customer support. Key signals: month-to-month contract, high monthly charge, premium support not active.",High
38932-TAM,Female,59,No,Tamil Nadu,5,8,None,Yes,Yes,Yes,Fiber Optic,No,Yes,Yes,No,Yes,Yes,Yes,Yes,Month-to-Month,Yes,Bank Withdrawal,105.8499984741211,2239.64990234375,0.0,0,575.7999877929688,2815.449951171875,Churned,Dissatisfaction,Service dissatisfaction,0.81,81.0,1,High,"Offer an incentive to move to a long-term contract | Offer a personalized pricing or loyalty discount | Offer an early-tenure loyalty benefit. Key signals: month-to-month contract, high monthly charge, short customer tenure.",High
38999-WES,Female,59,Yes,West Bengal,0,15,Deal 5,Yes,No,Yes,Fiber Optic,No,No,No,No,No,No,No,Yes,Month-to-Month,Yes,Credit Card,69.80000305175781,134.6999969482422,0.0,0,75.44000244140625,210.13999938964844,Churned,Other,Don't know,0.87,87.0,1,High,"Offer an incentive to move to a long-term contract | Offer priority/premium customer support | Offer a service review or upgrade consultation. Key signals: month-to-month contract, premium support not active, fiber service customer.",High
39047-KAR,Female,20,No,Karnataka,9,8,None,Yes,No,Yes,Fiber Optic,No,No,No,No,No,No,Yes,Yes,Month-to-Month,Yes,Credit Card,71.3499984741211,71.3499984741211,0.0,0,35.279998779296875,106.62999725341797,Churned,Attitude,Attitude of support person,0.98,98.0,1,High,"Offer an incentive to move to a long-term contract | Offer an early-tenure loyalty benefit | Offer priority/premium customer support. Key signals: month-to-month contract, short customer tenure, premium support not active.",High
39161-JAM,Female,72,No,Jammu & Kashmir,5,9,Deal 5,Yes,Yes,Yes,Fiber Optic,No,No,No,No,No,Yes,No,Yes,Month-to-Month,Yes,Bank Withdrawal,84.55000305175781,646.8499755859375,0.0,0,150.00999450683594,796.8599853515625,Churned,Competitor,Competitor made better offer,0.94,94.0,1,High,"Offer an incentive to move to a long-term contract | Offer a personalized pricing or loyalty discount | Offer an early-tenure loyalty benefit. Key signals: month-to-month contract, high monthly charge, short customer tenure.",High
39167-TAM,Female,41,No,Tamil Nadu,6,15,None,Yes,No,No,None,No,No,No,No,No,No,No,No,Month-to-Month,Yes,Mailed Check,20.5,77.5999984741211,0.0,0,14.520000457763672,92.12000274658203,Stayed,Others,Others,0.76,76.0,1,High,"Offer an incentive to move to a long-term contract | Offer priority/premium customer support | Evaluate eligibility for a value plan. Key signals: month-to-month contract, premium support not active, no value deal assigned.",High
39191-UTT,Female,74,No,Uttar Pradesh,14,20,None,Yes,No,Yes,Fiber Optic,No,Yes,No,No,No,No,No,Yes,Month-to-Month,Yes,Mailed Check,76.4000015258789,76.4000015258789,0.0,0,41.15999984741211,117.55999755859375,Churned,Attitude,Attitude of support person,0.99,99.0,1,High,"Offer an incentive to move to a long-term contract | Offer priority/premium customer support | Offer a service review or upgrade consultation. Key signals: month-to-month contract, premium support not active, fiber service customer.",High
39193-TAM,Female,68,Yes,Tamil Nadu,1,21,Deal 3,Yes,No,Yes,Fiber Optic,No,Yes,No,No,No,Yes,Yes,Yes,Month-to-Month,Yes,Bank Withdrawal,83.8499984741211,2674.14990234375,11.369999885559082,0,372.92999267578125,3035.7099609375,Stayed,Others,Others,0.69,69.0,1,Medium,"Offer an incentive to move to a long-term contract | Offer a personalized pricing or loyalty discount | Offer priority/premium customer support. Key signals: month-to-month contract, high monthly charge, premium support not active.",Medium
43324-KAR,Female,73,No,Karnataka,8,32,Deal 4,Yes,Yes,Yes,Fiber Optic,No,No,No,No,No,Yes,No,Yes,Month-to-Month,No,Bank Withdrawal,85.55000305175781,851.75,0.0,0,60.099998474121094,911.8499755859375,Churned,Attitude,Attitude of support person,0.85,85.0,1,High,"Offer an incentive to move to a long-term contract | Offer a personalized pricing or loyalty discount | Offer priority/premium customer support. Key signals: month-to-month contract, high monthly charge, premium support not active.",High
43353-GUJ,Female,72,Yes,Gujarat,11,33,None,Yes,Yes,Yes,Fiber Optic,No,No,Yes,No,No,Yes,No,Yes,Month-to-Month,Yes,Bank Withdrawal,88.8499984741211,372.45001220703125,0.0,0,51.439998626708984,423.8900146484375,Churned,Other,Don't know,0.97,97.0,1,High,"Offer an incentive to move to a long-term contract | Offer a personalized pricing or loyalty discount | Offer priority/premium customer support. Key signals: month-to-month contract, high monthly charge, premium support not active.",High
43397-UTT,Female,41,No,Uttar Pradesh,6,33,None,Yes,Yes,Yes,Fiber Optic,No,No,No,No,No,No,No,Yes,Month-to-Month,Yes,Credit Card,74.4000015258789,896.75,0.0,0,37.959999084472656,934.7100219726562,Churned,Competitor,Competitor made better offer,0.63,63.0,1,Medium,"Offer an incentive to move to a long-term contract | Offer priority/premium customer support | Offer a service review or upgrade consultation. Key signals: month-to-month contract, premium support not active, fiber service customer.",Medium
46886-UTT,Female,65,No,Uttar Pradesh,0,22,None,Yes,No,Yes,Fiber Optic,No,No,No,No,No,No,No,Yes,Month-to-Month,Yes,Bank Withdrawal,70.6500015258789,142.35000610351562,0.0,0,25.040000915527344,167.38999938964844,Churned,Competitor,Competitor had better devices,0.99,99.0,1,High,"Offer an incentive to move to a long-term contract | Offer priority/premium customer support | Offer a service review or upgrade consultation. Key signals: month-to-month contract, premium support not active, fiber service customer.",High
46986-DEL,Female,52,Yes,Delhi,4,17,Deal 5,Yes,Yes,Yes,Fiber Optic,No,Yes,No,Yes,No,Yes,Yes,Yes,Month-to-Month,Yes,Bank Withdrawal,93.5,362.20001220703125,0.0,0,29.559999465942383,391.760009765625,Churned,Competitor,Competitor made better offer,0.79,79.0,1,High,"Offer an incentive to move to a long-term contract | Offer a personalized pricing or loyalty discount | Offer a service review or upgrade consultation. Key signals: month-to-month contract, high monthly charge, fiber service customer.",High
47045-TAM,Male,74,No,Tamil Nadu,13,20,None,Yes,No,Yes,Fiber Optic,No,Yes,No,No,No,No,No,Yes,Month-to-Month,Yes,Bank Withdrawal,73.0,73.0,0.0,0,20.549999237060547,93.55000305175781,Churned,Competitor,Competitor offered more data,0.98,98.0,1,High,"Offer an incentive to move to a long-term contract | Offer priority/premium customer support | Offer a service review or upgrade consultation. Key signals: month-to-month contract, premium support not active, fiber service customer.",High
47094-MAD,Male,27,No,Madhya Pradesh,11,6,Deal 5,Yes,Yes,Yes,Fiber Optic,No,No,No,No,No,No,No,Yes,Month-to-Month,Yes,Bank Withdrawal,76.5,162.4499969482422,0.0,0,34.439998626708984,196.88999938964844,Churned,Other,Don't know,0.98,98.0,1,High,"Offer an incentive to move to a long-term contract | Offer an early-tenure loyalty benefit | Offer priority/premium customer support. Key signals: month-to-month contract, short customer tenure, premium support not active.",High
47437-AND,Female,81,No,Andhra Pradesh,10,27,None,Yes,No,Yes,Fiber Optic,No,No,No,No,No,No,No,Yes,Month-to-Month,Yes,Bank Withdrawal,69.69999694824219,560.8499755859375,0.0,0,119.12000274658203,679.969970703125,Churned,Dissatisfaction,Product dissatisfaction,0.55,55.0,1,Medium,"Offer an incentive to move to a long-term contract | Offer priority/premium customer support | Offer a service review or upgrade consultation. Key signals: month-to-month contract, premium support not active, fiber service customer.",Medium
47441-TEL,Female,70,Yes,Telangana,8,4,None,Yes,No,Yes,Fiber Optic,No,No,Yes,No,Yes,No,No,Yes,Month-to-Month,No,Bank Withdrawal,86.55000305175781,1857.25,0.0,0,468.29998779296875,2325.550048828125,Stayed,Others,Others,0.65,65.0,1,Medium,"Offer an incentive to move to a long-term contract | Offer a personalized pricing or loyalty discount | Offer an early-tenure loyalty benefit. Key signals: month-to-month contract, high monthly charge, short customer tenure.",Medium
47504-HAR,Male,27,No,Haryana,14,33,Deal 3,Yes,Yes,Yes,Fiber Optic,No,No,Yes,Yes,Yes,Yes,Yes,Yes,Month-to-Month,Yes,Bank Withdrawal,104.80000305175781,3046.050048828125,0.0,0,136.9199981689453,3182.969970703125,Churned,Other,Moved,0.53,53.0,1,Medium,"Offer an incentive to move to a long-term contract | Offer a personalized pricing or loyalty discount | Offer a service review or upgrade consultation. Key signals: month-to-month contract, high monthly charge, fiber service customer.",Medium
47518-RAJ,Female,35,Yes,Rajasthan,12,29,Deal 5,Yes,No,No,None,No,No,No,No,No,No,No,No,Month-to-Month,Yes,Bank Withdrawal,21.0,21.0,0.0,0,16.65999984741211,37.65999984741211,Churned,Attitude,Attitude of support person,0.94,94.0,1,High,"Offer an incentive to move to a long-term contract | Offer priority/premium customer support. Key signals: month-to-month contract, premium support not active.",High
51798-PUN,Male,63,Yes,Punjab,2,18,None,Yes,No,Yes,Fiber Optic,No,No,No,No,Yes,Yes,Yes,Yes,Month-to-Month,Yes,Bank Withdrawal,89.75,1938.9000244140625,0.0,0,492.3599853515625,2431.260009765625,Stayed,Others,Others,0.66,66.0,1,Medium,"Offer an incentive to move to a long-term contract | Offer a personalized pricing or loyalty discount | Offer priority/premium customer support. Key signals: month-to-month contract, high monthly charge, premium support not active.",Medium
51921-UTT,Male,37,No,Uttar Pradesh,1,10,None,Yes,No,Yes,DSL,No,No,No,No,Yes,No,No,Yes,Month-to-Month,Yes,Bank Withdrawal,56.400001525878906,234.85000610351562,0.0,0,83.04000091552734,317.8900146484375,Stayed,Others,Others,0.59,59.0,1,Medium,"Offer an incentive to move to a long-term contract | Offer an early-tenure loyalty benefit | Offer priority/premium customer support. Key signals: month-to-month contract, short customer tenure, premium support not active.",Medium
52031-TAM,Female,69,No,Tamil Nadu,12,14,None,Yes,No,Yes,Cable,Yes,No,No,Yes,Yes,Yes,Yes,Yes,Month-to-Month,Yes,Bank Withdrawal,98.9000015258789,1120.949951171875,0.0,0,419.0400085449219,1539.989990234375,Churned,Price,Price too high,0.55,55.0,1,Medium,"Offer an incentive to move to a long-term contract | Offer a personalized pricing or loyalty discount | Evaluate eligibility for a value plan. Key signals: month-to-month contract, high monthly charge, no value deal assigned.",Medium
55971-UTT,Female,58,Yes,Uttar Pradesh,10,17,Deal 5,No,No,Yes,Cable,No,No,No,No,No,Yes,Yes,Yes,Month-to-Month,Yes,Bank Withdrawal,35.150001525878906,99.75,0.0,0,0.0,99.75,Churned,Attitude,Attitude of support person,0.87,87.0,1,High,"Offer an incentive to move to a long-term contract | Offer priority/premium customer support. Key signals: month-to-month contract, premium support not active.",High
55995-UTT,Female,30,No,Uttarakhand,3,20,None,Yes,Yes,Yes,Fiber Optic,No,No,Yes,No,Yes,Yes,Yes,Yes,Month-to-Month,Yes,Bank Withdrawal,101.44999694824219,101.44999694824219,0.0,0,10.380000114440918,111.83000183105469,Churned,Price,Extra data charges,0.98,98.0,1,High,"Offer an incentive to move to a long-term contract | Offer a personalized pricing or loyalty discount | Offer priority/premium customer support. Key signals: month-to-month contract, high monthly charge, premium support not active.",High
56022-RAJ,Female,34,No,Rajasthan,7,17,None,Yes,No,No,None,No,No,No,No,No,No,No,No,Month-to-Month,Yes,Bank Withdrawal,19.600000381469727,35.849998474121094,0.0,0,59.619998931884766,95.47000122070312,Churned,Attitude,Attitude of support person,0.82,82.0,1,High,"Offer an incentive to move to a long-term contract | Offer priority/premium customer support | Evaluate eligibility for a value plan. Key signals: month-to-month contract, premium support not active, no value deal assigned.",High
56148-HAR,Male,77,No,Haryana,1,26,None,Yes,Yes,Yes,Fiber Optic,No,Yes,No,No,No,No,No,Yes,Month-to-Month,Yes,Bank Withdrawal,81.44999694824219,2122.050048828125,0.0,0,1158.5699462890625,3280.6201171875,Churned,Competitor,Competitor offered more data,0.7,70.0,1,High,"Offer an incentive to move to a long-term contract | Offer a personalized pricing or loyalty discount | Offer priority/premium customer support. Key signals: month-to-month contract, high monthly charge, premium support not active.",High
56232-UTT,Female,79,Yes,Uttar Pradesh,3,35,None,Yes,Yes,Yes,Fiber Optic,No,No,No,No,Yes,Yes,No,Yes,Month-to-Month,Yes,Bank Withdrawal,95.4000015258789,2025.0999755859375,0.0,0,785.4000244140625,2810.5,Stayed,Others,Others,0.78,78.0,1,High,"Offer an incentive to move to a long-term contract | Offer a personalized pricing or loyalty discount | Offer priority/premium customer support. Key signals: month-to-month contract, high monthly charge, premium support not active.",High
56313-JHA,Male,73,No,Jharkhand,9,9,Deal 3,Yes,Yes,Yes,Fiber Optic,Yes,No,No,No,Yes,No,No,Yes,Month-to-Month,Yes,Bank Withdrawal,90.8499984741211,3186.699951171875,0.0,0,839.8800048828125,4026.580078125,Churned,Competitor,Competitor made better offer,0.66,66.0,1,Medium,"Offer an incentive to move to a long-term contract | Offer a personalized pricing or loyalty discount | Offer an early-tenure loyalty benefit. Key signals: month-to-month contract, high monthly charge, short customer tenure.",Medium
56425-HAR,Male,46,No,Haryana,3,17,Deal 4,Yes,No,Yes,Fiber Optic,No,Yes,No,No,No,Yes,Yes,Yes,Month-to-Month,Yes,Credit Card,85.05000305175781,999.7999877929688,0.0,0,535.2000122070312,1535.0,Stayed,Others,Others,0.6,60.0,1,Medium,"Offer an incentive to move to a long-term contract | Offer a personalized pricing or loyalty discount | Offer priority/premium customer support. Key signals: month-to-month contract, high monthly charge, premium support not active.",Medium
61409-KAR,Male,53,Yes,Karnataka,0,34,Deal 5,Yes,Yes,Yes,DSL,No,No,No,No,No,No,No,Yes,Month-to-Month,Yes,Bank Withdrawal,50.900001525878906,225.60000610351562,0.0,0,34.31999969482422,259.9200134277344,Churned,Dissatisfaction,Network reliability,0.59,59.0,1,Medium,"Offer an incentive to move to a long-term contract | Offer priority/premium customer support. Key signals: month-to-month contract, premium support not active.",Medium
61477-PUN,Male,24,Yes,Punjab,2,3,Deal 5,Yes,No,Yes,Fiber Optic,No,No,No,Yes,Yes,No,No,Yes,Month-to-Month,Yes,Bank Withdrawal,84.80000305175781,84.80000305175781,0.0,0,37.83000183105469,122.62999725341797,Churned,Dissatisfaction,Network reliability,0.95,95.0,1,High,"Offer an incentive to move to a long-term contract | Offer a personalized pricing or loyalty discount | Offer an early-tenure loyalty benefit. Key signals: month-to-month contract, high monthly charge, short customer tenure.",High
61598-ASS,Female,39,No,Assam,10,14,None,Yes,No,Yes,Fiber Optic,No,Yes,Yes,No,Yes,Yes,Yes,Yes,Month-to-Month,Yes,Bank Withdrawal,101.25,1457.25,0.0,0,252.3000030517578,1709.550048828125,Churned,Dissatisfaction,Lack of self-service on Website,0.7,70.0,1,High,"Offer an incentive to move to a long-term contract | Offer a personalized pricing or loyalty discount | Offer priority/premium customer support. Key signals: month-to-month contract, high monthly charge, premium support not active.",High
64957-KAR,Female,51,No,Karnataka,11,4,None,Yes,Yes,Yes,Fiber Optic,No,No,No,No,No,Yes,Yes,Yes,Month-to-Month,Yes,Bank Withdrawal,84.9000015258789,2516.199951171875,47.040000915527344,0,275.2099914550781,2744.3701171875,Stayed,Others,Others,0.65,65.0,1,Medium,"Offer an incentive to move to a long-term contract | Offer a personalized pricing or loyalty discount | Offer an early-tenure loyalty benefit. Key signals: month-to-month contract, high monthly charge, short customer tenure.",Medium
65153-HAR,Female,54,No,Haryana,9,4,Deal 5,Yes,Yes,Yes,Fiber Optic,No,No,No,No,No,No,No,Yes,Month-to-Month,Yes,Bank Withdrawal,76.8499984741211,663.5499877929688,0.0,0,381.69000244140625,1045.239990234375,Stayed,Others,Others,0.6,60.0,1,Medium,"Offer an incentive to move to a long-term contract | Offer an early-tenure loyalty benefit | Offer priority/premium customer support. Key signals: month-to-month contract, short customer tenure, premium support not active.",Medium
65254-JAM,Female,51,No,Jammu & Kashmir,6,36,None,Yes,No,Yes,Fiber Optic,No,No,No,No,Yes,Yes,Yes,Yes,Month-to-Month,No,Bank Withdrawal,88.3499984741211,1222.800048828125,0.0,0,231.7899932861328,1454.5899658203125,Churned,Competitor,Competitor made better offer,0.71,71.0,1,High,"Offer an incentive to move to a long-term contract | Offer a personalized pricing or loyalty discount | Offer priority/premium customer support. Key signals: month-to-month contract, high monthly charge, premium support not active.",High
68955-HAR,Male,34,No,Haryana,11,34,None,Yes,No,Yes,DSL,No,No,Yes,Yes,Yes,Yes,Yes,Yes,Month-to-Month,Yes,Bank Withdrawal,74.4000015258789,299.70001220703125,0.0,0,115.55999755859375,415.260009765625,Churned,Attitude,Attitude of support person,0.66,66.0,1,Medium,"Offer an incentive to move to a long-term contract | Evaluate eligibility for a value plan. Key signals: month-to-month contract, no value deal assigned.",Medium
68969-WES,Female,61,No,West Bengal,6,34,None,Yes,Yes,Yes,Fiber Optic,No,No,No,No,No,No,No,Yes,Month-to-Month,Yes,Bank Withdrawal,76.05000305175781,318.8999938964844,0.0,0,169.75999450683594,488.6600036621094,Churned,Price,Long distance charges,0.8,80.0,1,High,"Offer an incentive to move to a long-term contract | Offer priority/premium customer support | Offer a service review or upgrade consultation. Key signals: month-to-month contract, premium support not active, fiber service customer.",High
68979-MAD,Female,72,Yes,Madhya Pradesh,12,35,None,Yes,Yes,Yes,Fiber Optic,No,No,No,No,No,No,No,Yes,Month-to-Month,Yes,Credit Card,74.19999694824219,1133.9000244140625,43.310001373291016,0,352.95001220703125,1443.5400390625,Churned,Competitor,Competitor had better devices,0.69,69.0,1,Medium,"Offer an incentive to move to a long-term contract | Offer priority/premium customer support | Offer a service review or upgrade consultation. Key signals: month-to-month contract, premium support not active, fiber service customer.",Medium
69071-ODI,Female,36,No,Odisha,1,21,None,Yes,Yes,Yes,Fiber Optic,No,No,Yes,No,Yes,No,No,Yes,Month-to-Month,Yes,Bank Withdrawal,92.5,452.70001220703125,0.0,0,16.25,468.95001220703125,Churned,Competitor,Competitor offered more data,0.84,84.0,1,High,"Offer an incentive to move to a long-term contract | Offer a personalized pricing or loyalty discount | Offer priority/premium customer support. Key signals: month-to-month contract, high monthly charge, premium support not active.",High
69203-PUN,Female,68,No,Punjab,12,9,Deal 3,Yes,Yes,Yes,Fiber Optic,No,No,No,No,No,Yes,Yes,Yes,Month-to-Month,Yes,Bank Withdrawal,84.80000305175781,2043.449951171875,0.0,0,207.75,2251.199951171875,Churned,Price,Extra data charges,0.75,75.0,1,High,"Offer an incentive to move to a long-term contract | Offer a personalized pricing or loyalty discount | Offer an early-tenure loyalty benefit. Key signals: month-to-month contract, high monthly charge, short customer tenure.",High
69210-BIH,Female,46,Yes,Bihar,8,1,None,Yes,No,No,None,No,No,No,No,No,No,No,No,Month-to-Month,Yes,Bank Withdrawal,20.200000762939453,20.200000762939453,0.0,0,43.52000045776367,63.720001220703125,Churned,Price,Price too high,0.87,87.0,1,High,"Offer an incentive to move to a long-term contract | Offer an early-tenure loyalty benefit | Offer priority/premium customer support. Key signals: month-to-month contract, short customer tenure, premium support not active.",High
69374-KAR,Female,18,No,Karnataka,7,10,Deal 5,Yes,No,Yes,Fiber Optic,No,No,No,No,No,Yes,Yes,No,Month-to-Month,No,Bank Withdrawal,80.8499984741211,302.75,0.0,40,177.1199951171875,519.8699951171875,Churned,Competitor,Competitor had better devices,0.69,69.0,1,Medium,"Offer an incentive to move to a long-term contract | Offer a personalized pricing or loyalty discount | Offer an early-tenure loyalty benefit. Key signals: month-to-month contract, high monthly charge, short customer tenure.",Medium
73264-BIH,Female,49,Yes,Bihar,2,28,None,Yes,Yes,Yes,Fiber Optic,No,No,No,No,No,No,No,Yes,Month-to-Month,Yes,Bank Withdrawal,76.5,837.9500122070312,0.0,0,171.60000610351562,1009.5499877929688,Churned,Dissatisfaction,Network reliability,0.5,50.0,1,Medium,"Offer an incentive to move to a long-term contract | Offer priority/premium customer support | Offer a service review or upgrade consultation. Key signals: month-to-month contract, premium support not active, fiber service customer.",Medium
73366-ASS,Female,65,Yes,Assam,15,2,Deal 5,Yes,Yes,Yes,Fiber Optic,No,No,No,No,No,No,No,Yes,Month-to-Month,Yes,Bank Withdrawal,74.5999984741211,74.5999984741211,0.0,0,44.72999954223633,119.33000183105469,Churned,Competitor,Competitor made better offer,1.0,100.0,1,High,"Offer an incentive to move to a long-term contract | Offer an early-tenure loyalty benefit | Offer priority/premium customer support. Key signals: month-to-month contract, short customer tenure, premium support not active.",High
73366-UTT,Male,21,Yes,Uttar Pradesh,13,6,Deal 5,Yes,No,Yes,Cable,No,Yes,No,No,No,No,No,Yes,Month-to-Month,Yes,Credit Card,49.599998474121094,114.69999694824219,0.0,0,42.560001373291016,157.25999450683594,Churned,Dissatisfaction,Network reliability,0.82,82.0,1,High,"Offer an incentive to move to a long-term contract | Offer an early-tenure loyalty benefit | Offer priority/premium customer support. Key signals: month-to-month contract, short customer tenure, premium support not active.",High
73444-KER,Female,48,No,Kerala,3,21,None,Yes,No,Yes,Fiber Optic,No,No,No,No,Yes,Yes,Yes,Yes,Month-to-Month,Yes,Bank Withdrawal,89.0999984741211,89.0999984741211,0.0,0,16.059999465942383,105.16000366210938,Churned,Other,Moved,1.0,100.0,1,High,"Offer an incentive to move to a long-term contract | Offer a personalized pricing or loyalty discount | Offer priority/premium customer support. Key signals: month-to-month contract, high monthly charge, premium support not active.",High
73468-JHA,Female,21,Yes,Jharkhand,4,12,Deal 5,Yes,Yes,Yes,Fiber Optic,No,No,No,No,No,No,Yes,Yes,Month-to-Month,Yes,Bank Withdrawal,72.19999694824219,305.54998779296875,0.0,0,119.91999816894531,425.4700012207031,Churned,Dissatisfaction,Service dissatisfaction,0.75,75.0,1,High,"Offer an incentive to move to a long-term contract | Offer priority/premium customer support | Offer a service review or upgrade consultation. Key signals: month-to-month contract, premium support not active, fiber service customer.",High
73510-DEL,Female,47,Yes,Delhi,2,14,None,Yes,Yes,Yes,Fiber Optic,No,Yes,No,No,No,No,No,Yes,Month-to-Month,Yes,Bank Withdrawal,82.0,184.64999389648438,0.0,0,82.36000061035156,267.010009765625,Churned,Competitor,Competitor made better offer,0.98,98.0,1,High,"Offer an incentive to move to a long-term contract | Offer a personalized pricing or loyalty discount | Offer priority/premium customer support. Key signals: month-to-month contract, high monthly charge, premium support not active.",High
73571-DEL,Male,77,No,Delhi,14,20,None,Yes,No,Yes,Cable,Yes,No,No,No,No,No,No,Yes,Month-to-Month,Yes,Bank Withdrawal,75.19999694824219,1929.3499755859375,0.0,0,189.5399932861328,2118.889892578125,Churned,Attitude,Attitude of support person,0.53,53.0,1,Medium,"Offer an incentive to move to a long-term contract | Offer priority/premium customer support | Evaluate eligibility for a value plan. Key signals: month-to-month contract, premium support not active, no value deal assigned.",Medium
77491-JAM,Female,27,Yes,Jammu & Kashmir,7,13,None,Yes,No,Yes,Cable,No,No,No,No,No,No,Yes,Yes,Month-to-Month,Yes,Mailed Check,45.29999923706055,45.29999923706055,0.0,0,39.939998626708984,85.23999786376953,Churned,Competitor,Competitor made better offer,0.99,99.0,1,High,"Offer an incentive to move to a long-term contract | Offer priority/premium customer support | Evaluate eligibility for a value plan. Key signals: month-to-month contract, premium support not active, no value deal assigned.",High
77633-JAM,Female,67,No,Jammu & Kashmir,9,7,None,Yes,Yes,Yes,Fiber Optic,No,Yes,No,Yes,Yes,No,No,Yes,Month-to-Month,Yes,Credit Card,94.0999984741211,2804.449951171875,0.0,0,210.3000030517578,3014.75,Churned,Competitor,Competitor made better offer,0.56,56.0,1,Medium,"Offer an incentive to move to a long-term contract | Offer a personalized pricing or loyalty discount | Offer an early-tenure loyalty benefit. Key signals: month-to-month contract, high monthly charge, short customer tenure.",Medium
77703-AND,Male,41,Yes,Andhra Pradesh,15,29,Deal 5,Yes,No,Yes,Fiber Optic,No,No,No,Yes,Yes,No,No,Yes,Month-to-Month,Yes,Bank Withdrawal,85.75,470.95001220703125,44.15999984741211,0,5.599999904632568,432.3900146484375,Churned,Attitude,Attitude of support person,0.66,66.0,1,Medium,"Offer an incentive to move to a long-term contract | Offer a personalized pricing or loyalty discount | Offer a service review or upgrade consultation. Key signals: month-to-month contract, high monthly charge, fiber service customer.",Medium
77827-MAD,Female,72,Yes,Madhya Pradesh,13,9,None,Yes,Yes,Yes,Fiber Optic,Yes,No,No,No,Yes,Yes,No,Yes,Month-to-Month,No,Bank Withdrawal,101.8499984741211,4086.300048828125,0.0,0,114.0,4200.2998046875,Churned,Other,Don't know,0.56,56.0,1,Medium,"Offer an incentive to move to a long-term contract | Offer a personalized pricing or loyalty discount | Offer an early-tenure loyalty benefit. Key signals: month-to-month contract, high monthly charge, short customer tenure.",Medium
82837-UTT,Female,47,No,Uttar Pradesh,11,7,None,Yes,Yes,Yes,Fiber Optic,Yes,No,No,No,Yes,Yes,Yes,Yes,Month-to-Month,Yes,Bank Withdrawal,100.75,2095.0,0.0,0,790.4600219726562,2885.4599609375,Churned,Other,Don't know,0.63,63.0,1,Medium,"Offer an incentive to move to a long-term contract | Offer a personalized pricing or loyalty discount | Offer an early-tenure loyalty benefit. Key signals: month-to-month contract, high monthly charge, short customer tenure.",Medium
82895-UTT,Female,26,No,Uttar Pradesh,8,23,Deal 5,Yes,No,Yes,Fiber Optic,No,No,No,No,No,No,No,Yes,Month-to-Month,Yes,Credit Card,69.94999694824219,69.94999694824219,0.0,0,13.039999961853027,82.98999786376953,Churned,Competitor,Competitor made better offer,0.98,98.0,1,High,"Offer an incentive to move to a long-term contract | Offer priority/premium customer support | Offer a service review or upgrade consultation. Key signals: month-to-month contract, premium support not active, fiber service customer.",High
82990-RAJ,Female,77,Yes,Rajasthan,13,30,None,Yes,Yes,Yes,Fiber Optic,No,Yes,Yes,No,No,Yes,No,Yes,Month-to-Month,Yes,Bank Withdrawal,95.25,5427.0498046875,12.59000015258789,0,2844.8701171875,8259.330078125,Churned,Attitude,Attitude of support person,0.65,65.0,1,Medium,"Offer an incentive to move to a long-term contract | Offer a personalized pricing or loyalty discount | Offer priority/premium customer support. Key signals: month-to-month contract, high monthly charge, premium support not active.",Medium
86389-JAM,Female,74,No,Jammu & Kashmir,7,9,None,Yes,Yes,Yes,Fiber Optic,No,No,Yes,No,Yes,Yes,No,No,Month-to-Month,Yes,Bank Withdrawal,98.55000305175781,1842.800048828125,0.0,120,888.7999877929688,2851.60009765625,Churned,Competitor,Competitor made better offer,0.85,85.0,1,High,"Offer an incentive to move to a long-term contract | Offer a personalized pricing or loyalty discount | Offer an early-tenure loyalty benefit. Key signals: month-to-month contract, high monthly charge, short customer tenure.",High
86433-TAM,Male,62,Yes,Tamil Nadu,8,1,Deal 4,Yes,Yes,Yes,Fiber Optic,No,No,No,No,No,Yes,Yes,Yes,Month-to-Month,Yes,Credit Card,85.80000305175781,1727.5,0.0,0,585.7999877929688,2313.300048828125,Churned,Price,Price too high,0.52,52.0,1,Medium,"Offer an incentive to move to a long-term contract | Offer a personalized pricing or loyalty discount | Offer an early-tenure loyalty benefit. Key signals: month-to-month contract, high monthly charge, short customer tenure.",Medium
86508-UTT,Male,50,No,Uttar Pradesh,8,7,None,Yes,Yes,Yes,Fiber Optic,No,No,No,No,Yes,Yes,Yes,Yes,Month-to-Month,Yes,Bank Withdrawal,93.3499984741211,1444.6500244140625,0.0,0,733.9500122070312,2178.60009765625,Churned,Competitor,Competitor had better devices,0.6,60.0,1,Medium,"Offer an incentive to move to a long-term contract | Offer a personalized pricing or loyalty discount | Offer an early-tenure loyalty benefit. Key signals: month-to-month contract, high monthly charge, short customer tenure.",Medium
86512-HAR,Male,44,No,Haryana,8,19,Deal 4,Yes,Yes,Yes,Fiber Optic,No,No,Yes,No,Yes,Yes,Yes,Yes,Month-to-Month,Yes,Bank Withdrawal,99.5,1056.949951171875,0.0,0,341.8800048828125,1398.8299560546875,Churned,Dissatisfaction,Network reliability,0.8,80.0,1,High,"Offer an incentive to move to a long-term contract | Offer a personalized pricing or loyalty discount | Offer priority/premium customer support. Key signals: month-to-month contract, high monthly charge, premium support not active.",High
86690-KAR,Female,62,No,Karnataka,8,28,Deal 5,Yes,Yes,Yes,Fiber Optic,No,No,Yes,No,Yes,No,No,Yes,Month-to-Month,No,Bank Withdrawal,91.05000305175781,289.1000061035156,0.0,0,78.95999908447266,368.05999755859375,Churned,Competitor,Competitor made better offer,0.95,95.0,1,High,"Offer an incentive to move to a long-term contract | Offer a personalized pricing or loyalty discount | Offer priority/premium customer support. Key signals: month-to-month contract, high monthly charge, premium support not active.",High
86709-TEL,Male,36,No,Telangana,6,19,Deal 5,Yes,Yes,Yes,Fiber Optic,No,No,No,No,No,No,No,Yes,Month-to-Month,Yes,Credit Card,74.75,229.5,0.0,0,105.54000091552734,335.0400085449219,Churned,Competitor,Competitor had better devices,0.88,88.0,1,High,"Offer an incentive to move to a long-term contract | Offer priority/premium customer support | Offer a service review or upgrade consultation. Key signals: month-to-month contract, premium support not active, fiber service customer.",High
86710-MAH,Female,72,No,Maharashtra,9,14,None,Yes,Yes,Yes,Fiber Optic,No,Yes,No,No,Yes,Yes,No,No,Month-to-Month,Yes,Bank Withdrawal,99.69999694824219,2967.35009765625,0.0,80,1308.300048828125,4355.64990234375,Churned,Dissatisfaction,Product dissatisfaction,0.8,80.0,1,High,"Offer an incentive to move to a long-term contract | Offer a personalized pricing or loyalty discount | Offer priority/premium customer support. Key signals: month-to-month contract, high monthly charge, premium support not active.",High
86778-ASS,Female,74,Yes,Assam,8,8,None,Yes,No,Yes,Fiber Optic,No,No,Yes,No,No,No,No,Yes,Month-to-Month,Yes,Credit Card,75.55000305175781,349.6499938964844,0.0,0,211.64999389648438,561.2999877929688,Churned,Competitor,Competitor had better devices,0.75,75.0,1,High,"Offer an incentive to move to a long-term contract | Offer an early-tenure loyalty benefit | Offer priority/premium customer support. Key signals: month-to-month contract, short customer tenure, premium support not active.",High
86783-TEL,Female,69,Yes,Telangana,0,24,Deal 5,Yes,Yes,Yes,Fiber Optic,No,No,No,No,No,No,No,Yes,Month-to-Month,Yes,Bank Withdrawal,74.8499984741211,572.4500122070312,0.0,0,92.63999938964844,665.0900268554688,Stayed,Others,Others,0.8,80.0,1,High,"Offer an incentive to move to a long-term contract | Offer priority/premium customer support | Offer a service review or upgrade consultation. Key signals: month-to-month contract, premium support not active, fiber service customer.",High
91617-AND,Female,76,No,Andhra Pradesh,6,24,None,No,No,Yes,DSL,No,No,No,No,Yes,Yes,Yes,Yes,Month-to-Month,Yes,Bank Withdrawal,44.400001525878906,263.04998779296875,0.0,0,0.0,263.04998779296875,Stayed,Others,Others,0.76,76.0,1,High,"Offer an incentive to move to a long-term contract | Offer priority/premium customer support | Evaluate eligibility for a value plan. Key signals: month-to-month contract, premium support not active, no value deal assigned.",High
91670-UTT,Female,75,Yes,Uttar Pradesh,10,32,None,Yes,Yes,Yes,Fiber Optic,No,No,No,No,No,No,No,Yes,Month-to-Month,Yes,Bank Withdrawal,75.75,606.25,0.0,0,110.4000015258789,716.6500244140625,Churned,Competitor,Competitor offered more data,0.77,77.0,1,High,"Offer an incentive to move to a long-term contract | Offer priority/premium customer support | Offer a service review or upgrade consultation. Key signals: month-to-month contract, premium support not active, fiber service customer.",High
91745-PUN,Female,64,No,Punjab,12,12,None,Yes,No,Yes,Fiber Optic,No,No,Yes,No,Yes,Yes,Yes,Yes,Month-to-Month,No,Bank Withdrawal,94.94999694824219,178.10000610351562,0.0,0,52.099998474121094,230.1999969482422,Churned,Competitor,Competitor had better devices,0.93,93.0,1,High,"Offer an incentive to move to a long-term contract | Offer a personalized pricing or loyalty discount | Offer priority/premium customer support. Key signals: month-to-month contract, high monthly charge, premium support not active.",High
91754-WES,Male,58,Yes,West Bengal,14,13,None,No,No,Yes,DSL,No,No,No,No,No,Yes,Yes,Yes,Month-to-Month,Yes,Bank Withdrawal,35.25,35.25,0.0,0,0.0,35.25,Churned,Price,Lack of affordable download/upload speed,0.99,99.0,1,High,"Offer an incentive to move to a long-term contract | Offer priority/premium customer support | Evaluate eligibility for a value plan. Key signals: month-to-month contract, premium support not active, no value deal assigned.",High
95984-MAH,Male,55,No,Maharashtra,15,25,Deal 4,Yes,Yes,Yes,Fiber Optic,No,No,No,No,Yes,Yes,Yes,Yes,Month-to-Month,No,Bank Withdrawal,95.19999694824219,930.4000244140625,0.0,0,356.29998779296875,1286.699951171875,Churned,Competitor,Competitor offered more data,0.6,60.0,1,Medium,"Offer an incentive to move to a long-term contract | Offer a personalized pricing or loyalty discount | Offer priority/premium customer support. Key signals: month-to-month contract, high monthly charge, premium support not active.",Medium
96068-UTT,Male,47,No,Uttarakhand,10,15,Deal 5,No,No,Yes,Cable,No,Yes,No,No,Yes,Yes,Yes,Yes,Month-to-Month,Yes,Credit Card,50.95000076293945,229.39999389648438,0.0,0,0.0,229.39999389648438,Stayed,Others,Others,0.65,65.0,1,Medium,"Offer an incentive to move to a long-term contract | Offer priority/premium customer support. Key signals: month-to-month contract, premium support not active.",Medium
96107-KAR,Female,44,Yes,Karnataka,8,32,None,Yes,Yes,Yes,Fiber Optic,No,No,No,No,Yes,Yes,Yes,Yes,Month-to-Month,Yes,Bank Withdrawal,95.25,3314.14990234375,0.0,0,59.20000076293945,3373.35009765625,Stayed,Others,Others,0.52,52.0,1,Medium,"Offer an incentive to move to a long-term contract | Offer a personalized pricing or loyalty discount | Offer priority/premium customer support. Key signals: month-to-month contract, high monthly charge, premium support not active.",Medium
96108-MAD,Female,57,Yes,Madhya Pradesh,1,28,None,Yes,No,Yes,Fiber Optic,No,No,No,No,Yes,No,No,Yes,Month-to-Month,Yes,Bank Withdrawal,80.3499984741211,307.3999938964844,0.0,0,129.72000122070312,437.1199951171875,Churned,Dissatisfaction,Product dissatisfaction,0.8,80.0,1,High,"Offer an incentive to move to a long-term contract | Offer a personalized pricing or loyalty discount | Offer priority/premium customer support. Key signals: month-to-month contract, high monthly charge, premium support not active.",High
96122-TAM,Female,23,No,Tamil Nadu,3,9,None,Yes,No,Yes,Fiber Optic,No,Yes,No,No,No,No,No,Yes,Month-to-Month,Yes,Bank Withdrawal,74.55000305175781,824.75,0.0,0,59.400001525878906,884.1500244140625,Churned,Price,Long distance charges,0.54,54.0,1,Medium,"Offer an incentive to move to a long-term contract | Offer an early-tenure loyalty benefit | Offer priority/premium customer support. Key signals: month-to-month contract, short customer tenure, premium support not active.",Medium
99322-HAR,Female,34,Yes,Haryana,11,10,None,Yes,Yes,Yes,Fiber Optic,No,Yes,Yes,No,Yes,Yes,Yes,Yes,Month-to-Month,Yes,Bank Withdrawal,103.69999694824219,5036.2998046875,0.0,0,2172.169921875,7208.47021484375,Churned,Competitor,Competitor had better devices,0.61,61.0,1,Medium,"Offer an incentive to move to a long-term contract | Offer a personalized pricing or loyalty discount | Offer an early-tenure loyalty benefit. Key signals: month-to-month contract, high monthly charge, short customer tenure.",Medium
99351-GUJ,Female,57,Yes,Gujarat,0,11,None,Yes,Yes,Yes,Fiber Optic,No,No,Yes,No,No,Yes,Yes,Yes,Month-to-Month,Yes,Bank Withdrawal,89.9000015258789,2806.89990234375,41.18000030517578,0,196.22999572753906,2961.949951171875,Churned,Dissatisfaction,Service dissatisfaction,0.6,60.0,1,Medium,"Offer an incentive to move to a long-term contract | Offer a personalized pricing or loyalty discount | Offer an early-tenure loyalty benefit. Key signals: month-to-month contract, high monthly charge, short customer tenure.",Medium
99387-DEL,Female,68,No,Delhi,4,19,None,Yes,Yes,Yes,Fiber Optic,No,No,No,Yes,No,No,No,Yes,Month-to-Month,Yes,Bank Withdrawal,79.30000305175781,2414.550048828125,0.0,0,305.95001220703125,2720.5,Stayed,Others,Others,0.69,69.0,1,Medium,"Offer an incentive to move to a long-term contract | Offer a service review or upgrade consultation | Evaluate eligibility for a value plan. Key signals: month-to-month contract, fiber service customer, no value deal assigned.",Medium
99555-KAR,Male,64,Yes,Karnataka,10,26,None,Yes,Yes,Yes,Fiber Optic,No,No,Yes,No,Yes,Yes,No,Yes,Month-to-Month,Yes,Bank Withdrawal,98.75,1587.550048828125,0.0,0,242.55999755859375,1830.1099853515625,Churned,Attitude,Attitude of support person,0.76,76.0,1,High,"Offer an incentive to move to a long-term contract | Offer a personalized pricing or loyalty discount | Offer priority/premium customer support. Key signals: month-to-month contract, high monthly charge, premium support not active.",High
99559-UTT,Male,57,Yes,Uttar Pradesh,8,15,None,Yes,No,No,None,No,No,No,No,No,No,No,No,Month-to-Month,No,Mailed Check,-8.0,19.399999618530273,0.0,0,3.140000104904175,22.540000915527344,Churned,Dissatisfaction,Service dissatisfaction,0.94,94.0,1,High,"Offer an incentive to move to a long-term contract | Offer priority/premium customer support | Evaluate eligibility for a value plan. Key signals: month-to-month contract, premium support not active, no value deal assigned.",High
99585-JAM,Male,70,Yes,Jammu & Kashmir,6,14,None,Yes,Yes,Yes,Fiber Optic,No,No,No,No,No,No,No,Yes,Month-to-Month,Yes,Credit Card,74.44999694824219,74.44999694824219,0.0,0,39.61000061035156,114.05999755859375,Churned,Competitor,Competitor made better offer,1.0,100.0,1,High,"Offer an incentive to move to a long-term contract | Offer priority/premium customer support | Offer a service review or upgrade consultation. Key signals: month-to-month contract, premium support not active, fiber service customer.",High
99629-UTT,Female,77,No,Uttar Pradesh,11,24,Deal 5,Yes,Yes,Yes,Fiber Optic,No,No,Yes,No,Yes,Yes,No,Yes,Month-to-Month,Yes,Bank Withdrawal,100.5999984741211,819.4000244140625,0.0,0,323.6000061035156,1143.0,Churned,Attitude,Attitude of support person,0.83,83.0,1,High,"Offer an incentive to move to a long-term contract | Offer a personalized pricing or loyalty discount | Offer priority/premium customer support. Key signals: month-to-month contract, high monthly charge, premium support not active.",High
99630-MAD,Male,54,No,Madhya Pradesh,10,35,Deal 5,Yes,No,No,None,No,No,No,No,No,No,No,No,Month-to-Month,No,Bank Withdrawal,19.299999237060547,19.299999237060547,0.0,0,25.6200008392334,44.91999816894531,Churned,Attitude,Attitude of support person,0.95,95.0,1,High,"Offer an incentive to move to a long-term contract | Offer priority/premium customer support. Key signals: month-to-month contract, premium support not active.",High
99831-JAM,Male,58,Yes,Jammu & Kashmir,3,36,Deal 5,Yes,No,Yes,Fiber Optic,No,No,No,No,No,No,No,Yes,Month-to-Month,Yes,Bank Withdrawal,69.0999984741211,69.0999984741211,0.0,0,38.65999984741211,107.76000213623047,Churned,Competitor,Competitor made better offer,0.97,97.0,1,High,"Offer an incentive to move to a long-term contract | Offer priority/premium customer support | Offer a service review or upgrade consultation. Key signals: month-to-month contract, premium support not active, fiber service customer.",High
11878-RAJ,Male,75,Yes,Rajasthan,15,17,None,Yes,No,Yes,Fiber Optic,No,No,No,No,No,No,No,Yes,Month-to-Month,Yes,Bank Withdrawal,71.80000305175781,1167.800048828125,0.0,0,734.4000244140625,1902.199951171875,Churned,Competitor,Competitor offered more data,0.6,60.0,1,Medium,"Offer an incentive to move to a long-term contract | Offer priority/premium customer support | Offer a service review or upgrade consultation. Key signals: month-to-month contract, premium support not active, fiber service customer.",Medium
11882-BIH,Female,74,No,Bihar,14,15,Deal 5,Yes,No,Yes,Fiber Optic,No,No,No,No,No,Yes,No,Yes,Month-to-Month,No,Bank Withdrawal,78.94999694824219,378.3999938964844,0.0,0,61.349998474121094,439.75,Churned,Attitude,Attitude of support person,0.88,88.0,1,High,"Offer an incentive to move to a long-term contract | Offer priority/premium customer support | Offer a service review or upgrade consultation. Key signals: month-to-month contract, premium support not active, fiber service customer.",High
11906-MAD,Female,53,No,Madhya Pradesh,2,29,None,Yes,No,Yes,Fiber Optic,No,No,No,No,No,Yes,Yes,No,Month-to-Month,Yes,Bank Withdrawal,79.30000305175781,523.1500244140625,0.0,10,134.47000122070312,667.6199951171875,Churned,Competitor,Competitor had better devices,0.6,60.0,1,Medium,"Offer an incentive to move to a long-term contract | Offer priority/premium customer support | Offer a service review or upgrade consultation. Key signals: month-to-month contract, premium support not active, fiber service customer.",Medium
11920-HAR,Female,61,Yes,Haryana,10,24,Deal 5,Yes,Yes,Yes,DSL,No,No,No,Yes,Yes,No,No,Yes,Month-to-Month,Yes,Bank Withdrawal,63.599998474121094,155.64999389648438,0.0,0,10.920000076293945,166.57000732421875,Churned,Competitor,Competitor offered higher download speeds,0.77,77.0,1,High,Offer an incentive to move to a long-term contract. Key signals: month-to-month contract.,High
11939-UTT,Male,65,Yes,Uttar Pradesh,5,5,None,Yes,No,Yes,Fiber Optic,No,No,No,No,Yes,No,No,Yes,Month-to-Month,Yes,Credit Card,80.44999694824219,583.4500122070312,0.0,0,215.9199981689453,799.3699951171875,Churned,Other,Don't know,0.69,69.0,1,Medium,"Offer an incentive to move to a long-term contract | Offer a personalized pricing or loyalty discount | Offer an early-tenure loyalty benefit. Key signals: month-to-month contract, high monthly charge, short customer tenure.",Medium
15788-DEL,Female,63,Yes,Delhi,8,5,Deal 5,Yes,No,Yes,Fiber Optic,No,No,No,No,No,No,No,Yes,Month-to-Month,Yes,Bank Withdrawal,69.5999984741211,69.5999984741211,0.0,0,45.79999923706055,115.4000015258789,Churned,Dissatisfaction,Poor expertise of online support,1.0,100.0,1,High,"Offer an incentive to move to a long-term contract | Offer an early-tenure loyalty benefit | Offer priority/premium customer support. Key signals: month-to-month contract, short customer tenure, premium support not active.",High
15827-GUJ,Female,31,Yes,Gujarat,9,31,None,Yes,No,Yes,DSL,No,Yes,No,No,No,No,No,Yes,Month-to-Month,No,Bank Withdrawal,50.54999923706055,50.54999923706055,0.0,0,30.959999084472656,81.51000213623047,Churned,Dissatisfaction,Product dissatisfaction,0.97,97.0,1,High,"Offer an incentive to move to a long-term contract | Offer priority/premium customer support | Evaluate eligibility for a value plan. Key signals: month-to-month contract, premium support not active, no value deal assigned.",High
17149-GUJ,Male,70,Yes,Gujarat,0,16,None,Yes,No,Yes,Fiber Optic,No,No,No,No,Yes,Yes,No,Yes,Month-to-Month,Yes,Bank Withdrawal,89.5,477.70001220703125,0.0,0,228.60000610351562,706.2999877929688,Churned,Attitude,Attitude of support person,0.87,87.0,1,High,"Offer an incentive to move to a long-term contract | Offer a personalized pricing or loyalty discount | Offer priority/premium customer support. Key signals: month-to-month contract, high monthly charge, premium support not active.",High
17357-UTT,Female,18,No,Uttar Pradesh,15,5,Deal 5,Yes,No,Yes,Fiber Optic,No,No,Yes,No,Yes,Yes,Yes,Yes,Month-to-Month,Yes,Bank Withdrawal,94.19999694824219,777.2999877929688,0.0,0,310.6400146484375,1087.93994140625,Churned,Competitor,Competitor had better devices,0.59,59.0,1,Medium,"Offer an incentive to move to a long-term contract | Offer a personalized pricing or loyalty discount | Offer an early-tenure loyalty benefit. Key signals: month-to-month contract, high monthly charge, short customer tenure.",Medium
23224-MAD,Female,80,No,Madhya Pradesh,2,21,None,No,No,Yes,DSL,No,Yes,No,Yes,Yes,No,No,No,Month-to-Month,Yes,Bank Withdrawal,43.849998474121094,2751.0,0.0,30,0.0,2781.0,Stayed,Others,Others,0.55,55.0,1,Medium,"Offer an incentive to move to a long-term contract | Evaluate eligibility for a value plan. Key signals: month-to-month contract, no value deal assigned.",Medium
23230-MAH,Male,21,Yes,Maharashtra,12,4,None,Yes,No,Yes,Cable,No,No,No,No,No,Yes,Yes,Yes,Month-to-Month,Yes,Bank Withdrawal,55.0,55.0,0.0,0,47.220001220703125,102.22000122070312,Churned,Competitor,Competitor had better devices,0.99,99.0,1,High,"Offer an incentive to move to a long-term contract | Offer an early-tenure loyalty benefit | Offer priority/premium customer support. Key signals: month-to-month contract, short customer tenure, premium support not active.",High
23313-TEL,Male,51,Yes,Telangana,3,9,Deal 5,No,No,Yes,Cable,Yes,No,No,No,No,No,No,No,Month-to-Month,Yes,Bank Withdrawal,30.450000762939453,226.4499969482422,0.0,0,0.0,226.4499969482422,Churned,Competitor,Competitor had better devices,0.54,54.0,1,Medium,"Offer an incentive to move to a long-term contract | Offer an early-tenure loyalty benefit | Offer priority/premium customer support. Key signals: month-to-month contract, short customer tenure, premium support not active.",Medium
23332-ODI,Female,36,No,Odisha,1,17,None,Yes,Yes,Yes,Fiber Optic,No,No,No,No,Yes,No,No,Yes,Month-to-Month,Yes,Bank Withdrawal,84.44999694824219,1059.550048828125,0.0,0,148.32000732421875,1207.8699951171875,Churned,Dissatisfaction,Limited range of services,0.52,52.0,1,Medium,"Offer an incentive to move to a long-term contract | Offer a personalized pricing or loyalty discount | Offer priority/premium customer support. Key signals: month-to-month contract, high monthly charge, premium support not active.",Medium
23361-UTT,Female,35,Yes,Uttar Pradesh,13,28,None,Yes,No,Yes,Fiber Optic,No,Yes,Yes,No,No,No,No,Yes,Month-to-Month,No,Bank Withdrawal,80.55000305175781,653.9000244140625,2.2799999713897705,0,293.1300048828125,944.75,Stayed,Others,Others,0.58,58.0,1,Medium,"Offer an incentive to move to a long-term contract | Offer a personalized pricing or loyalty discount | Offer priority/premium customer support. Key signals: month-to-month contract, high monthly charge, premium support not active.",Medium
23378-GUJ,Female,73,Yes,Gujarat,1,15,None,Yes,Yes,Yes,Fiber Optic,No,No,No,No,No,No,No,Yes,Month-to-Month,Yes,Bank Withdrawal,74.9000015258789,321.75,0.0,0,104.91999816894531,426.6700134277344,Churned,Price,Lack of affordable download/upload speed,0.85,85.0,1,High,"Offer an incentive to move to a long-term contract | Offer priority/premium customer support | Offer a service review or upgrade consultation. Key signals: month-to-month contract, premium support not active, fiber service customer.",High
23381-RAJ,Female,61,No,Rajasthan,12,36,Deal 5,Yes,Yes,Yes,Fiber Optic,No,No,Yes,No,No,No,No,Yes,Month-to-Month,Yes,Credit Card,79.55000305175781,79.55000305175781,0.0,0,5.099999904632568,84.6500015258789,Churned,Price,Price too high,0.97,97.0,1,High,"Offer an incentive to move to a long-term contract | Offer priority/premium customer support | Offer a service review or upgrade consultation. Key signals: month-to-month contract, premium support not active, fiber service customer.",High
23402-KAR,Female,49,Yes,Karnataka,12,27,None,No,No,Yes,Cable,No,No,No,Yes,No,No,No,Yes,Month-to-Month,No,Bank Withdrawal,30.5,118.4000015258789,0.0,0,0.0,118.4000015258789,Stayed,Others,Others,0.68,68.0,1,Medium,"Offer an incentive to move to a long-term contract | Evaluate eligibility for a value plan. Key signals: month-to-month contract, no value deal assigned.",Medium
23436-TEL,Male,69,Yes,Telangana,9,11,Deal 5,No,No,Yes,DSL,No,No,No,No,No,Yes,Yes,Yes,Month-to-Month,Yes,Bank Withdrawal,35.45000076293945,35.45000076293945,0.0,0,0.0,35.45000076293945,Churned,Dissatisfaction,Network reliability,1.0,100.0,1,High,"Offer an incentive to move to a long-term contract | Offer an early-tenure loyalty benefit | Offer priority/premium customer support. Key signals: month-to-month contract, short customer tenure, premium support not active.",High
27350-GUJ,Female,61,No,Gujarat,12,13,Deal 4,Yes,No,Yes,Fiber Optic,No,No,Yes,No,Yes,Yes,Yes,Yes,Month-to-Month,Yes,Credit Card,95.94999694824219,1745.5,6.71999979019165,0,532.7999877929688,2271.580078125,Stayed,Others,Others,0.58,58.0,1,Medium,"Offer an incentive to move to a long-term contract | Offer a personalized pricing or loyalty discount | Offer priority/premium customer support. Key signals: month-to-month contract, high monthly charge, premium support not active.",Medium
27402-AND,Male,25,No,Andhra Pradesh,14,35,Deal 5,Yes,No,Yes,Fiber Optic,No,No,No,No,No,No,Yes,Yes,Month-to-Month,Yes,Mailed Check,70.80000305175781,70.80000305175781,0.0,0,30.600000381469727,101.4000015258789,Churned,Competitor,Competitor made better offer,0.97,97.0,1,High,"Offer an incentive to move to a long-term contract | Offer priority/premium customer support | Offer a service review or upgrade consultation. Key signals: month-to-month contract, premium support not active, fiber service customer.",High
27501-TEL,Female,33,No,Telangana,5,26,None,Yes,No,No,None,No,No,No,No,No,No,No,No,Month-to-Month,No,Mailed Check,20.0,20.0,0.0,0,46.77000045776367,66.7699966430664,Churned,Attitude,Attitude of service provider,0.97,97.0,1,High,"Offer an incentive to move to a long-term contract | Offer priority/premium customer support | Evaluate eligibility for a value plan. Key signals: month-to-month contract, premium support not active, no value deal assigned.",High
27514-AND,Male,61,Yes,Andhra Pradesh,12,20,None,Yes,No,Yes,Fiber Optic,No,No,Yes,No,Yes,No,No,Yes,Month-to-Month,No,Bank Withdrawal,85.44999694824219,2289.89990234375,0.0,0,89.04000091552734,2378.93994140625,Stayed,Others,Others,0.55,55.0,1,Medium,"Offer an incentive to move to a long-term contract | Offer a personalized pricing or loyalty discount | Offer priority/premium customer support. Key signals: month-to-month contract, high monthly charge, premium support not active.",Medium
27555-GUJ,Female,57,No,Gujarat,7,35,Deal 5,Yes,Yes,Yes,Fiber Optic,No,Yes,Yes,Yes,Yes,Yes,Yes,Yes,Month-to-Month,Yes,Credit Card,109.9000015258789,669.4500122070312,0.0,0,122.16000366210938,791.6099853515625,Churned,Competitor,Competitor had better devices,0.63,63.0,1,Medium,"Offer an incentive to move to a long-term contract | Offer a personalized pricing or loyalty discount | Offer a service review or upgrade consultation. Key signals: month-to-month contract, high monthly charge, fiber service customer.",Medium
27634-JAM,Female,59,No,Jammu & Kashmir,6,20,None,Yes,No,Yes,Fiber Optic,No,No,No,No,Yes,No,No,Yes,Month-to-Month,Yes,Bank Withdrawal,79.6500015258789,79.6500015258789,0.0,0,22.479999542236328,102.12999725341797,Churned,Competitor,Competitor made better offer,1.0,100.0,1,High,"Offer an incentive to move to a long-term contract | Offer priority/premium customer support | Offer a service review or upgrade consultation. Key signals: month-to-month contract, premium support not active, fiber service customer.",High
27663-HAR,Female,20,Yes,Haryana,1,3,None,Yes,No,Yes,Fiber Optic,No,No,No,No,No,No,No,Yes,Month-to-Month,Yes,Bank Withdrawal,70.69999694824219,151.64999389648438,0.0,0,18.239999771118164,169.88999938964844,Churned,Other,Moved,0.94,94.0,1,High,"Offer an incentive to move to a long-term contract | Offer an early-tenure loyalty benefit | Offer priority/premium customer support. Key signals: month-to-month contract, short customer tenure, premium support not active.",High
27692-GUJ,Female,40,No,Gujarat,6,34,None,Yes,Yes,Yes,Fiber Optic,No,No,No,No,No,No,No,Yes,Month-to-Month,No,Credit Card,74.9000015258789,147.14999389648438,0.0,0,76.55999755859375,223.7100067138672,Churned,Price,Long distance charges,0.97,97.0,1,High,"Offer an incentive to move to a long-term contract | Offer priority/premium customer support | Offer a service review or upgrade consultation. Key signals: month-to-month contract, premium support not active, fiber service customer.",High
31816-RAJ,Female,58,Yes,Rajasthan,2,35,None,Yes,No,Yes,Cable,Yes,No,No,No,No,No,No,Yes,Month-to-Month,Yes,Bank Withdrawal,75.69999694824219,189.1999969482422,0.0,0,84.31999969482422,273.5199890136719,Churned,Other,Don't know,0.8,80.0,1,High,"Offer an incentive to move to a long-term contract | Offer priority/premium customer support | Evaluate eligibility for a value plan. Key signals: month-to-month contract, premium support not active, no value deal assigned.",High
31859-MAH,Male,46,No,Maharashtra,5,35,None,Yes,No,No,None,No,No,No,No,No,No,No,No,Month-to-Month,No,Credit Card,19.75,19.75,0.0,0,11.90999984741211,31.65999984741211,Churned,Attitude,Attitude of support person,0.96,96.0,1,High,"Offer an incentive to move to a long-term contract | Offer priority/premium customer support | Evaluate eligibility for a value plan. Key signals: month-to-month contract, premium support not active, no value deal assigned.",High
31860-TEL,Male,76,No,Telangana,14,9,None,No,No,Yes,Cable,Yes,No,No,No,No,Yes,No,Yes,Month-to-Month,No,Mailed Check,40.04999923706055,880.2000122070312,0.0,0,0.0,880.2000122070312,Churned,Other,Moved,0.63,63.0,1,Medium,"Offer an incentive to move to a long-term contract | Offer an early-tenure loyalty benefit | Offer priority/premium customer support. Key signals: month-to-month contract, short customer tenure, premium support not active.",Medium
31940-ODI,Male,63,No,Odisha,6,35,Deal 5,Yes,Yes,Yes,Fiber Optic,No,No,No,No,No,Yes,No,No,Month-to-Month,Yes,Bank Withdrawal,85.05000305175781,746.5,0.0,30,109.62000274658203,886.1199951171875,Churned,Attitude,Attitude of service provider,0.77,77.0,1,High,"Offer an incentive to move to a long-term contract | Offer a personalized pricing or loyalty discount | Offer priority/premium customer support. Key signals: month-to-month contract, high monthly charge, premium support not active.",High
31962-KAR,Male,25,Yes,Karnataka,2,35,None,Yes,Yes,No,None,No,No,No,No,No,No,No,No,Month-to-Month,Yes,Mailed Check,24.049999237060547,24.049999237060547,0.0,0,20.260000228881836,44.310001373291016,Churned,Price,Price too high,0.86,86.0,1,High,"Offer an incentive to move to a long-term contract | Offer priority/premium customer support | Evaluate eligibility for a value plan. Key signals: month-to-month contract, premium support not active, no value deal assigned.",High
32019-PUD,Female,57,Yes,Puducherry,0,18,Deal 4,Yes,Yes,Yes,Fiber Optic,No,No,Yes,No,Yes,No,No,Yes,Month-to-Month,Yes,Bank Withdrawal,89.19999694824219,990.2999877929688,0.0,0,120.44999694824219,1110.75,Stayed,Others,Others,0.62,62.0,1,Medium,"Offer an incentive to move to a long-term contract | Offer a personalized pricing or loyalty discount | Offer priority/premium customer support. Key signals: month-to-month contract, high monthly charge, premium support not active.",Medium
35520-ASS,Female,25,No,Assam,7,3,None,Yes,No,Yes,Fiber Optic,No,No,No,No,No,Yes,Yes,Yes,Month-to-Month,No,Bank Withdrawal,80.5,80.5,0.0,0,35.77000045776367,116.2699966430664,Churned,Dissatisfaction,Product dissatisfaction,0.99,99.0,1,High,"Offer an incentive to move to a long-term contract | Offer a personalized pricing or loyalty discount | Offer an early-tenure loyalty benefit. Key signals: month-to-month contract, high monthly charge, short customer tenure.",High
35538-TAM,Female,52,No,Tamil Nadu,7,11,None,Yes,No,Yes,Fiber Optic,Yes,No,Yes,No,Yes,Yes,Yes,Yes,Month-to-Month,No,Bank Withdrawal,101.75,1669.4000244140625,0.0,0,361.79998779296875,2031.199951171875,Stayed,Others,Others,0.52,52.0,1,Medium,"Offer an incentive to move to a long-term contract | Offer a personalized pricing or loyalty discount | Offer an early-tenure loyalty benefit. Key signals: month-to-month contract, high monthly charge, short customer tenure.",Medium
39251-KAR,Male,68,No,Karnataka,6,31,None,Yes,No,Yes,Fiber Optic,No,No,No,No,No,No,No,No,Month-to-Month,Yes,Bank Withdrawal,69.8499984741211,69.8499984741211,0.0,40,43.45000076293945,153.3000030517578,Churned,Dissatisfaction,Limited range of services,0.98,98.0,1,High,"Offer an incentive to move to a long-term contract | Offer priority/premium customer support | Offer a service review or upgrade consultation. Key signals: month-to-month contract, premium support not active, fiber service customer.",High
39394-HAR,Female,69,Yes,Haryana,0,1,None,Yes,Yes,Yes,Fiber Optic,No,No,No,No,Yes,No,No,Yes,Month-to-Month,Yes,Credit Card,83.1500015258789,446.04998779296875,0.0,0,209.14999389648438,655.2000122070312,Churned,Dissatisfaction,Service dissatisfaction,0.79,79.0,1,High,"Offer an incentive to move to a long-term contract | Offer a personalized pricing or loyalty discount | Offer an early-tenure loyalty benefit. Key signals: month-to-month contract, high monthly charge, short customer tenure.",High
39400-UTT,Female,32,No,Uttar Pradesh,10,5,None,No,No,Yes,DSL,No,No,No,No,No,No,Yes,Yes,Month-to-Month,No,Mailed Check,25.200000762939453,25.200000762939453,0.0,0,0.0,25.200000762939453,Churned,Other,Don't know,0.94,94.0,1,High,"Offer an incentive to move to a long-term contract | Offer an early-tenure loyalty benefit | Offer priority/premium customer support. Key signals: month-to-month contract, short customer tenure, premium support not active.",High
39419-GUJ,Male,35,No,Gujarat,12,17,Deal 5,Yes,Yes,Yes,Fiber Optic,No,No,Yes,No,Yes,No,No,Yes,Month-to-Month,Yes,Bank Withdrawal,90.44999694824219,593.4500122070312,0.0,0,251.3699951171875,844.8200073242188,Churned,Competitor,Competitor made better offer,0.6,60.0,1,Medium,"Offer an incentive to move to a long-term contract | Offer a personalized pricing or loyalty discount | Offer priority/premium customer support. Key signals: month-to-month contract, high monthly charge, premium support not active.",Medium
39517-KAR,Male,57,No,Karnataka,13,19,None,Yes,No,No,None,No,No,No,No,No,No,No,No,One Year,No,Credit Card,19.299999237060547,28.299999237060547,0.0,0,31.579999923706055,59.880001068115234,Churned,Price,Long distance charges,0.7,70.0,1,High,"Offer priority/premium customer support | Evaluate eligibility for a value plan. Key signals: premium support not active, no value deal assigned.",High
43625-UTT,Female,22,Yes,Uttar Pradesh,6,8,None,Yes,Yes,Yes,Fiber Optic,No,Yes,Yes,No,Yes,Yes,Yes,Yes,Month-to-Month,Yes,Bank Withdrawal,105.05000305175781,5624.85009765625,27.600000381469727,0,550.6799926757812,6147.93017578125,Churned,Other,Don't know,0.54,54.0,1,Medium,"Offer an incentive to move to a long-term contract | Offer a personalized pricing or loyalty discount | Offer an early-tenure loyalty benefit. Key signals: month-to-month contract, high monthly charge, short customer tenure.",Medium
43627-AND,Female,33,No,Andhra Pradesh,14,34,Deal 4,Yes,Yes,Yes,Fiber Optic,No,No,No,No,No,Yes,Yes,Yes,Month-to-Month,Yes,Bank Withdrawal,84.75,1816.75,0.0,0,742.0599975585938,2558.81005859375,Stayed,Others,Others,0.51,51.0,1,Medium,"Offer an incentive to move to a long-term contract | Offer a personalized pricing or loyalty discount | Offer priority/premium customer support. Key signals: month-to-month contract, high monthly charge, premium support not active.",Medium
43670-BIH,Female,45,Yes,Bihar,2,20,Deal 5,Yes,No,Yes,Cable,No,No,No,No,No,No,No,Yes,Month-to-Month,No,Mailed Check,45.95000076293945,45.95000076293945,0.0,0,46.16999816894531,92.12000274658203,Churned,Competitor,Competitor had better devices,0.98,98.0,1,High,"Offer an incentive to move to a long-term contract | Offer priority/premium customer support. Key signals: month-to-month contract, premium support not active.",High
43717-PUN,Male,34,Yes,Punjab,13,31,Deal 4,Yes,Yes,Yes,DSL,No,Yes,No,No,Yes,Yes,Yes,Yes,Month-to-Month,Yes,Bank Withdrawal,75.4000015258789,1322.550048828125,0.0,0,129.1999969482422,1451.75,Stayed,Others,Others,0.53,53.0,1,Medium,"Offer an incentive to move to a long-term contract | Offer priority/premium customer support. Key signals: month-to-month contract, premium support not active.",Medium
43865-ASS,Male,37,Yes,Assam,1,26,Deal 5,Yes,No,No,None,No,No,No,No,No,No,No,No,Month-to-Month,Yes,Credit Card,19.450000762939453,19.450000762939453,0.0,0,48.959999084472656,68.41000366210938,Churned,Dissatisfaction,Poor expertise of phone support,0.94,94.0,1,High,"Offer an incentive to move to a long-term contract | Offer priority/premium customer support. Key signals: month-to-month contract, premium support not active.",High
43887-MAH,Female,62,Yes,Maharashtra,4,27,None,Yes,Yes,Yes,Fiber Optic,No,Yes,No,No,Yes,Yes,Yes,Yes,Month-to-Month,Yes,Bank Withdrawal,99.1500015258789,6010.0498046875,0.0,0,3009.1298828125,9019.1796875,Churned,Dissatisfaction,Service dissatisfaction,0.59,59.0,1,Medium,"Offer an incentive to move to a long-term contract | Offer a personalized pricing or loyalty discount | Offer priority/premium customer support. Key signals: month-to-month contract, high monthly charge, premium support not active.",Medium
47567-JAM,Female,74,Yes,Jammu & Kashmir,10,11,None,Yes,No,Yes,Fiber Optic,No,No,No,No,No,No,No,Yes,Month-to-Month,Yes,Credit Card,69.05000305175781,318.5,0.0,0,150.25,468.75,Churned,Competitor,Competitor made better offer,0.63,63.0,1,Medium,"Offer an incentive to move to a long-term contract | Offer an early-tenure loyalty benefit | Offer priority/premium customer support. Key signals: month-to-month contract, short customer tenure, premium support not active.",Medium
47692-ODI,Male,76,Yes,Odisha,10,2,Deal 5,Yes,Yes,Yes,Fiber Optic,No,No,No,No,No,No,No,Yes,Month-to-Month,Yes,Mailed Check,74.8499984741211,156.39999389648438,0.0,0,90.81999969482422,247.22000122070312,Churned,Competitor,Competitor made better offer,0.98,98.0,1,High,"Offer an incentive to move to a long-term contract | Offer an early-tenure loyalty benefit | Offer priority/premium customer support. Key signals: month-to-month contract, short customer tenure, premium support not active.",High
52140-TAM,Female,76,No,Tamil Nadu,2,27,None,Yes,Yes,Yes,Fiber Optic,No,No,No,No,No,No,No,Yes,Month-to-Month,Yes,Bank Withdrawal,-10.0,533.0499877929688,0.0,0,149.58999633789062,682.6400146484375,Stayed,Others,Others,0.72,72.0,1,High,"Offer an incentive to move to a long-term contract | Offer priority/premium customer support | Offer a service review or upgrade consultation. Key signals: month-to-month contract, premium support not active, fiber service customer.",High
52216-BIH,Male,27,No,Bihar,11,33,None,Yes,No,Yes,Fiber Optic,No,No,No,No,Yes,Yes,Yes,Yes,Month-to-Month,Yes,Bank Withdrawal,88.44999694824219,370.6499938964844,0.0,0,196.55999755859375,567.2100219726562,Churned,Other,Don't know,0.77,77.0,1,High,"Offer an incentive to move to a long-term contract | Offer a personalized pricing or loyalty discount | Offer priority/premium customer support. Key signals: month-to-month contract, high monthly charge, premium support not active.",High
52313-KER,Male,64,No,Kerala,7,20,None,Yes,Yes,Yes,Fiber Optic,No,Yes,No,No,Yes,Yes,Yes,Yes,Month-to-Month,Yes,Bank Withdrawal,101.25,2440.14990234375,0.0,0,695.52001953125,3135.669921875,Churned,Attitude,Attitude of support person,0.71,71.0,1,High,"Offer an incentive to move to a long-term contract | Offer a personalized pricing or loyalty discount | Offer priority/premium customer support. Key signals: month-to-month contract, high monthly charge, premium support not active.",High
52413-KER,Male,65,Yes,Kerala,3,17,Deal 5,No,No,Yes,DSL,No,No,Yes,No,No,Yes,Yes,Yes,Month-to-Month,Yes,Bank Withdrawal,41.150001525878906,132.1999969482422,0.0,0,0.0,132.1999969482422,Churned,Price,Long distance charges,0.79,79.0,1,High,"Offer an incentive to move to a long-term contract | Offer priority/premium customer support. Key signals: month-to-month contract, premium support not active.",High
52456-JAM,Female,77,Yes,Jammu & Kashmir,1,23,Deal 5,Yes,Yes,Yes,Fiber Optic,No,No,No,No,No,Yes,No,Yes,Month-to-Month,Yes,Bank Withdrawal,84.44999694824219,762.5,0.0,0,116.19000244140625,878.6900024414062,Churned,Competitor,Competitor made better offer,0.94,94.0,1,High,"Offer an incentive to move to a long-term contract | Offer a personalized pricing or loyalty discount | Offer priority/premium customer support. Key signals: month-to-month contract, high monthly charge, premium support not active.",High
52502-JAM,Female,81,Yes,Jammu & Kashmir,9,20,Deal 4,Yes,No,Yes,Fiber Optic,No,Yes,No,Yes,No,Yes,No,Yes,Month-to-Month,Yes,Bank Withdrawal,89.05000305175781,1169.3499755859375,0.0,0,19.110000610351562,1188.4599609375,Churned,Competitor,Competitor made better offer,0.75,75.0,1,High,"Offer an incentive to move to a long-term contract | Offer a personalized pricing or loyalty discount | Offer a service review or upgrade consultation. Key signals: month-to-month contract, high monthly charge, fiber service customer.",High
52526-JAM,Female,25,Yes,Jammu & Kashmir,2,36,None,Yes,No,No,None,No,No,No,No,No,No,No,No,Month-to-Month,No,Credit Card,20.5,20.5,0.0,0,19.850000381469727,40.349998474121094,Churned,Attitude,Attitude of support person,0.94,94.0,1,High,"Offer an incentive to move to a long-term contract | Offer priority/premium customer support | Evaluate eligibility for a value plan. Key signals: month-to-month contract, premium support not active, no value deal assigned.",High
52555-TAM,Female,65,Yes,Tamil Nadu,3,9,None,Yes,Yes,Yes,Fiber Optic,No,No,No,No,Yes,Yes,Yes,Yes,Month-to-Month,Yes,Bank Withdrawal,93.55000305175781,2264.050048828125,0.0,0,321.1199951171875,2585.169921875,Churned,Price,Price too high,0.59,59.0,1,Medium,"Offer an incentive to move to a long-term contract | Offer a personalized pricing or loyalty discount | Offer an early-tenure loyalty benefit. Key signals: month-to-month contract, high monthly charge, short customer tenure.",Medium
52627-WES,Female,61,No,West Bengal,14,8,None,Yes,Yes,Yes,Cable,No,No,No,No,Yes,No,No,Yes,Month-to-Month,Yes,Bank Withdrawal,85.5999984741211,813.8499755859375,0.0,0,301.0,1114.8499755859375,Churned,Competitor,Competitor offered more data,0.75,75.0,1,High,"Offer an incentive to move to a long-term contract | Offer a personalized pricing or loyalty discount | Offer an early-tenure loyalty benefit. Key signals: month-to-month contract, high monthly charge, short customer tenure.",High
56821-MAH,Female,39,No,Maharashtra,3,1,Deal 5,No,No,Yes,DSL,No,No,No,No,No,No,No,Yes,Month-to-Month,Yes,Bank Withdrawal,24.950000762939453,100.4000015258789,0.0,0,0.0,100.4000015258789,Churned,Competitor,Competitor had better devices,0.78,78.0,1,High,"Offer an incentive to move to a long-term contract | Offer an early-tenure loyalty benefit | Offer priority/premium customer support. Key signals: month-to-month contract, short customer tenure, premium support not active.",High
57006-GUJ,Male,78,No,Gujarat,14,4,Deal 5,Yes,No,Yes,Fiber Optic,No,No,No,No,No,No,No,Yes,Month-to-Month,No,Bank Withdrawal,70.75,154.85000610351562,0.0,0,19.719999313354492,174.57000732421875,Churned,Price,Long distance charges,0.95,95.0,1,High,"Offer an incentive to move to a long-term contract | Offer an early-tenure loyalty benefit | Offer priority/premium customer support. Key signals: month-to-month contract, short customer tenure, premium support not active.",High
57010-WES,Female,67,Yes,West Bengal,0,25,Deal 4,Yes,Yes,Yes,Fiber Optic,No,No,No,No,Yes,Yes,Yes,Yes,Month-to-Month,Yes,Bank Withdrawal,94.0,1078.9000244140625,0.0,0,282.3699951171875,1361.27001953125,Churned,Competitor,Competitor made better offer,0.74,74.0,1,High,"Offer an incentive to move to a long-term contract | Offer a personalized pricing or loyalty discount | Offer priority/premium customer support. Key signals: month-to-month contract, high monthly charge, premium support not active.",High
61609-JHA,Male,51,No,Jharkhand,4,36,Deal 5,No,No,Yes,DSL,Yes,Yes,No,No,No,Yes,Yes,Yes,Month-to-Month,Yes,Bank Withdrawal,42.599998474121094,72.4000015258789,0.0,0,0.0,72.4000015258789,Churned,Competitor,Competitor offered more data,0.91,91.0,1,High,"Offer an incentive to move to a long-term contract | Offer priority/premium customer support. Key signals: month-to-month contract, premium support not active.",High
61634-MAD,Female,53,Yes,Madhya Pradesh,15,19,None,Yes,No,Yes,Fiber Optic,No,No,Yes,No,Yes,Yes,Yes,Yes,Month-to-Month,Yes,Credit Card,94.0,1505.449951171875,0.0,0,229.1999969482422,1734.6500244140625,Stayed,Others,Others,0.53,53.0,1,Medium,"Offer an incentive to move to a long-term contract | Offer a personalized pricing or loyalty discount | Offer priority/premium customer support. Key signals: month-to-month contract, high monthly charge, premium support not active.",Medium
61904-KER,Female,56,Yes,Kerala,3,36,None,Yes,Yes,Yes,Fiber Optic,No,No,No,No,No,No,No,Yes,Month-to-Month,Yes,Bank Withdrawal,75.25,576.7000122070312,0.0,0,150.55999755859375,727.260009765625,Stayed,Others,Others,0.67,67.0,1,Medium,"Offer an incentive to move to a long-term contract | Offer priority/premium customer support | Offer a service review or upgrade consultation. Key signals: month-to-month contract, premium support not active, fiber service customer.",Medium
61919-BIH,Female,79,No,Bihar,2,25,None,Yes,Yes,Yes,Fiber Optic,No,No,No,No,Yes,No,No,No,Month-to-Month,Yes,Bank Withdrawal,84.80000305175781,546.9500122070312,0.0,0,276.57000732421875,823.52001953125,Churned,Competitor,Competitor made better offer,0.9,90.0,1,High,"Offer an incentive to move to a long-term contract | Offer a personalized pricing or loyalty discount | Offer priority/premium customer support. Key signals: month-to-month contract, high monthly charge, premium support not active.",High
61945-AND,Female,64,Yes,Andhra Pradesh,14,17,None,Yes,No,No,None,No,No,No,No,No,No,No,No,Month-to-Month,Yes,Credit Card,19.299999237060547,19.299999237060547,0.0,0,49.20000076293945,68.5,Churned,Dissatisfaction,Service dissatisfaction,0.86,86.0,1,High,"Offer an incentive to move to a long-term contract | Offer priority/premium customer support | Evaluate eligibility for a value plan. Key signals: month-to-month contract, premium support not active, no value deal assigned.",High
65598-AND,Male,37,Yes,Andhra Pradesh,14,17,None,Yes,No,Yes,DSL,No,Yes,No,No,No,No,No,Yes,Month-to-Month,No,Credit Card,50.70000076293945,151.3000030517578,0.0,0,39.2400016784668,190.5399932861328,Churned,Other,Don't know,0.76,76.0,1,High,"Offer an incentive to move to a long-term contract | Offer priority/premium customer support | Evaluate eligibility for a value plan. Key signals: month-to-month contract, premium support not active, no value deal assigned.",High
65616-MAH,Male,35,Yes,Maharashtra,7,27,None,Yes,No,Yes,DSL,No,No,No,No,No,No,No,Yes,Month-to-Month,Yes,Mailed Check,45.70000076293945,45.70000076293945,0.0,0,10.40999984741211,56.11000061035156,Churned,Dissatisfaction,Poor expertise of phone support,0.99,99.0,1,High,"Offer an incentive to move to a long-term contract | Offer priority/premium customer support | Evaluate eligibility for a value plan. Key signals: month-to-month contract, premium support not active, no value deal assigned.",High
65631-RAJ,Female,50,No,Rajasthan,15,7,Deal 5,Yes,No,Yes,Fiber Optic,No,No,Yes,No,Yes,No,No,Yes,Month-to-Month,Yes,Credit Card,85.55000305175781,85.55000305175781,0.0,0,33.34000015258789,118.88999938964844,Churned,Other,Moved,0.99,99.0,1,High,"Offer an incentive to move to a long-term contract | Offer a personalized pricing or loyalty discount | Offer an early-tenure loyalty benefit. Key signals: month-to-month contract, high monthly charge, short customer tenure.",High
65643-JAM,Female,70,Yes,Jammu & Kashmir,0,14,Deal 3,Yes,Yes,Yes,Fiber Optic,No,No,No,No,No,No,No,Yes,Month-to-Month,Yes,Bank Withdrawal,76.0999984741211,1712.699951171875,0.0,0,740.8800048828125,2453.580078125,Churned,Competitor,Competitor made better offer,0.68,68.0,1,Medium,"Offer an incentive to move to a long-term contract | Offer priority/premium customer support | Offer a service review or upgrade consultation. Key signals: month-to-month contract, premium support not active, fiber service customer.",Medium
65672-RAJ,Female,64,Yes,Rajasthan,1,6,Deal 5,Yes,Yes,Yes,Fiber Optic,No,No,No,No,Yes,No,No,No,Month-to-Month,Yes,Bank Withdrawal,85.3499984741211,754.6500244140625,0.0,50,127.88999938964844,932.5399780273438,Churned,Dissatisfaction,Service dissatisfaction,0.81,81.0,1,High,"Offer an incentive to move to a long-term contract | Offer a personalized pricing or loyalty discount | Offer an early-tenure loyalty benefit. Key signals: month-to-month contract, high monthly charge, short customer tenure.",High
65676-JAM,Female,47,Yes,Jammu & Kashmir,10,22,Deal 5,Yes,No,No,None,No,No,No,No,No,No,No,No,Month-to-Month,No,Mailed Check,19.899999618530273,19.899999618530273,0.0,0,45.77000045776367,65.66999816894531,Churned,Competitor,Competitor made better offer,1.0,100.0,1,High,"Offer an incentive to move to a long-term contract | Offer priority/premium customer support. Key signals: month-to-month contract, premium support not active.",High
69524-AND,Female,75,No,Andhra Pradesh,4,26,None,No,No,Yes,DSL,No,No,No,No,No,No,No,Yes,Month-to-Month,No,Bank Withdrawal,24.350000381469727,41.849998474121094,0.0,0,0.0,41.849998474121094,Churned,Competitor,Competitor had better devices,0.98,98.0,1,High,"Offer an incentive to move to a long-term contract | Offer priority/premium customer support | Evaluate eligibility for a value plan. Key signals: month-to-month contract, premium support not active, no value deal assigned.",High
69717-BIH,Female,36,No,Bihar,3,15,None,Yes,Yes,Yes,Fiber Optic,No,No,No,No,Yes,Yes,Yes,Yes,Month-to-Month,No,Bank Withdrawal,94.4000015258789,857.25,0.0,0,244.88999938964844,1102.1400146484375,Churned,Price,Price too high,0.65,65.0,1,Medium,"Offer an incentive to move to a long-term contract | Offer a personalized pricing or loyalty discount | Offer priority/premium customer support. Key signals: month-to-month contract, high monthly charge, premium support not active.",Medium
69719-TAM,Female,36,No,Tamil Nadu,2,16,None,Yes,No,Yes,Fiber Optic,Yes,No,No,No,Yes,Yes,Yes,Yes,Month-to-Month,Yes,Bank Withdrawal,94.5999984741211,2283.14990234375,0.0,0,853.4400024414062,3136.590087890625,Stayed,Others,Others,0.5,50.0,1,Medium,"Offer an incentive to move to a long-term contract | Offer a personalized pricing or loyalty discount | Offer priority/premium customer support. Key signals: month-to-month contract, high monthly charge, premium support not active.",Medium
69923-JHA,Male,52,No,Jharkhand,7,18,None,Yes,Yes,Yes,Cable,No,No,No,No,Yes,No,No,Yes,Month-to-Month,Yes,Bank Withdrawal,59.849998474121094,59.849998474121094,0.0,0,22.049999237060547,81.9000015258789,Churned,Attitude,Attitude of support person,1.0,100.0,1,High,"Offer an incentive to move to a long-term contract | Offer priority/premium customer support | Evaluate eligibility for a value plan. Key signals: month-to-month contract, premium support not active, no value deal assigned.",High
74049-KER,Male,50,Yes,Kerala,10,2,None,Yes,Yes,Yes,Fiber Optic,No,Yes,No,No,No,No,No,No,Month-to-Month,Yes,Bank Withdrawal,78.75,412.1000061035156,0.0,10,5.800000190734863,427.8999938964844,Churned,Other,Don't know,0.75,75.0,1,High,"Offer an incentive to move to a long-term contract | Offer an early-tenure loyalty benefit | Offer priority/premium customer support. Key signals: month-to-month contract, short customer tenure, premium support not active.",High
74061-MAD,Male,81,Yes,Madhya Pradesh,2,18,None,Yes,Yes,Yes,Fiber Optic,Yes,Yes,No,No,No,Yes,Yes,Yes,Month-to-Month,Yes,Credit Card,94.69999694824219,673.0999755859375,0.0,0,67.9000015258789,741.0,Churned,Attitude,Attitude of service provider,0.64,64.0,1,Medium,"Offer an incentive to move to a long-term contract | Offer a personalized pricing or loyalty discount | Offer priority/premium customer support. Key signals: month-to-month contract, high monthly charge, premium support not active.",Medium
74078-GUJ,Female,63,Yes,Gujarat,15,1,None,Yes,No,Yes,Fiber Optic,No,No,Yes,No,No,Yes,Yes,No,Month-to-Month,Yes,Credit Card,85.30000305175781,781.4000244140625,0.0,10,435.4200134277344,1226.8199462890625,Stayed,Others,Others,0.61,61.0,1,Medium,"Offer an incentive to move to a long-term contract | Offer a personalized pricing or loyalty discount | Offer an early-tenure loyalty benefit. Key signals: month-to-month contract, high monthly charge, short customer tenure.",Medium
74081-KAR,Female,28,No,Karnataka,11,25,Deal 4,Yes,Yes,Yes,Fiber Optic,No,No,No,No,No,No,Yes,Yes,Month-to-Month,Yes,Mailed Check,75.0,999.4500122070312,0.0,0,78.38999938964844,1077.8399658203125,Churned,Competitor,Competitor offered higher download speeds,0.66,66.0,1,Medium,"Offer an incentive to move to a long-term contract | Offer priority/premium customer support | Offer a service review or upgrade consultation. Key signals: month-to-month contract, premium support not active, fiber service customer.",Medium
74110-MAD,Male,79,No,Madhya Pradesh,4,20,None,Yes,Yes,Yes,Fiber Optic,No,No,No,No,Yes,Yes,Yes,Yes,Month-to-Month,Yes,Bank Withdrawal,94.55000305175781,1899.6500244140625,0.0,0,106.19999694824219,2005.8499755859375,Churned,Competitor,Competitor had better devices,0.83,83.0,1,High,"Offer an incentive to move to a long-term contract | Offer a personalized pricing or loyalty discount | Offer priority/premium customer support. Key signals: month-to-month contract, high monthly charge, premium support not active.",High
74260-HAR,Female,19,No,Haryana,3,1,Deal 3,Yes,Yes,Yes,Fiber Optic,No,No,Yes,No,Yes,Yes,Yes,Yes,Month-to-Month,Yes,Bank Withdrawal,100.44999694824219,3414.64990234375,0.0,0,1199.8599853515625,4614.509765625,Stayed,Others,Others,0.6,60.0,1,Medium,"Offer an incentive to move to a long-term contract | Offer a personalized pricing or loyalty discount | Offer an early-tenure loyalty benefit. Key signals: month-to-month contract, high monthly charge, short customer tenure.",Medium
74542-BIH,Female,42,No,Bihar,4,7,None,Yes,Yes,Yes,Fiber Optic,No,No,No,No,No,Yes,Yes,Yes,Month-to-Month,Yes,Bank Withdrawal,83.30000305175781,803.2999877929688,0.0,0,267.29998779296875,1070.5999755859375,Churned,Attitude,Attitude of support person,0.89,89.0,1,High,"Offer an incentive to move to a long-term contract | Offer a personalized pricing or loyalty discount | Offer an early-tenure loyalty benefit. Key signals: month-to-month contract, high monthly charge, short customer tenure.",High
74588-HAR,Female,60,No,Haryana,6,10,Deal 4,Yes,Yes,Yes,Fiber Optic,Yes,No,Yes,No,Yes,Yes,Yes,Yes,Month-to-Month,Yes,Bank Withdrawal,103.9000015258789,2254.199951171875,0.0,0,25.40999984741211,2279.610107421875,Churned,Dissatisfaction,Limited range of services,0.59,59.0,1,Medium,"Offer an incentive to move to a long-term contract | Offer a personalized pricing or loyalty discount | Offer an early-tenure loyalty benefit. Key signals: month-to-month contract, high monthly charge, short customer tenure.",Medium
74594-TEL,Male,24,No,Telangana,9,12,None,Yes,Yes,Yes,Fiber Optic,No,No,No,No,Yes,No,No,No,Month-to-Month,Yes,Mailed Check,84.6500015258789,84.6500015258789,0.0,40,22.299999237060547,146.9499969482422,Churned,Dissatisfaction,Lack of self-service on Website,0.99,99.0,1,High,"Offer an incentive to move to a long-term contract | Offer a personalized pricing or loyalty discount | Offer priority/premium customer support. Key signals: month-to-month contract, high monthly charge, premium support not active.",High
74779-UTT,Male,67,Yes,Uttar Pradesh,5,34,Deal 5,Yes,No,Yes,Fiber Optic,No,No,No,No,Yes,No,No,Yes,Month-to-Month,Yes,Bank Withdrawal,79.69999694824219,497.6000061035156,0.0,0,289.9200134277344,787.52001953125,Stayed,Others,Others,0.75,75.0,1,High,"Offer an incentive to move to a long-term contract | Offer priority/premium customer support | Offer a service review or upgrade consultation. Key signals: month-to-month contract, premium support not active, fiber service customer.",High
78396-MAD,Female,50,Yes,Madhya Pradesh,11,16,Deal 4,Yes,Yes,Yes,Fiber Optic,No,No,No,No,Yes,Yes,Yes,Yes,Month-to-Month,Yes,Bank Withdrawal,94.69999694824219,1687.949951171875,0.0,0,566.8200073242188,2254.77001953125,Churned,Price,Long distance charges,0.54,54.0,1,Medium,"Offer an incentive to move to a long-term contract | Offer a personalized pricing or loyalty discount | Offer priority/premium customer support. Key signals: month-to-month contract, high monthly charge, premium support not active.",Medium
78412-UTT,Female,57,No,Uttar Pradesh,8,12,Deal 5,Yes,No,Yes,Fiber Optic,No,No,No,No,No,No,No,Yes,Month-to-Month,Yes,Bank Withdrawal,69.6500015258789,69.6500015258789,0.0,0,49.2400016784668,118.88999938964844,Churned,Competitor,Competitor offered higher download speeds,0.99,99.0,1,High,"Offer an incentive to move to a long-term contract | Offer priority/premium customer support | Offer a service review or upgrade consultation. Key signals: month-to-month contract, premium support not active, fiber service customer.",High
78566-JAM,Female,54,Yes,Jammu & Kashmir,15,28,Deal 5,Yes,No,No,None,No,No,No,No,No,No,No,No,Month-to-Month,Yes,Credit Card,19.899999618530273,19.899999618530273,0.0,0,36.630001068115234,56.529998779296875,Churned,Competitor,Competitor made better offer,0.98,98.0,1,High,"Offer an incentive to move to a long-term contract | Offer priority/premium customer support. Key signals: month-to-month contract, premium support not active.",High
78590-WES,Female,75,No,West Bengal,8,20,Deal 2,Yes,Yes,Yes,Fiber Optic,Yes,No,Yes,No,No,No,No,Yes,Month-to-Month,Yes,Bank Withdrawal,83.75,3273.550048828125,0.0,0,1879.43994140625,5152.990234375,Churned,Competitor,Competitor offered more data,0.58,58.0,1,Medium,"Offer an incentive to move to a long-term contract | Offer a personalized pricing or loyalty discount | Offer priority/premium customer support. Key signals: month-to-month contract, high monthly charge, premium support not active.",Medium
78682-KER,Female,65,Yes,Kerala,14,25,None,Yes,Yes,Yes,Fiber Optic,No,No,No,No,No,No,No,Yes,Month-to-Month,Yes,Bank Withdrawal,74.94999694824219,2869.85009765625,0.0,0,599.6400146484375,3469.489990234375,Churned,Dissatisfaction,Product dissatisfaction,0.66,66.0,1,Medium,"Offer an incentive to move to a long-term contract | Offer priority/premium customer support | Offer a service review or upgrade consultation. Key signals: month-to-month contract, premium support not active, fiber service customer.",Medium
87661-JAM,Female,79,No,Jammu & Kashmir,10,11,Deal 5,Yes,No,Yes,Fiber Optic,No,Yes,Yes,Yes,No,Yes,No,Yes,Month-to-Month,Yes,Credit Card,95.0999984741211,180.25,0.0,0,25.920000076293945,206.1699981689453,Churned,Dissatisfaction,Poor expertise of online support,0.91,91.0,1,High,"Offer an incentive to move to a long-term contract | Offer a personalized pricing or loyalty discount | Offer an early-tenure loyalty benefit. Key signals: month-to-month contract, high monthly charge, short customer tenure.",High
87663-WES,Male,44,No,West Bengal,7,15,Deal 5,Yes,No,No,None,No,No,No,No,No,No,No,No,Month-to-Month,No,Mailed Check,20.25,20.25,0.0,0,23.15999984741211,43.40999984741211,Churned,Attitude,Attitude of support person,0.93,93.0,1,High,"Offer an incentive to move to a long-term contract | Offer priority/premium customer support. Key signals: month-to-month contract, premium support not active.",High
87939-PUN,Female,30,No,Punjab,14,8,None,Yes,Yes,Yes,Fiber Optic,No,No,No,No,No,No,No,Yes,Month-to-Month,Yes,Mailed Check,74.25,74.25,0.0,0,21.799999237060547,96.05000305175781,Churned,Other,Don't know,1.0,100.0,1,High,"Offer an incentive to move to a long-term contract | Offer an early-tenure loyalty benefit | Offer priority/premium customer support. Key signals: month-to-month contract, short customer tenure, premium support not active.",High
92694-MAH,Male,35,Yes,Maharashtra,8,33,Deal 5,Yes,Yes,Yes,Cable,No,No,Yes,No,Yes,Yes,Yes,No,Month-to-Month,Yes,Bank Withdrawal,100.94999694824219,329.95001220703125,0.0,10,35.81999969482422,375.7699890136719,Churned,Competitor,Competitor had better devices,0.92,92.0,1,High,"Offer an incentive to move to a long-term contract | Offer a personalized pricing or loyalty discount | Offer priority/premium customer support. Key signals: month-to-month contract, high monthly charge, premium support not active.",High
92735-AND,Female,57,No,Andhra Pradesh,15,21,None,Yes,No,Yes,DSL,No,No,No,Yes,Yes,No,No,No,Month-to-Month,Yes,Bank Withdrawal,61.29999923706055,249.39999389648438,0.0,10,150.8000030517578,410.20001220703125,Stayed,Others,Others,0.51,51.0,1,Medium,"Offer an incentive to move to a long-term contract | Evaluate eligibility for a value plan. Key signals: month-to-month contract, no value deal assigned.",Medium
92742-RAJ,Female,59,No,Rajasthan,15,34,Deal 5,Yes,No,No,None,No,No,No,No,No,No,No,No,Month-to-Month,No,Mailed Check,20.649999618530273,38.70000076293945,0.0,0,49.41999816894531,88.12000274658203,Churned,Attitude,Attitude of support person,0.92,92.0,1,High,"Offer an incentive to move to a long-term contract | Offer priority/premium customer support. Key signals: month-to-month contract, premium support not active.",High
92753-JHA,Female,67,No,Jharkhand,13,16,Deal 5,Yes,Yes,Yes,Fiber Optic,No,No,No,No,No,Yes,Yes,No,Month-to-Month,Yes,Bank Withdrawal,85.6500015258789,659.4500122070312,0.0,70,316.7200012207031,1046.1700439453125,Stayed,Others,Others,0.84,84.0,1,High,"Offer an incentive to move to a long-term contract | Offer a personalized pricing or loyalty discount | Offer priority/premium customer support. Key signals: month-to-month contract, high monthly charge, premium support not active.",High
92815-BIH,Female,65,Yes,Bihar,6,14,Deal 4,Yes,Yes,Yes,Fiber Optic,Yes,No,No,No,Yes,Yes,No,Yes,Month-to-Month,Yes,Bank Withdrawal,100.80000305175781,1308.0999755859375,0.0,0,93.86000061035156,1401.9599609375,Churned,Attitude,Attitude of support person,0.86,86.0,1,High,"Offer an incentive to move to a long-term contract | Offer a personalized pricing or loyalty discount | Offer priority/premium customer support. Key signals: month-to-month contract, high monthly charge, premium support not active.",High
92852-DEL,Male,67,No,Delhi,14,33,Deal 2,Yes,Yes,Yes,Fiber Optic,No,Yes,No,No,Yes,Yes,No,No,Month-to-Month,Yes,Bank Withdrawal,101.0,4388.39990234375,0.0,150,1343.75,5882.14990234375,Churned,Dissatisfaction,Product dissatisfaction,0.58,58.0,1,Medium,"Offer an incentive to move to a long-term contract | Offer a personalized pricing or loyalty discount | Offer priority/premium customer support. Key signals: month-to-month contract, high monthly charge, premium support not active.",Medium
97343-JHA,Male,65,No,Jharkhand,11,16,Deal 5,Yes,No,Yes,DSL,No,Yes,No,No,No,No,No,Yes,Month-to-Month,Yes,Bank Withdrawal,50.75,50.75,0.0,0,43.029998779296875,93.77999877929688,Churned,Competitor,Competitor had better devices,0.98,98.0,1,High,"Offer an incentive to move to a long-term contract | Offer priority/premium customer support. Key signals: month-to-month contract, premium support not active.",High
97493-AND,Female,59,No,Andhra Pradesh,9,16,Deal 5,Yes,Yes,Yes,Fiber Optic,No,No,No,No,No,No,No,No,Month-to-Month,Yes,Bank Withdrawal,75.80000305175781,246.3000030517578,0.0,10,15.600000381469727,271.8999938964844,Churned,Competitor,Competitor had better devices,0.9,90.0,1,High,"Offer an incentive to move to a long-term contract | Offer priority/premium customer support | Offer a service review or upgrade consultation. Key signals: month-to-month contract, premium support not active, fiber service customer.",High
11114-PUN,Male,51,No,Punjab,5,9,Deal 5,Yes,No,Yes,DSL,No,No,Yes,No,No,No,No,No,Month-to-Month,Yes,Bank Withdrawal,49.150001525878906,169.0500030517578,0.0,10,122.37000274658203,301.4200134277344,Churned,Competitor,Competitor had better devices,0.75,75.0,1,High,"Offer an incentive to move to a long-term contract | Offer an early-tenure loyalty benefit | Offer priority/premium customer support. Key signals: month-to-month contract, short customer tenure, premium support not active.",High
11262-HAR,Female,73,Yes,Haryana,5,32,None,Yes,Yes,Yes,Fiber Optic,No,No,No,No,Yes,Yes,No,Yes,Month-to-Month,Yes,Bank Withdrawal,95.0999984741211,95.0999984741211,0.0,0,4.889999866485596,99.98999786376953,Churned,Price,Price too high,0.99,99.0,1,High,"Offer an incentive to move to a long-term contract | Offer a personalized pricing or loyalty discount | Offer priority/premium customer support. Key signals: month-to-month contract, high monthly charge, premium support not active.",High
11264-MAH,Female,27,Yes,Maharashtra,14,17,Deal 5,No,No,Yes,DSL,No,No,No,No,No,No,Yes,Yes,Month-to-Month,Yes,Bank Withdrawal,-4.0,24.799999237060547,0.0,0,0.0,24.799999237060547,Churned,Dissatisfaction,Product dissatisfaction,0.96,96.0,1,High,"Offer an incentive to move to a long-term contract | Offer priority/premium customer support. Key signals: month-to-month contract, premium support not active.",High
11272-UTT,Female,65,No,Uttar Pradesh,0,19,Deal 5,Yes,Yes,Yes,Fiber Optic,No,No,No,No,No,No,No,Yes,Month-to-Month,Yes,Bank Withdrawal,75.8499984741211,256.6000061035156,0.0,0,133.02000427246094,389.6199951171875,Churned,Competitor,Competitor offered more data,0.84,84.0,1,High,"Offer an incentive to move to a long-term contract | Offer priority/premium customer support | Offer a service review or upgrade consultation. Key signals: month-to-month contract, premium support not active, fiber service customer.",High
11290-JAM,Female,70,Yes,Jammu & Kashmir,0,36,Deal 5,Yes,Yes,Yes,Fiber Optic,No,No,No,No,Yes,Yes,No,Yes,Month-to-Month,Yes,Bank Withdrawal,95.44999694824219,396.1000061035156,0.0,0,126.44000244140625,522.5399780273438,Churned,Competitor,Competitor made better offer,0.8,80.0,1,High,"Offer an incentive to move to a long-term contract | Offer a personalized pricing or loyalty discount | Offer priority/premium customer support. Key signals: month-to-month contract, high monthly charge, premium support not active.",High
16346-HAR,Female,74,Yes,Haryana,2,18,Deal 5,Yes,No,Yes,Cable,No,No,No,No,No,No,No,Yes,Month-to-Month,Yes,Bank Withdrawal,44.70000076293945,93.69999694824219,0.0,0,82.86000061035156,176.55999755859375,Churned,Competitor,Competitor offered more data,0.93,93.0,1,High,"Offer an incentive to move to a long-term contract | Offer priority/premium customer support. Key signals: month-to-month contract, premium support not active.",High
16440-MAH,Male,40,Yes,Maharashtra,0,36,Deal 5,No,No,Yes,DSL,No,No,No,No,No,Yes,Yes,No,Month-to-Month,Yes,Bank Withdrawal,35.099998474121094,68.75,0.0,10,0.0,78.75,Churned,Attitude,Attitude of support person,0.95,95.0,1,High,"Offer an incentive to move to a long-term contract | Offer priority/premium customer support. Key signals: month-to-month contract, premium support not active.",High
16444-BIH,Female,24,Yes,Bihar,10,4,None,Yes,No,Yes,Fiber Optic,No,No,No,No,No,No,No,Yes,Month-to-Month,No,Credit Card,-2.0,140.6999969482422,0.0,0,72.12000274658203,212.82000732421875,Churned,Dissatisfaction,Service dissatisfaction,0.65,65.0,1,Medium,"Offer an incentive to move to a long-term contract | Offer an early-tenure loyalty benefit | Offer priority/premium customer support. Key signals: month-to-month contract, short customer tenure, premium support not active.",Medium
16504-HAR,Male,49,Yes,Haryana,12,27,None,Yes,No,Yes,Fiber Optic,No,No,No,No,No,No,No,Yes,Month-to-Month,Yes,Bank Withdrawal,69.1500015258789,69.1500015258789,0.0,0,2.200000047683716,71.3499984741211,Churned,Competitor,Competitor offered more data,0.99,99.0,1,High,"Offer an incentive to move to a long-term contract | Offer priority/premium customer support | Offer a service review or upgrade consultation. Key signals: month-to-month contract, premium support not active, fiber service customer.",High
16522-JAM,Male,80,Yes,Jammu & Kashmir,2,12,None,Yes,Yes,Yes,Fiber Optic,No,No,Yes,No,Yes,Yes,No,Yes,Month-to-Month,Yes,Bank Withdrawal,99.44999694824219,1200.1500244140625,0.0,0,262.67999267578125,1462.8299560546875,Churned,Competitor,Competitor made better offer,0.98,98.0,1,High,"Offer an incentive to move to a long-term contract | Offer a personalized pricing or loyalty discount | Offer priority/premium customer support. Key signals: month-to-month contract, high monthly charge, premium support not active.",High
16528-PUN,Male,29,No,Punjab,12,34,Deal 5,Yes,No,Yes,Fiber Optic,No,No,Yes,Yes,Yes,Yes,Yes,Yes,Month-to-Month,Yes,Bank Withdrawal,98.0999984741211,396.29998779296875,0.0,0,22.520000457763672,418.82000732421875,Churned,Competitor,Competitor made better offer,0.87,87.0,1,High,"Offer an incentive to move to a long-term contract | Offer a personalized pricing or loyalty discount | Offer a service review or upgrade consultation. Key signals: month-to-month contract, high monthly charge, fiber service customer.",High
16554-RAJ,Female,64,No,Rajasthan,2,15,None,Yes,Yes,Yes,Fiber Optic,No,No,No,No,No,No,No,Yes,Month-to-Month,Yes,Credit Card,75.19999694824219,633.8499755859375,0.0,0,83.43000030517578,717.280029296875,Stayed,Others,Others,0.69,69.0,1,Medium,"Offer an incentive to move to a long-term contract | Offer priority/premium customer support | Offer a service review or upgrade consultation. Key signals: month-to-month contract, premium support not active, fiber service customer.",Medium
16562-UTT,Female,72,Yes,Uttar Pradesh,10,19,Deal 2,Yes,Yes,Yes,Fiber Optic,No,No,Yes,No,Yes,Yes,Yes,Yes,Month-to-Month,Yes,Bank Withdrawal,98.69999694824219,5812.60009765625,0.0,0,184.44000244140625,5997.0400390625,Churned,Competitor,Competitor had better devices,0.51,51.0,1,Medium,"Offer an incentive to move to a long-term contract | Offer a personalized pricing or loyalty discount | Offer priority/premium customer support. Key signals: month-to-month contract, high monthly charge, premium support not active.",Medium
18986-ODI,Female,38,No,Odisha,11,4,None,Yes,Yes,Yes,Fiber Optic,No,No,No,No,Yes,Yes,Yes,Yes,Month-to-Month,Yes,Bank Withdrawal,94.19999694824219,193.8000030517578,0.0,0,85.77999877929688,279.5799865722656,Churned,Dissatisfaction,Lack of self-service on Website,0.97,97.0,1,High,"Offer an incentive to move to a long-term contract | Offer a personalized pricing or loyalty discount | Offer an early-tenure loyalty benefit. Key signals: month-to-month contract, high monthly charge, short customer tenure.",High
19000-HAR,Female,19,No,Haryana,8,6,None,Yes,Yes,Yes,Fiber Optic,No,Yes,Yes,No,Yes,Yes,Yes,Yes,Month-to-Month,Yes,Bank Withdrawal,105.9000015258789,6396.4501953125,0.0,0,642.0,7038.4501953125,Churned,Other,Don't know,0.56,56.0,1,Medium,"Offer an incentive to move to a long-term contract | Offer a personalized pricing or loyalty discount | Offer an early-tenure loyalty benefit. Key signals: month-to-month contract, high monthly charge, short customer tenure.",Medium
19006-KAR,Female,23,Yes,Karnataka,4,1,None,Yes,No,Yes,Fiber Optic,No,No,No,No,No,No,Yes,No,Month-to-Month,No,Bank Withdrawal,70.4000015258789,281.0,0.0,70,164.47999572753906,515.47998046875,Churned,Competitor,Competitor had better devices,0.6,60.0,1,Medium,"Offer an incentive to move to a long-term contract | Offer an early-tenure loyalty benefit | Offer priority/premium customer support. Key signals: month-to-month contract, short customer tenure, premium support not active.",Medium
19096-WES,Female,58,Yes,West Bengal,14,28,Deal 4,Yes,Yes,Yes,Fiber Optic,No,Yes,No,No,Yes,No,No,Yes,Month-to-Month,Yes,Bank Withdrawal,89.75,1052.4000244140625,0.0,0,172.55999755859375,1224.9599609375,Churned,Attitude,Attitude of support person,0.73,73.0,1,High,"Offer an incentive to move to a long-term contract | Offer a personalized pricing or loyalty discount | Offer priority/premium customer support. Key signals: month-to-month contract, high monthly charge, premium support not active.",High
19233-AND,Female,28,No,Andhra Pradesh,14,36,None,Yes,Yes,Yes,Fiber Optic,No,No,No,Yes,No,No,No,Yes,Month-to-Month,Yes,Bank Withdrawal,79.6500015258789,251.75,0.0,0,129.80999755859375,381.55999755859375,Churned,Competitor,Competitor offered more data,0.85,85.0,1,High,"Offer an incentive to move to a long-term contract | Offer a service review or upgrade consultation | Evaluate eligibility for a value plan. Key signals: month-to-month contract, fiber service customer, no value deal assigned.",High
19235-GUJ,Female,71,No,Gujarat,15,18,None,Yes,No,Yes,Fiber Optic,No,No,Yes,No,No,Yes,Yes,Yes,Month-to-Month,Yes,Credit Card,84.5999984741211,865.5499877929688,0.0,0,168.5,1034.050048828125,Churned,Attitude,Attitude of support person,0.71,71.0,1,High,"Offer an incentive to move to a long-term contract | Offer a personalized pricing or loyalty discount | Offer priority/premium customer support. Key signals: month-to-month contract, high monthly charge, premium support not active.",High
23464-UTT,Female,56,No,Uttar Pradesh,15,24,None,Yes,Yes,Yes,Fiber Optic,No,Yes,No,No,No,No,No,Yes,Month-to-Month,Yes,Bank Withdrawal,80.05000305175781,830.7000122070312,0.0,0,497.0,1327.699951171875,Churned,Competitor,Competitor offered higher download speeds,0.59,59.0,1,Medium,"Offer an incentive to move to a long-term contract | Offer a personalized pricing or loyalty discount | Offer priority/premium customer support. Key signals: month-to-month contract, high monthly charge, premium support not active.",Medium
23587-JHA,Female,67,Yes,Jharkhand,1,6,Deal 4,Yes,Yes,Yes,Cable,No,Yes,Yes,No,Yes,Yes,No,No,Month-to-Month,Yes,Bank Withdrawal,106.9000015258789,1364.300048828125,0.0,10,424.8399963378906,1799.1400146484375,Churned,Competitor,Competitor had better devices,0.68,68.0,1,Medium,"Offer an incentive to move to a long-term contract | Offer a personalized pricing or loyalty discount | Offer an early-tenure loyalty benefit. Key signals: month-to-month contract, high monthly charge, short customer tenure.",Medium
23691-WES,Male,59,Yes,West Bengal,11,24,None,Yes,No,Yes,Fiber Optic,No,Yes,No,No,Yes,Yes,Yes,Yes,Month-to-Month,Yes,Bank Withdrawal,95.9000015258789,2448.75,0.0,0,131.75,2580.5,Churned,Competitor,Competitor offered more data,0.58,58.0,1,Medium,"Offer an incentive to move to a long-term contract | Offer a personalized pricing or loyalty discount | Offer priority/premium customer support. Key signals: month-to-month contract, high monthly charge, premium support not active.",Medium
23770-TAM,Female,76,No,Tamil Nadu,8,15,Deal 4,Yes,Yes,Yes,Fiber Optic,No,No,Yes,No,Yes,Yes,No,Yes,Month-to-Month,Yes,Bank Withdrawal,99.55000305175781,1131.199951171875,0.0,0,14.079999923706055,1145.280029296875,Churned,Competitor,Competitor made better offer,0.86,86.0,1,High,"Offer an incentive to move to a long-term contract | Offer a personalized pricing or loyalty discount | Offer priority/premium customer support. Key signals: month-to-month contract, high monthly charge, premium support not active.",High
23786-AND,Female,34,Yes,Andhra Pradesh,14,11,Deal 5,Yes,No,Yes,DSL,No,Yes,No,No,No,No,No,Yes,Month-to-Month,Yes,Bank Withdrawal,51.349998474121094,262.29998779296875,0.0,0,85.80000305175781,348.1000061035156,Stayed,Others,Others,0.51,51.0,1,Medium,"Offer an incentive to move to a long-term contract | Offer an early-tenure loyalty benefit | Offer priority/premium customer support. Key signals: month-to-month contract, short customer tenure, premium support not active.",Medium
23806-JAM,Female,67,No,Jammu & Kashmir,2,34,None,Yes,No,Yes,Fiber Optic,No,Yes,Yes,Yes,Yes,No,No,No,Month-to-Month,Yes,Credit Card,92.5,934.0999755859375,0.0,100,111.19999694824219,1145.300048828125,Churned,Competitor,Competitor made better offer,0.72,72.0,1,High,"Offer an incentive to move to a long-term contract | Offer a personalized pricing or loyalty discount | Offer a service review or upgrade consultation. Key signals: month-to-month contract, high monthly charge, fiber service customer.",High
23811-ASS,Male,46,No,Assam,2,3,Deal 4,Yes,No,Yes,Fiber Optic,Yes,No,Yes,No,No,No,No,Yes,Month-to-Month,No,Bank Withdrawal,81.69999694824219,858.5999755859375,0.0,0,220.55999755859375,1079.1600341796875,Churned,Dissatisfaction,Poor expertise of phone support,0.64,64.0,1,Medium,"Offer an incentive to move to a long-term contract | Offer a personalized pricing or loyalty discount | Offer an early-tenure loyalty benefit. Key signals: month-to-month contract, high monthly charge, short customer tenure.",Medium
27812-TAM,Male,44,Yes,Tamil Nadu,13,14,Deal 5,Yes,No,Yes,DSL,No,No,No,Yes,No,No,No,Yes,Month-to-Month,Yes,Bank Withdrawal,49.20000076293945,216.89999389648438,0.0,0,36.54999923706055,253.4499969482422,Churned,Competitor,Competitor offered more data,0.59,59.0,1,Medium,Offer an incentive to move to a long-term contract. Key signals: month-to-month contract.,Medium
27828-JHA,Female,42,No,Jharkhand,3,24,Deal 3,Yes,Yes,Yes,Fiber Optic,Yes,No,No,No,Yes,Yes,Yes,Yes,Month-to-Month,Yes,Bank Withdrawal,100.4000015258789,2936.25,0.0,0,517.7999877929688,3454.050048828125,Stayed,Others,Others,0.53,53.0,1,Medium,"Offer an incentive to move to a long-term contract | Offer a personalized pricing or loyalty discount | Offer priority/premium customer support. Key signals: month-to-month contract, high monthly charge, premium support not active.",Medium
27880-UTT,Male,74,No,Uttar Pradesh,1,25,None,Yes,Yes,Yes,Fiber Optic,No,Yes,Yes,No,Yes,Yes,No,Yes,Month-to-Month,Yes,Bank Withdrawal,105.9000015258789,334.6499938964844,0.0,0,123.9000015258789,458.54998779296875,Churned,Attitude,Attitude of service provider,0.89,89.0,1,High,"Offer an incentive to move to a long-term contract | Offer a personalized pricing or loyalty discount | Offer priority/premium customer support. Key signals: month-to-month contract, high monthly charge, premium support not active.",High
27896-JHA,Female,43,Yes,Jharkhand,3,3,None,Yes,No,Yes,Fiber Optic,No,No,No,No,No,Yes,Yes,Yes,Month-to-Month,No,Bank Withdrawal,79.5999984741211,79.5999984741211,0.0,0,19.31999969482422,98.91999816894531,Churned,Attitude,Attitude of support person,1.0,100.0,1,High,"Offer an incentive to move to a long-term contract | Offer an early-tenure loyalty benefit | Offer priority/premium customer support. Key signals: month-to-month contract, short customer tenure, premium support not active.",High
32054-JAM,Male,68,No,Jammu & Kashmir,1,24,None,Yes,Yes,Yes,Fiber Optic,No,No,No,No,Yes,Yes,No,Yes,Month-to-Month,Yes,Bank Withdrawal,94.5,3105.550048828125,0.0,0,916.739990234375,4022.2900390625,Churned,Dissatisfaction,Poor expertise of online support,0.75,75.0,1,High,"Offer an incentive to move to a long-term contract | Offer a personalized pricing or loyalty discount | Offer priority/premium customer support. Key signals: month-to-month contract, high monthly charge, premium support not active.",High
32059-JAM,Female,71,Yes,Jammu & Kashmir,6,27,None,Yes,Yes,Yes,Fiber Optic,No,No,No,No,Yes,No,No,Yes,Month-to-Month,Yes,Bank Withdrawal,84.75,1350.1500244140625,0.0,0,280.1600036621094,1630.31005859375,Churned,Attitude,Attitude of support person,0.93,93.0,1,High,"Offer an incentive to move to a long-term contract | Offer a personalized pricing or loyalty discount | Offer priority/premium customer support. Key signals: month-to-month contract, high monthly charge, premium support not active.",High
32103-GUJ,Female,76,No,Gujarat,12,28,None,Yes,Yes,Yes,Fiber Optic,No,No,No,No,Yes,Yes,Yes,Yes,Month-to-Month,Yes,Bank Withdrawal,95.05000305175781,1290.0,0.0,0,247.38999938964844,1537.3900146484375,Churned,Competitor,Competitor made better offer,0.82,82.0,1,High,"Offer an incentive to move to a long-term contract | Offer a personalized pricing or loyalty discount | Offer priority/premium customer support. Key signals: month-to-month contract, high monthly charge, premium support not active.",High
32117-TAM,Female,25,Yes,Tamil Nadu,7,26,None,Yes,Yes,Yes,Fiber Optic,No,No,No,No,Yes,No,No,No,Month-to-Month,Yes,Bank Withdrawal,84.1500015258789,1821.949951171875,0.0,60,422.3999938964844,2304.35009765625,Stayed,Others,Others,0.5,50.0,1,Medium,"Offer an incentive to move to a long-term contract | Offer a personalized pricing or loyalty discount | Offer priority/premium customer support. Key signals: month-to-month contract, high monthly charge, premium support not active.",Medium
32129-GUJ,Male,67,No,Gujarat,12,29,None,Yes,No,Yes,Fiber Optic,No,No,Yes,No,No,No,No,Yes,Month-to-Month,Yes,Bank Withdrawal,76.6500015258789,1313.550048828125,0.0,0,520.3699951171875,1833.9200439453125,Churned,Competitor,Competitor offered more data,0.63,63.0,1,Medium,"Offer an incentive to move to a long-term contract | Offer priority/premium customer support | Offer a service review or upgrade consultation. Key signals: month-to-month contract, premium support not active, fiber service customer.",Medium
32214-HAR,Female,30,Yes,Haryana,12,19,Deal 5,No,No,Yes,DSL,No,No,No,No,Yes,No,No,Yes,Month-to-Month,Yes,Bank Withdrawal,34.70000076293945,34.70000076293945,0.0,0,0.0,34.70000076293945,Churned,Other,Don't know,0.98,98.0,1,High,"Offer an incentive to move to a long-term contract | Offer priority/premium customer support. Key signals: month-to-month contract, premium support not active.",High
32317-KAR,Female,52,No,Karnataka,13,33,Deal 5,Yes,No,Yes,Cable,No,No,No,No,No,Yes,Yes,Yes,Month-to-Month,No,Bank Withdrawal,80.0,80.0,0.0,0,35.709999084472656,115.70999908447266,Churned,Competitor,Competitor had better devices,0.99,99.0,1,High,"Offer an incentive to move to a long-term contract | Offer a personalized pricing or loyalty discount | Offer priority/premium customer support. Key signals: month-to-month contract, high monthly charge, premium support not active.",High
32377-DEL,Female,59,Yes,Delhi,10,31,None,Yes,No,Yes,Fiber Optic,Yes,No,Yes,No,Yes,No,No,Yes,Month-to-Month,Yes,Bank Withdrawal,89.4000015258789,1539.449951171875,0.0,0,326.2300109863281,1865.6800537109375,Churned,Dissatisfaction,Service dissatisfaction,0.53,53.0,1,Medium,"Offer an incentive to move to a long-term contract | Offer a personalized pricing or loyalty discount | Offer priority/premium customer support. Key signals: month-to-month contract, high monthly charge, premium support not active.",Medium
35700-MAH,Female,55,No,Maharashtra,9,32,Deal 5,Yes,No,Yes,Fiber Optic,No,No,No,No,No,No,No,Yes,Month-to-Month,Yes,Bank Withdrawal,69.9000015258789,69.9000015258789,0.0,0,45.65999984741211,115.55999755859375,Churned,Competitor,Competitor offered higher download speeds,1.0,100.0,1,High,"Offer an incentive to move to a long-term contract | Offer priority/premium customer support | Offer a service review or upgrade consultation. Key signals: month-to-month contract, premium support not active, fiber service customer.",High
35773-TAM,Female,43,Yes,Tamil Nadu,6,21,None,Yes,No,Yes,Cable,Yes,No,No,No,No,No,No,No,Month-to-Month,Yes,Bank Withdrawal,49.400001525878906,184.39999389648438,0.0,10,39.08000183105469,233.47999572753906,Churned,Other,Don't know,0.74,74.0,1,High,"Offer an incentive to move to a long-term contract | Offer priority/premium customer support | Evaluate eligibility for a value plan. Key signals: month-to-month contract, premium support not active, no value deal assigned.",High
35816-UTT,Male,43,No,Uttar Pradesh,7,4,None,Yes,No,Yes,DSL,No,No,No,No,No,Yes,Yes,Yes,Month-to-Month,Yes,Mailed Check,54.75,54.75,0.0,0,13.010000228881836,67.76000213623047,Churned,Dissatisfaction,Network reliability,1.0,100.0,1,High,"Offer an incentive to move to a long-term contract | Offer an early-tenure loyalty benefit | Offer priority/premium customer support. Key signals: month-to-month contract, short customer tenure, premium support not active.",High
35841-KAR,Female,53,No,Karnataka,5,4,Deal 5,Yes,Yes,Yes,Fiber Optic,No,Yes,No,Yes,No,No,No,Yes,Month-to-Month,Yes,Bank Withdrawal,85.4000015258789,401.1000061035156,45.369998931884766,0,211.4499969482422,567.1799926757812,Churned,Dissatisfaction,Network reliability,0.72,72.0,1,High,"Offer an incentive to move to a long-term contract | Offer a personalized pricing or loyalty discount | Offer an early-tenure loyalty benefit. Key signals: month-to-month contract, high monthly charge, short customer tenure.",High
39561-KAR,Female,26,No,Karnataka,3,24,None,Yes,No,Yes,Cable,No,No,No,No,No,No,No,Yes,Month-to-Month,Yes,Bank Withdrawal,44.349998474121094,44.349998474121094,0.0,0,40.41999816894531,84.7699966430664,Churned,Attitude,Attitude of support person,1.0,100.0,1,High,"Offer an incentive to move to a long-term contract | Offer priority/premium customer support | Evaluate eligibility for a value plan. Key signals: month-to-month contract, premium support not active, no value deal assigned.",High
39603-RAJ,Female,81,Yes,Rajasthan,10,7,None,Yes,Yes,Yes,Fiber Optic,No,No,No,No,No,No,No,Yes,Month-to-Month,Yes,Bank Withdrawal,75.3499984741211,75.3499984741211,0.0,0,28.489999771118164,103.83999633789062,Churned,Attitude,Attitude of support person,1.0,100.0,1,High,"Offer an incentive to move to a long-term contract | Offer an early-tenure loyalty benefit | Offer priority/premium customer support. Key signals: month-to-month contract, short customer tenure, premium support not active.",High
39606-TAM,Female,73,Yes,Tamil Nadu,8,29,None,Yes,Yes,Yes,Fiber Optic,No,No,No,No,Yes,Yes,No,Yes,Month-to-Month,Yes,Bank Withdrawal,96.1500015258789,1529.199951171875,0.0,0,620.0,2149.199951171875,Churned,Other,Don't know,0.9,90.0,1,High,"Offer an incentive to move to a long-term contract | Offer a personalized pricing or loyalty discount | Offer priority/premium customer support. Key signals: month-to-month contract, high monthly charge, premium support not active.",High
39642-RAJ,Female,54,No,Rajasthan,4,34,Deal 5,Yes,No,Yes,DSL,No,No,No,No,Yes,No,No,Yes,Month-to-Month,Yes,Credit Card,54.70000076293945,169.4499969482422,0.0,0,8.640000343322754,178.08999633789062,Churned,Competitor,Competitor had better devices,0.74,74.0,1,High,"Offer an incentive to move to a long-term contract | Offer priority/premium customer support. Key signals: month-to-month contract, premium support not active.",High
39659-JAM,Female,61,No,Jammu & Kashmir,8,10,None,Yes,No,Yes,Fiber Optic,No,No,No,No,Yes,No,No,Yes,Month-to-Month,Yes,Bank Withdrawal,79.0999984741211,79.0999984741211,0.0,0,42.29999923706055,121.4000015258789,Churned,Competitor,Competitor made better offer,0.99,99.0,1,High,"Offer an incentive to move to a long-term contract | Offer an early-tenure loyalty benefit | Offer priority/premium customer support. Key signals: month-to-month contract, short customer tenure, premium support not active.",High
39718-KAR,Female,63,No,Karnataka,1,36,Deal 3,Yes,Yes,Yes,Fiber Optic,No,No,No,No,Yes,Yes,Yes,Yes,Month-to-Month,Yes,Bank Withdrawal,95.4000015258789,3474.199951171875,0.0,0,1460.8800048828125,4935.080078125,Stayed,Others,Others,0.5,50.0,1,Medium,"Offer an incentive to move to a long-term contract | Offer a personalized pricing or loyalty discount | Offer priority/premium customer support. Key signals: month-to-month contract, high monthly charge, premium support not active.",Medium
43991-TAM,Female,52,No,Tamil Nadu,6,25,Deal 5,Yes,No,Yes,DSL,No,No,Yes,No,No,No,No,Yes,Month-to-Month,No,Mailed Check,50.45000076293945,50.45000076293945,0.0,0,9.729999542236328,60.18000030517578,Churned,Competitor,Competitor made better offer,0.99,99.0,1,High,"Offer an incentive to move to a long-term contract | Offer priority/premium customer support. Key signals: month-to-month contract, premium support not active.",High
44010-BIH,Male,59,No,Bihar,0,29,Deal 5,Yes,No,No,None,No,No,No,No,No,No,No,No,Month-to-Month,Yes,Credit Card,20.25,20.25,0.0,0,10.710000038146973,30.959999084472656,Churned,Attitude,Attitude of support person,0.9,90.0,1,High,"Offer an incentive to move to a long-term contract | Offer priority/premium customer support. Key signals: month-to-month contract, premium support not active.",High
44045-KER,Female,19,Yes,Kerala,7,6,Deal 5,Yes,No,Yes,Fiber Optic,No,No,Yes,No,No,Yes,Yes,Yes,Month-to-Month,Yes,Credit Card,82.8499984741211,319.6000061035156,0.0,0,79.36000061035156,398.9599914550781,Stayed,Others,Others,0.77,77.0,1,High,"Offer an incentive to move to a long-term contract | Offer a personalized pricing or loyalty discount | Offer an early-tenure loyalty benefit. Key signals: month-to-month contract, high monthly charge, short customer tenure.",High
44056-AND,Female,73,Yes,Andhra Pradesh,10,4,None,Yes,No,Yes,Fiber Optic,No,Yes,No,No,No,No,No,Yes,Month-to-Month,Yes,Credit Card,73.80000305175781,4003.85009765625,0.0,0,887.219970703125,4891.06982421875,Stayed,Others,Others,0.63,63.0,1,Medium,"Offer an incentive to move to a long-term contract | Offer an early-tenure loyalty benefit | Offer priority/premium customer support. Key signals: month-to-month contract, short customer tenure, premium support not active.",Medium
44198-TEL,Female,49,Yes,Telangana,3,24,None,Yes,No,No,None,No,No,No,No,No,No,No,No,Month-to-Month,No,Mailed Check,19.450000762939453,19.450000762939453,0.0,0,28.729999542236328,48.18000030517578,Churned,Competitor,Competitor made better offer,0.98,98.0,1,High,"Offer an incentive to move to a long-term contract | Offer priority/premium customer support | Evaluate eligibility for a value plan. Key signals: month-to-month contract, premium support not active, no value deal assigned.",High
47767-BIH,Female,22,Yes,Bihar,0,1,Deal 5,Yes,No,Yes,Fiber Optic,No,No,No,No,Yes,No,Yes,No,Month-to-Month,Yes,Bank Withdrawal,81.0,340.8500061035156,0.0,50,86.4800033569336,477.3299865722656,Churned,Dissatisfaction,Limited range of services,0.79,79.0,1,High,"Offer an incentive to move to a long-term contract | Offer a personalized pricing or loyalty discount | Offer an early-tenure loyalty benefit. Key signals: month-to-month contract, high monthly charge, short customer tenure.",High
47841-GUJ,Male,61,No,Gujarat,9,23,None,Yes,No,Yes,Cable,No,No,No,No,No,Yes,Yes,Yes,Month-to-Month,Yes,Credit Card,55.70000076293945,55.70000076293945,0.0,0,48.220001220703125,103.91999816894531,Churned,Dissatisfaction,Product dissatisfaction,0.98,98.0,1,High,"Offer an incentive to move to a long-term contract | Offer priority/premium customer support | Evaluate eligibility for a value plan. Key signals: month-to-month contract, premium support not active, no value deal assigned.",High
47895-TAM,Male,65,Yes,Tamil Nadu,6,28,Deal 5,Yes,Yes,Yes,Fiber Optic,No,No,No,No,No,No,No,Yes,Month-to-Month,Yes,Bank Withdrawal,74.4000015258789,74.4000015258789,0.0,0,11.079999923706055,85.4800033569336,Churned,Price,Price too high,1.0,100.0,1,High,"Offer an incentive to move to a long-term contract | Offer priority/premium customer support | Offer a service review or upgrade consultation. Key signals: month-to-month contract, premium support not active, fiber service customer.",High
52380-JAM,Male,56,Yes,Jammu & Kashmir,8,23,None,Yes,No,Yes,Fiber Optic,No,No,No,No,No,Yes,Yes,No,Month-to-Month,Yes,Bank Withdrawal,80.19999694824219,181.10000610351562,0.0,10,52.939998626708984,244.0399932861328,Churned,Competitor,Competitor made better offer,0.89,89.0,1,High,"Offer an incentive to move to a long-term contract | Offer a personalized pricing or loyalty discount | Offer priority/premium customer support. Key signals: month-to-month contract, high monthly charge, premium support not active.",High
52755-KER,Male,21,No,Kerala,7,11,None,Yes,No,Yes,Fiber Optic,No,Yes,No,Yes,Yes,No,No,Yes,Month-to-Month,Yes,Bank Withdrawal,89.75,608.7999877929688,26.020000457763672,0,134.61000061035156,717.3900146484375,Churned,Dissatisfaction,Poor expertise of online support,0.55,55.0,1,Medium,"Offer an incentive to move to a long-term contract | Offer a personalized pricing or loyalty discount | Offer an early-tenure loyalty benefit. Key signals: month-to-month contract, high monthly charge, short customer tenure.",Medium
52773-TAM,Male,73,Yes,Tamil Nadu,13,18,None,Yes,Yes,Yes,Fiber Optic,No,No,No,No,Yes,Yes,Yes,Yes,Month-to-Month,Yes,Bank Withdrawal,92.5,3473.39990234375,0.0,0,1826.68994140625,5300.08984375,Churned,Competitor,Competitor had better devices,0.65,65.0,1,Medium,"Offer an incentive to move to a long-term contract | Offer a personalized pricing or loyalty discount | Offer priority/premium customer support. Key signals: month-to-month contract, high monthly charge, premium support not active.",Medium
52785-HAR,Female,76,No,Haryana,7,30,Deal 3,Yes,Yes,Yes,Fiber Optic,Yes,No,No,No,Yes,Yes,Yes,Yes,Month-to-Month,Yes,Bank Withdrawal,99.05000305175781,3554.60009765625,0.0,0,1107.4000244140625,4662.0,Stayed,Others,Others,0.68,68.0,1,Medium,"Offer an incentive to move to a long-term contract | Offer a personalized pricing or loyalty discount | Offer priority/premium customer support. Key signals: month-to-month contract, high monthly charge, premium support not active.",Medium
52916-JAM,Male,62,Yes,Jammu & Kashmir,7,4,Deal 5,Yes,Yes,Yes,Fiber Optic,No,No,No,No,No,No,No,Yes,Month-to-Month,Yes,Credit Card,75.0999984741211,270.70001220703125,0.0,0,79.55999755859375,350.260009765625,Churned,Competitor,Competitor made better offer,0.85,85.0,1,High,"Offer an incentive to move to a long-term contract | Offer an early-tenure loyalty benefit | Offer priority/premium customer support. Key signals: month-to-month contract, short customer tenure, premium support not active.",High
52951-RAJ,Female,39,No,Rajasthan,13,25,None,Yes,No,Yes,Fiber Optic,No,Yes,No,Yes,Yes,Yes,Yes,Yes,Month-to-Month,Yes,Bank Withdrawal,97.9000015258789,315.29998779296875,0.0,0,90.54000091552734,405.8399963378906,Churned,Price,Price too high,0.89,89.0,1,High,"Offer an incentive to move to a long-term contract | Offer a personalized pricing or loyalty discount | Offer a service review or upgrade consultation. Key signals: month-to-month contract, high monthly charge, fiber service customer.",High
56658-ASS,Female,26,No,Assam,12,29,Deal 5,Yes,No,Yes,DSL,No,No,No,No,No,No,Yes,Yes,Month-to-Month,Yes,Bank Withdrawal,43.29999923706055,123.6500015258789,0.0,0,146.52000427246094,270.1700134277344,Churned,Price,Lack of affordable download/upload speed,0.77,77.0,1,High,"Offer an incentive to move to a long-term contract | Offer priority/premium customer support. Key signals: month-to-month contract, premium support not active.",High
57012-MAH,Female,36,No,Maharashtra,3,33,None,Yes,No,Yes,Fiber Optic,No,No,Yes,No,Yes,No,No,Yes,Month-to-Month,No,Bank Withdrawal,85.30000305175781,1219.8499755859375,0.0,0,409.5,1629.3499755859375,Stayed,Others,Others,0.52,52.0,1,Medium,"Offer an incentive to move to a long-term contract | Offer a personalized pricing or loyalty discount | Offer priority/premium customer support. Key signals: month-to-month contract, high monthly charge, premium support not active.",Medium
57048-PUN,Female,58,No,Punjab,7,7,Deal 5,Yes,No,Yes,Fiber Optic,No,Yes,No,No,Yes,No,No,Yes,Month-to-Month,No,Bank Withdrawal,83.75,247.25,0.0,0,139.0800018310547,386.3299865722656,Churned,Attitude,Attitude of support person,0.87,87.0,1,High,"Offer an incentive to move to a long-term contract | Offer a personalized pricing or loyalty discount | Offer an early-tenure loyalty benefit. Key signals: month-to-month contract, high monthly charge, short customer tenure.",High
57049-AND,Male,64,No,Andhra Pradesh,11,28,Deal 5,No,No,Yes,DSL,No,No,No,No,No,Yes,Yes,Yes,Month-to-Month,No,Mailed Check,35.04999923706055,35.04999923706055,0.0,0,0.0,35.04999923706055,Churned,Competitor,Competitor offered higher download speeds,0.94,94.0,1,High,"Offer an incentive to move to a long-term contract | Offer priority/premium customer support. Key signals: month-to-month contract, premium support not active.",High
57111-KAR,Male,44,No,Karnataka,4,7,Deal 5,Yes,Yes,Yes,Fiber Optic,No,No,No,No,No,Yes,Yes,Yes,Month-to-Month,Yes,Bank Withdrawal,86.5999984741211,86.5999984741211,0.0,0,5.429999828338623,92.02999877929688,Churned,Competitor,Competitor offered higher download speeds,1.0,100.0,1,High,"Offer an incentive to move to a long-term contract | Offer a personalized pricing or loyalty discount | Offer an early-tenure loyalty benefit. Key signals: month-to-month contract, high monthly charge, short customer tenure.",High
62096-KAR,Female,83,No,Karnataka,12,36,None,Yes,Yes,Yes,Fiber Optic,Yes,No,Yes,No,Yes,No,No,Yes,Month-to-Month,Yes,Bank Withdrawal,96.5,1392.25,0.0,0,342.45001220703125,1734.699951171875,Stayed,Others,Others,0.73,73.0,1,High,"Offer an incentive to move to a long-term contract | Offer a personalized pricing or loyalty discount | Offer priority/premium customer support. Key signals: month-to-month contract, high monthly charge, premium support not active.",High
62148-JAM,Male,21,Yes,Jammu & Kashmir,1,1,Deal 5,Yes,Yes,Yes,Fiber Optic,No,Yes,Yes,No,No,No,Yes,Yes,Month-to-Month,Yes,Bank Withdrawal,84.80000305175781,371.8999938964844,0.0,0,115.08000183105469,486.9800109863281,Churned,Competitor,Competitor made better offer,0.76,76.0,1,High,"Offer an incentive to move to a long-term contract | Offer a personalized pricing or loyalty discount | Offer an early-tenure loyalty benefit. Key signals: month-to-month contract, high monthly charge, short customer tenure.",High
62238-KER,Female,26,No,Kerala,2,8,None,Yes,No,Yes,Fiber Optic,No,Yes,No,No,No,No,Yes,Yes,Month-to-Month,Yes,Bank Withdrawal,73.55000305175781,145.39999389648438,0.0,0,17.0,162.39999389648438,Churned,Competitor,Competitor had better devices,0.94,94.0,1,High,"Offer an incentive to move to a long-term contract | Offer an early-tenure loyalty benefit | Offer priority/premium customer support. Key signals: month-to-month contract, short customer tenure, premium support not active.",High
65431-CHH,Female,31,No,Chhattisgarh,12,24,Deal 5,Yes,No,No,None,No,No,No,No,No,No,No,No,Month-to-Month,No,Credit Card,20.350000381469727,76.3499984741211,0.0,0,49.720001220703125,126.06999969482422,Churned,Price,Long distance charges,0.51,51.0,1,Medium,"Offer an incentive to move to a long-term contract | Offer priority/premium customer support. Key signals: month-to-month contract, premium support not active.",Medium
65450-KAR,Male,51,No,Karnataka,3,28,None,Yes,No,No,None,No,No,No,No,No,No,No,No,Month-to-Month,No,Bank Withdrawal,20.549999237060547,20.549999237060547,0.0,0,15.90999984741211,36.459999084472656,Churned,Attitude,Attitude of service provider,0.97,97.0,1,High,"Offer an incentive to move to a long-term contract | Offer priority/premium customer support | Evaluate eligibility for a value plan. Key signals: month-to-month contract, premium support not active, no value deal assigned.",High
65482-GUJ,Female,65,No,Gujarat,10,32,Deal 4,Yes,Yes,Yes,Fiber Optic,Yes,No,No,No,Yes,No,No,Yes,Month-to-Month,Yes,Bank Withdrawal,90.5999984741211,1660.0,0.0,0,534.280029296875,2194.280029296875,Churned,Price,Extra data charges,0.56,56.0,1,Medium,"Offer an incentive to move to a long-term contract | Offer a personalized pricing or loyalty discount | Offer priority/premium customer support. Key signals: month-to-month contract, high monthly charge, premium support not active.",Medium
65493-WES,Female,18,Yes,West Bengal,10,6,None,Yes,No,No,None,No,No,No,No,No,No,No,No,Month-to-Month,No,Credit Card,19.75,19.75,0.0,0,29.329999923706055,49.08000183105469,Churned,Competitor,Competitor made better offer,0.78,78.0,1,High,"Offer an incentive to move to a long-term contract | Offer an early-tenure loyalty benefit | Offer priority/premium customer support. Key signals: month-to-month contract, short customer tenure, premium support not active.",High
65509-DEL,Male,61,No,Delhi,0,25,None,Yes,Yes,Yes,Fiber Optic,No,No,Yes,Yes,Yes,Yes,Yes,No,Month-to-Month,Yes,Bank Withdrawal,103.44999694824219,1539.800048828125,0.0,140,279.0,1958.800048828125,Stayed,Others,Others,0.62,62.0,1,Medium,"Offer an incentive to move to a long-term contract | Offer a personalized pricing or loyalty discount | Offer a service review or upgrade consultation. Key signals: month-to-month contract, high monthly charge, fiber service customer.",Medium
65524-BIH,Female,83,No,Bihar,2,13,None,No,No,Yes,Cable,No,No,No,No,Yes,No,No,Yes,Month-to-Month,Yes,Bank Withdrawal,36.45000076293945,36.45000076293945,0.0,0,0.0,36.45000076293945,Churned,Dissatisfaction,Service dissatisfaction,0.92,92.0,1,High,"Offer an incentive to move to a long-term contract | Offer priority/premium customer support | Evaluate eligibility for a value plan. Key signals: month-to-month contract, premium support not active, no value deal assigned.",High
69122-WES,Female,81,No,West Bengal,15,15,Deal 4,Yes,No,Yes,Fiber Optic,No,No,No,No,No,No,No,Yes,Month-to-Month,No,Credit Card,71.30000305175781,1389.199951171875,0.0,0,114.19999694824219,1503.4000244140625,Churned,Attitude,Attitude of service provider,0.56,56.0,1,Medium,"Offer an incentive to move to a long-term contract | Offer priority/premium customer support | Offer a service review or upgrade consultation. Key signals: month-to-month contract, premium support not active, fiber service customer.",Medium
69142-UTT,Male,61,Yes,Uttar Pradesh,11,27,None,No,No,Yes,DSL,No,No,No,No,No,No,No,Yes,Month-to-Month,Yes,Credit Card,24.450000762939453,47.5,0.0,0,0.0,47.5,Churned,Competitor,Competitor offered more data,0.98,98.0,1,High,"Offer an incentive to move to a long-term contract | Offer priority/premium customer support | Evaluate eligibility for a value plan. Key signals: month-to-month contract, premium support not active, no value deal assigned.",High
69173-TAM,Male,27,No,Tamil Nadu,9,27,Deal 5,Yes,No,No,None,No,No,No,No,No,No,No,No,Month-to-Month,Yes,Bank Withdrawal,19.850000381469727,19.850000381469727,0.0,0,31.770000457763672,51.619998931884766,Churned,Attitude,Attitude of support person,0.97,97.0,1,High,"Offer an incentive to move to a long-term contract | Offer priority/premium customer support. Key signals: month-to-month contract, premium support not active.",High
69444-JAM,Female,31,Yes,Jammu & Kashmir,5,10,None,Yes,Yes,Yes,Fiber Optic,No,No,No,No,No,No,Yes,Yes,Month-to-Month,Yes,Bank Withdrawal,73.8499984741211,511.25,13.029999732971191,0,200.33999633789062,698.5599975585938,Churned,Competitor,Competitor made better offer,0.61,61.0,1,Medium,"Offer an incentive to move to a long-term contract | Offer an early-tenure loyalty benefit | Offer priority/premium customer support. Key signals: month-to-month contract, short customer tenure, premium support not active.",Medium
69510-JAM,Female,44,No,Jammu & Kashmir,2,31,None,Yes,No,Yes,Fiber Optic,No,No,No,No,Yes,Yes,Yes,Yes,Month-to-Month,No,Bank Withdrawal,89.30000305175781,577.5999755859375,0.0,0,15.600000381469727,593.2000122070312,Churned,Other,Don't know,0.75,75.0,1,High,"Offer an incentive to move to a long-term contract | Offer a personalized pricing or loyalty discount | Offer priority/premium customer support. Key signals: month-to-month contract, high monthly charge, premium support not active.",High
73939-TAM,Male,59,No,Tamil Nadu,9,2,Deal 5,Yes,Yes,Yes,Fiber Optic,No,No,Yes,No,Yes,Yes,Yes,Yes,Month-to-Month,Yes,Bank Withdrawal,101.55000305175781,298.3500061035156,0.0,0,65.58000183105469,363.92999267578125,Churned,Dissatisfaction,Network reliability,0.97,97.0,1,High,"Offer an incentive to move to a long-term contract | Offer a personalized pricing or loyalty discount | Offer an early-tenure loyalty benefit. Key signals: month-to-month contract, high monthly charge, short customer tenure.",High
74352-TAM,Female,53,No,Tamil Nadu,6,24,None,Yes,No,Yes,Fiber Optic,No,No,Yes,No,No,No,No,No,Month-to-Month,Yes,Bank Withdrawal,75.1500015258789,525.0,0.0,10,210.4199981689453,745.4199829101562,Stayed,Others,Others,0.56,56.0,1,Medium,"Offer an incentive to move to a long-term contract | Offer priority/premium customer support | Offer a service review or upgrade consultation. Key signals: month-to-month contract, premium support not active, fiber service customer.",Medium
74427-DEL,Female,40,Yes,Delhi,12,2,Deal 5,Yes,No,Yes,Fiber Optic,No,No,No,No,No,No,No,Yes,Month-to-Month,Yes,Bank Withdrawal,70.9000015258789,273.0,8.739999771118164,0,134.0,398.260009765625,Churned,Dissatisfaction,Product dissatisfaction,0.76,76.0,1,High,"Offer an incentive to move to a long-term contract | Offer an early-tenure loyalty benefit | Offer priority/premium customer support. Key signals: month-to-month contract, short customer tenure, premium support not active.",High
74520-ODI,Female,71,Yes,Odisha,7,14,None,Yes,Yes,Yes,Fiber Optic,No,No,No,No,No,Yes,Yes,Yes,Month-to-Month,Yes,Bank Withdrawal,85.05000305175781,85.05000305175781,0.0,0,16.3700008392334,101.41999816894531,Churned,Competitor,Competitor had better devices,1.0,100.0,1,High,"Offer an incentive to move to a long-term contract | Offer a personalized pricing or loyalty discount | Offer priority/premium customer support. Key signals: month-to-month contract, high monthly charge, premium support not active.",High
78049-UTT,Male,71,No,Uttar Pradesh,0,34,None,Yes,Yes,Yes,Fiber Optic,No,No,No,No,No,No,No,Yes,Month-to-Month,Yes,Bank Withdrawal,74.69999694824219,74.69999694824219,0.0,0,11.34000015258789,86.04000091552734,Churned,Competitor,Competitor had better devices,0.98,98.0,1,High,"Offer an incentive to move to a long-term contract | Offer priority/premium customer support | Offer a service review or upgrade consultation. Key signals: month-to-month contract, premium support not active, fiber service customer.",High
78085-JHA,Female,47,No,Jharkhand,3,33,None,Yes,Yes,Yes,Fiber Optic,No,Yes,No,No,No,No,No,Yes,Month-to-Month,Yes,Bank Withdrawal,79.3499984741211,1730.3499755859375,0.0,0,422.17999267578125,2152.530029296875,Churned,Dissatisfaction,Product dissatisfaction,0.57,57.0,1,Medium,"Offer an incentive to move to a long-term contract | Offer priority/premium customer support | Offer a service review or upgrade consultation. Key signals: month-to-month contract, premium support not active, fiber service customer.",Medium
78085-ODI,Male,28,No,Odisha,2,36,Deal 5,Yes,No,Yes,Fiber Optic,No,No,No,No,No,Yes,Yes,Yes,Month-to-Month,No,Bank Withdrawal,80.55000305175781,184.10000610351562,0.0,0,67.77999877929688,251.8800048828125,Churned,Attitude,Attitude of support person,0.88,88.0,1,High,"Offer an incentive to move to a long-term contract | Offer a personalized pricing or loyalty discount | Offer priority/premium customer support. Key signals: month-to-month contract, high monthly charge, premium support not active.",High
78100-KAR,Female,57,No,Karnataka,12,31,Deal 5,Yes,No,Yes,DSL,No,No,No,No,No,No,No,Yes,Month-to-Month,Yes,Bank Withdrawal,45.150001525878906,98.5,0.0,0,12.9399995803833,111.44000244140625,Churned,Competitor,Competitor offered higher download speeds,0.94,94.0,1,High,"Offer an incentive to move to a long-term contract | Offer priority/premium customer support. Key signals: month-to-month contract, premium support not active.",High
78104-JHA,Female,61,Yes,Jharkhand,11,9,Deal 4,Yes,Yes,Yes,Fiber Optic,No,Yes,No,No,No,No,No,Yes,Month-to-Month,Yes,Bank Withdrawal,78.94999694824219,1101.8499755859375,0.0,0,229.0399932861328,1330.8900146484375,Churned,Competitor,Competitor made better offer,0.73,73.0,1,High,"Offer an incentive to move to a long-term contract | Offer an early-tenure loyalty benefit | Offer priority/premium customer support. Key signals: month-to-month contract, short customer tenure, premium support not active.",High
78129-DEL,Female,28,No,Delhi,13,32,None,Yes,No,Yes,Fiber Optic,No,No,Yes,No,No,No,Yes,Yes,Month-to-Month,Yes,Bank Withdrawal,-1.0,325.45001220703125,0.0,0,193.9199981689453,519.3699951171875,Churned,Dissatisfaction,Service dissatisfaction,0.5,50.0,1,Medium,"Offer an incentive to move to a long-term contract | Offer priority/premium customer support | Offer a service review or upgrade consultation. Key signals: month-to-month contract, premium support not active, fiber service customer.",Medium
78228-KER,Female,58,Yes,Kerala,3,8,Deal 5,Yes,No,Yes,Fiber Optic,No,No,No,No,No,No,No,Yes,Month-to-Month,No,Credit Card,69.55000305175781,69.55000305175781,0.0,0,29.780000686645508,99.33000183105469,Churned,Competitor,Competitor had better devices,0.99,99.0,1,High,"Offer an incentive to move to a long-term contract | Offer an early-tenure loyalty benefit | Offer priority/premium customer support. Key signals: month-to-month contract, short customer tenure, premium support not active.",High
78319-TEL,Male,71,Yes,Telangana,8,9,Deal 4,Yes,Yes,Yes,Fiber Optic,No,No,No,No,No,No,No,Yes,Month-to-Month,Yes,Mailed Check,74.44999694824219,1145.699951171875,0.0,0,661.0499877929688,1806.75,Churned,Dissatisfaction,Limited range of services,0.6,60.0,1,Medium,"Offer an incentive to move to a long-term contract | Offer an early-tenure loyalty benefit | Offer priority/premium customer support. Key signals: month-to-month contract, short customer tenure, premium support not active.",Medium
78333-HAR,Female,76,No,Haryana,11,11,None,No,No,Yes,DSL,No,No,Yes,No,No,Yes,No,No,Month-to-Month,Yes,Bank Withdrawal,39.650001525878906,39.650001525878906,0.0,20,0.0,59.650001525878906,Churned,Competitor,Competitor offered more data,0.96,96.0,1,High,"Offer an incentive to move to a long-term contract | Offer an early-tenure loyalty benefit | Offer priority/premium customer support. Key signals: month-to-month contract, short customer tenure, premium support not active.",High
83187-UTT,Female,36,Yes,Uttar Pradesh,9,7,None,Yes,No,Yes,Fiber Optic,No,No,No,No,No,No,No,No,Month-to-Month,No,Bank Withdrawal,70.5,294.20001220703125,0.0,10,113.87999725341797,418.0799865722656,Stayed,Others,Others,0.79,79.0,1,High,"Offer an incentive to move to a long-term contract | Offer an early-tenure loyalty benefit | Offer priority/premium customer support. Key signals: month-to-month contract, short customer tenure, premium support not active.",High
83205-JAM,Female,33,Yes,Jammu & Kashmir,9,13,None,Yes,No,Yes,Fiber Optic,No,Yes,Yes,No,Yes,No,No,Yes,Month-to-Month,Yes,Bank Withdrawal,89.1500015258789,2257.75,0.0,0,616.0,2873.75,Churned,Competitor,Competitor made better offer,0.53,53.0,1,Medium,"Offer an incentive to move to a long-term contract | Offer a personalized pricing or loyalty discount | Offer priority/premium customer support. Key signals: month-to-month contract, high monthly charge, premium support not active.",Medium
83253-KER,Male,25,No,Kerala,9,4,None,Yes,No,Yes,Fiber Optic,No,No,No,No,Yes,Yes,Yes,Yes,Month-to-Month,Yes,Bank Withdrawal,88.3499984741211,88.3499984741211,0.0,0,14.260000228881836,102.61000061035156,Churned,Competitor,Competitor offered higher download speeds,1.0,100.0,1,High,"Offer an incentive to move to a long-term contract | Offer a personalized pricing or loyalty discount | Offer an early-tenure loyalty benefit. Key signals: month-to-month contract, high monthly charge, short customer tenure.",High
83264-BIH,Male,35,Yes,Bihar,0,23,None,No,No,Yes,Cable,Yes,Yes,Yes,Yes,No,No,No,Yes,Month-to-Month,Yes,Mailed Check,43.25,219.0,0.0,0,0.0,219.0,Churned,Dissatisfaction,Network reliability,0.5,50.0,1,Medium,"Offer an incentive to move to a long-term contract | Evaluate eligibility for a value plan. Key signals: month-to-month contract, no value deal assigned.",Medium
87378-KER,Female,33,No,Kerala,0,36,Deal 5,Yes,Yes,Yes,Fiber Optic,No,Yes,No,No,Yes,Yes,Yes,Yes,Month-to-Month,Yes,Credit Card,99.30000305175781,918.75,0.0,0,43.290000915527344,962.0399780273438,Stayed,Others,Others,0.66,66.0,1,Medium,"Offer an incentive to move to a long-term contract | Offer a personalized pricing or loyalty discount | Offer priority/premium customer support. Key signals: month-to-month contract, high monthly charge, premium support not active.",Medium
87408-ODI,Female,53,Yes,Odisha,1,31,Deal 5,Yes,No,Yes,Fiber Optic,No,No,Yes,No,Yes,No,No,Yes,Month-to-Month,Yes,Bank Withdrawal,85.44999694824219,85.44999694824219,0.0,0,22.969999313354492,108.41999816894531,Churned,Price,Lack of affordable download/upload speed,1.0,100.0,1,High,"Offer an incentive to move to a long-term contract | Offer a personalized pricing or loyalty discount | Offer priority/premium customer support. Key signals: month-to-month contract, high monthly charge, premium support not active.",High
87423-WES,Female,71,No,West Bengal,9,6,None,Yes,Yes,Yes,Fiber Optic,No,No,No,No,No,Yes,Yes,Yes,Month-to-Month,No,Bank Withdrawal,85.30000305175781,2661.10009765625,0.0,0,1587.199951171875,4248.2998046875,Churned,Competitor,Competitor had better devices,0.72,72.0,1,High,"Offer an incentive to move to a long-term contract | Offer a personalized pricing or loyalty discount | Offer an early-tenure loyalty benefit. Key signals: month-to-month contract, high monthly charge, short customer tenure.",High
87436-TAM,Female,60,Yes,Tamil Nadu,4,26,None,Yes,No,Yes,Fiber Optic,No,No,No,No,Yes,Yes,Yes,No,Month-to-Month,Yes,Bank Withdrawal,88.80000305175781,2274.35009765625,0.0,50,990.3400268554688,3314.68994140625,Churned,Dissatisfaction,Service dissatisfaction,0.52,52.0,1,Medium,"Offer an incentive to move to a long-term contract | Offer a personalized pricing or loyalty discount | Offer priority/premium customer support. Key signals: month-to-month contract, high monthly charge, premium support not active.",Medium
87547-PUN,Male,74,No,Punjab,7,22,Deal 5,Yes,Yes,Yes,Fiber Optic,No,Yes,No,No,Yes,No,No,Yes,Month-to-Month,Yes,Bank Withdrawal,90.5999984741211,90.5999984741211,0.0,0,13.020000457763672,103.62000274658203,Churned,Other,Don't know,1.0,100.0,1,High,"Offer an incentive to move to a long-term contract | Offer a personalized pricing or loyalty discount | Offer priority/premium customer support. Key signals: month-to-month contract, high monthly charge, premium support not active.",High
87595-KAR,Male,74,No,Karnataka,7,35,None,Yes,No,Yes,Fiber Optic,No,No,No,No,No,No,No,Yes,Month-to-Month,Yes,Bank Withdrawal,70.19999694824219,115.94999694824219,0.0,0,19.100000381469727,135.0500030517578,Churned,Competitor,Competitor offered more data,0.98,98.0,1,High,"Offer an incentive to move to a long-term contract | Offer priority/premium customer support | Offer a service review or upgrade consultation. Key signals: month-to-month contract, premium support not active, fiber service customer.",High
87608-HAR,Male,74,Yes,Haryana,4,9,None,Yes,No,Yes,Fiber Optic,No,No,No,No,No,Yes,Yes,Yes,Month-to-Month,Yes,Credit Card,80.30000305175781,2483.050048828125,0.0,0,66.55999755859375,2549.610107421875,Churned,Dissatisfaction,Service dissatisfaction,0.64,64.0,1,Medium,"Offer an incentive to move to a long-term contract | Offer a personalized pricing or loyalty discount | Offer an early-tenure loyalty benefit. Key signals: month-to-month contract, high monthly charge, short customer tenure.",Medium
87644-JAM,Female,37,No,Jammu & Kashmir,8,16,Deal 5,No,No,Yes,DSL,No,No,No,No,No,No,No,Yes,Month-to-Month,No,Credit Card,25.049999237060547,125.5,0.0,0,0.0,125.5,Stayed,Others,Others,0.66,66.0,1,Medium,"Offer an incentive to move to a long-term contract | Offer priority/premium customer support. Key signals: month-to-month contract, premium support not active.",Medium
92234-TAM,Female,50,No,Tamil Nadu,13,7,None,Yes,No,Yes,Fiber Optic,No,Yes,Yes,Yes,Yes,No,No,Yes,Month-to-Month,Yes,Credit Card,94.8499984741211,890.5999755859375,0.0,0,157.22999572753906,1047.8299560546875,Churned,Other,Don't know,0.53,53.0,1,Medium,"Offer an incentive to move to a long-term contract | Offer a personalized pricing or loyalty discount | Offer an early-tenure loyalty benefit. Key signals: month-to-month contract, high monthly charge, short customer tenure.",Medium
92250-TAM,Female,25,Yes,Tamil Nadu,7,33,None,Yes,Yes,Yes,Fiber Optic,No,No,No,No,No,No,No,Yes,Month-to-Month,No,Bank Withdrawal,76.0,76.0,0.0,0,35.0099983215332,111.01000213623047,Churned,Competitor,Competitor made better offer,1.0,100.0,1,High,"Offer an incentive to move to a long-term contract | Offer priority/premium customer support | Offer a service review or upgrade consultation. Key signals: month-to-month contract, premium support not active, fiber service customer.",High
92306-JAM,Female,56,Yes,Jammu & Kashmir,1,4,None,Yes,Yes,Yes,Fiber Optic,No,No,Yes,No,No,No,No,Yes,Month-to-Month,No,Credit Card,80.5999984741211,155.8000030517578,0.0,0,10.640000343322754,166.44000244140625,Churned,Competitor,Competitor made better offer,0.95,95.0,1,High,"Offer an incentive to move to a long-term contract | Offer a personalized pricing or loyalty discount | Offer an early-tenure loyalty benefit. Key signals: month-to-month contract, high monthly charge, short customer tenure.",High
92317-UTT,Male,29,Yes,Uttar Pradesh,11,22,Deal 5,Yes,Yes,Yes,Fiber Optic,No,No,No,No,Yes,No,Yes,Yes,Month-to-Month,Yes,Bank Withdrawal,85.19999694824219,474.79998779296875,0.0,0,172.4499969482422,647.25,Churned,Attitude,Attitude of service provider,0.83,83.0,1,High,"Offer an incentive to move to a long-term contract | Offer a personalized pricing or loyalty discount | Offer priority/premium customer support. Key signals: month-to-month contract, high monthly charge, premium support not active.",High
96496-UTT,Female,73,Yes,Uttar Pradesh,0,5,None,Yes,No,Yes,Fiber Optic,No,Yes,No,No,No,No,No,Yes,Month-to-Month,Yes,Credit Card,75.30000305175781,1147.449951171875,0.0,0,119.8499984741211,1267.300048828125,Churned,Competitor,Competitor offered more data,0.66,66.0,1,Medium,"Offer an incentive to move to a long-term contract | Offer an early-tenure loyalty benefit | Offer priority/premium customer support. Key signals: month-to-month contract, short customer tenure, premium support not active.",Medium
96510-TEL,Female,76,No,Telangana,7,5,Deal 5,Yes,No,Yes,Fiber Optic,No,No,No,No,No,No,No,Yes,Month-to-Month,Yes,Bank Withdrawal,69.5999984741211,69.5999984741211,0.0,0,34.5099983215332,104.11000061035156,Churned,Competitor,Competitor had better devices,1.0,100.0,1,High,"Offer an incentive to move to a long-term contract | Offer an early-tenure loyalty benefit | Offer priority/premium customer support. Key signals: month-to-month contract, short customer tenure, premium support not active.",High
96575-KAR,Female,78,Yes,Karnataka,5,7,None,Yes,Yes,Yes,Fiber Optic,No,No,Yes,Yes,Yes,Yes,No,Yes,Month-to-Month,Yes,Bank Withdrawal,103.30000305175781,2890.64990234375,0.0,0,787.9199829101562,3678.570068359375,Churned,Competitor,Competitor made better offer,0.6,60.0,1,Medium,"Offer an incentive to move to a long-term contract | Offer a personalized pricing or loyalty discount | Offer an early-tenure loyalty benefit. Key signals: month-to-month contract, high monthly charge, short customer tenure.",Medium
96578-KAR,Female,71,No,Karnataka,8,31,None,Yes,No,No,None,No,No,No,No,No,No,No,No,Month-to-Month,Yes,Bank Withdrawal,19.450000762939453,19.450000762939453,0.0,0,22.920000076293945,42.369998931884766,Churned,Dissatisfaction,Limited range of services,0.98,98.0,1,High,"Offer an incentive to move to a long-term contract | Offer priority/premium customer support | Evaluate eligibility for a value plan. Key signals: month-to-month contract, premium support not active, no value deal assigned.",High
96603-BIH,Female,56,Yes,Bihar,4,30,None,Yes,No,Yes,DSL,No,No,Yes,No,No,No,No,No,Month-to-Month,Yes,Credit Card,49.650001525878906,49.650001525878906,0.0,40,4.179999828338623,93.83000183105469,Churned,Dissatisfaction,Lack of self-service on Website,0.99,99.0,1,High,"Offer an incentive to move to a long-term contract | Offer priority/premium customer support | Evaluate eligibility for a value plan. Key signals: month-to-month contract, premium support not active, no value deal assigned.",High
96613-WES,Male,57,No,West Bengal,9,5,None,Yes,No,Yes,Fiber Optic,No,No,No,No,No,Yes,Yes,Yes,Month-to-Month,No,Bank Withdrawal,79.9000015258789,79.9000015258789,0.0,0,23.200000762939453,103.0999984741211,Churned,Attitude,Attitude of support person,1.0,100.0,1,High,"Offer an incentive to move to a long-term contract | Offer an early-tenure loyalty benefit | Offer priority/premium customer support. Key signals: month-to-month contract, short customer tenure, premium support not active.",High
96644-HAR,Male,60,Yes,Haryana,13,13,None,Yes,No,Yes,Fiber Optic,No,No,No,No,No,No,No,Yes,Month-to-Month,Yes,Bank Withdrawal,69.69999694824219,316.8999938964844,0.0,0,63.0,379.8999938964844,Churned,Competitor,Competitor had better devices,0.75,75.0,1,High,"Offer an incentive to move to a long-term contract | Offer priority/premium customer support | Offer a service review or upgrade consultation. Key signals: month-to-month contract, premium support not active, fiber service customer.",High
96646-TEL,Male,26,Yes,Telangana,14,20,Deal 5,Yes,No,Yes,Fiber Optic,No,Yes,No,Yes,No,Yes,Yes,Yes,Month-to-Month,Yes,Bank Withdrawal,89.3499984741211,461.70001220703125,0.0,0,50.54999923706055,512.25,Churned,Dissatisfaction,Network reliability,0.83,83.0,1,High,"Offer an incentive to move to a long-term contract | Offer a personalized pricing or loyalty discount | Offer a service review or upgrade consultation. Key signals: month-to-month contract, high monthly charge, fiber service customer.",High
96678-TEL,Female,49,No,Telangana,8,8,None,No,No,Yes,DSL,No,No,No,No,No,No,No,No,Month-to-Month,No,Bank Withdrawal,24.149999618530273,812.5,0.0,40,0.0,852.5,Stayed,Others,Others,0.55,55.0,1,Medium,"Offer an incentive to move to a long-term contract | Offer an early-tenure loyalty benefit | Offer priority/premium customer support. Key signals: month-to-month contract, short customer tenure, premium support not active.",Medium
11679-PUN,Female,38,Yes,Punjab,13,35,Deal 4,Yes,Yes,Yes,Fiber Optic,Yes,No,No,No,Yes,Yes,Yes,Yes,Month-to-Month,Yes,Bank Withdrawal,98.69999694824219,973.25,0.0,0,373.6000061035156,1346.8499755859375,Churned,Attitude,Attitude of support person,0.66,66.0,1,Medium,"Offer an incentive to move to a long-term contract | Offer a personalized pricing or loyalty discount | Offer priority/premium customer support. Key signals: month-to-month contract, high monthly charge, premium support not active.",Medium
11713-MAD,Female,22,Yes,Madhya Pradesh,4,5,Deal 5,Yes,No,Yes,Fiber Optic,No,No,Yes,No,No,No,No,No,Month-to-Month,Yes,Mailed Check,74.5999984741211,74.5999984741211,0.0,10,22.15999984741211,106.76000213623047,Churned,Competitor,Competitor offered more data,0.98,98.0,1,High,"Offer an incentive to move to a long-term contract | Offer an early-tenure loyalty benefit | Offer priority/premium customer support. Key signals: month-to-month contract, short customer tenure, premium support not active.",High
11751-UTT,Male,39,No,Uttar Pradesh,4,23,None,Yes,Yes,Yes,Fiber Optic,No,No,Yes,No,Yes,Yes,Yes,Yes,Month-to-Month,Yes,Bank Withdrawal,100.5999984741211,1060.199951171875,0.0,0,452.1000061035156,1512.300048828125,Churned,Competitor,Competitor offered more data,0.76,76.0,1,High,"Offer an incentive to move to a long-term contract | Offer a personalized pricing or loyalty discount | Offer priority/premium customer support. Key signals: month-to-month contract, high monthly charge, premium support not active.",High
11799-TAM,Male,33,No,Tamil Nadu,9,20,None,No,No,Yes,DSL,No,No,No,No,Yes,Yes,Yes,Yes,Month-to-Month,Yes,Mailed Check,45.29999923706055,45.29999923706055,0.0,0,0.0,45.29999923706055,Churned,Competitor,Competitor had better devices,0.95,95.0,1,High,"Offer an incentive to move to a long-term contract | Offer priority/premium customer support | Evaluate eligibility for a value plan. Key signals: month-to-month contract, premium support not active, no value deal assigned.",High
11814-GUJ,Female,45,Yes,Gujarat,12,9,None,Yes,Yes,Yes,Fiber Optic,No,Yes,Yes,No,Yes,Yes,Yes,Yes,Month-to-Month,Yes,Bank Withdrawal,105.55000305175781,6281.4501953125,0.0,0,2787.699951171875,9069.150390625,Churned,Competitor,Competitor had better devices,0.72,72.0,1,High,"Offer an incentive to move to a long-term contract | Offer a personalized pricing or loyalty discount | Offer an early-tenure loyalty benefit. Key signals: month-to-month contract, high monthly charge, short customer tenure.",High
16149-ASS,Female,66,Yes,Assam,2,7,None,Yes,No,Yes,Fiber Optic,No,Yes,No,No,No,No,No,Yes,Month-to-Month,Yes,Bank Withdrawal,73.6500015258789,1463.5,0.0,0,107.4000015258789,1570.9000244140625,Churned,Competitor,Competitor had better devices,0.84,84.0,1,High,"Offer an incentive to move to a long-term contract | Offer an early-tenure loyalty benefit | Offer priority/premium customer support. Key signals: month-to-month contract, short customer tenure, premium support not active.",High
16194-JAM,Male,25,No,Jammu & Kashmir,12,19,None,Yes,No,Yes,Cable,No,No,Yes,No,No,No,No,Yes,Month-to-Month,Yes,Bank Withdrawal,50.150001525878906,168.14999389648438,0.0,0,40.619998931884766,208.77000427246094,Churned,Competitor,Competitor made better offer,0.88,88.0,1,High,"Offer an incentive to move to a long-term contract | Offer priority/premium customer support | Evaluate eligibility for a value plan. Key signals: month-to-month contract, premium support not active, no value deal assigned.",High
16243-DEL,Female,67,No,Delhi,8,2,Deal 5,Yes,Yes,Yes,Fiber Optic,No,No,No,No,No,No,No,Yes,Month-to-Month,Yes,Bank Withdrawal,74.19999694824219,74.19999694824219,0.0,0,48.95000076293945,123.1500015258789,Churned,Price,Price too high,1.0,100.0,1,High,"Offer an incentive to move to a long-term contract | Offer an early-tenure loyalty benefit | Offer priority/premium customer support. Key signals: month-to-month contract, short customer tenure, premium support not active.",High
16274-JAM,Male,23,Yes,Jammu & Kashmir,14,1,None,No,No,Yes,Cable,No,No,No,No,No,No,No,No,Month-to-Month,Yes,Bank Withdrawal,25.299999237060547,25.299999237060547,0.0,10,0.0,35.29999923706055,Churned,Competitor,Competitor made better offer,0.96,96.0,1,High,"Offer an incentive to move to a long-term contract | Offer an early-tenure loyalty benefit | Offer priority/premium customer support. Key signals: month-to-month contract, short customer tenure, premium support not active.",High
17488-PUN,Female,34,No,Punjab,3,5,None,Yes,Yes,Yes,Fiber Optic,No,No,No,No,No,No,No,Yes,Month-to-Month,Yes,Bank Withdrawal,75.6500015258789,302.3500061035156,0.0,0,94.0,396.3500061035156,Stayed,Others,Others,0.95,95.0,1,High,"Offer an incentive to move to a long-term contract | Offer an early-tenure loyalty benefit | Offer priority/premium customer support. Key signals: month-to-month contract, short customer tenure, premium support not active.",High
17661-PUN,Female,19,No,Punjab,2,11,Deal 5,Yes,No,Yes,Fiber Optic,No,No,Yes,No,No,No,Yes,No,Month-to-Month,No,Mailed Check,74.6500015258789,544.5499877929688,0.0,10,151.05999755859375,705.6099853515625,Churned,Competitor,Competitor offered more data,0.54,54.0,1,Medium,"Offer an incentive to move to a long-term contract | Offer an early-tenure loyalty benefit | Offer priority/premium customer support. Key signals: month-to-month contract, short customer tenure, premium support not active.",Medium
25828-CHH,Male,64,Yes,Chhattisgarh,3,20,None,Yes,Yes,Yes,Fiber Optic,No,No,Yes,No,Yes,Yes,Yes,Yes,Month-to-Month,Yes,Bank Withdrawal,101.0999984741211,1504.050048828125,0.0,0,610.5,2114.550048828125,Churned,Competitor,Competitor offered more data,0.83,83.0,1,High,"Offer an incentive to move to a long-term contract | Offer a personalized pricing or loyalty discount | Offer priority/premium customer support. Key signals: month-to-month contract, high monthly charge, premium support not active.",High
25840-KAR,Male,23,Yes,Karnataka,8,11,Deal 5,Yes,Yes,Yes,Fiber Optic,No,Yes,No,No,Yes,Yes,Yes,Yes,Month-to-Month,Yes,Bank Withdrawal,97.94999694824219,384.5,0.0,0,39.91999816894531,424.4200134277344,Churned,Attitude,Attitude of service provider,0.89,89.0,1,High,"Offer an incentive to move to a long-term contract | Offer a personalized pricing or loyalty discount | Offer an early-tenure loyalty benefit. Key signals: month-to-month contract, high monthly charge, short customer tenure.",High
25869-BIH,Female,54,No,Bihar,2,7,None,Yes,Yes,Yes,Fiber Optic,No,No,No,No,Yes,Yes,Yes,Yes,Month-to-Month,Yes,Bank Withdrawal,95.5999984741211,2595.25,0.0,0,949.5900268554688,3544.840087890625,Stayed,Others,Others,0.72,72.0,1,High,"Offer an incentive to move to a long-term contract | Offer a personalized pricing or loyalty discount | Offer an early-tenure loyalty benefit. Key signals: month-to-month contract, high monthly charge, short customer tenure.",High
25897-JAM,Male,34,Yes,Jammu & Kashmir,12,9,Deal 5,Yes,No,Yes,DSL,No,No,No,No,No,No,No,Yes,Month-to-Month,Yes,Bank Withdrawal,45.599998474121094,45.599998474121094,0.0,0,11.729999542236328,57.33000183105469,Churned,Competitor,Competitor made better offer,1.0,100.0,1,High,"Offer an incentive to move to a long-term contract | Offer an early-tenure loyalty benefit | Offer priority/premium customer support. Key signals: month-to-month contract, short customer tenure, premium support not active.",High
25912-BIH,Male,35,No,Bihar,7,2,None,Yes,No,Yes,Fiber Optic,No,No,No,No,Yes,No,No,Yes,Month-to-Month,No,Bank Withdrawal,79.0,143.64999389648438,0.0,0,97.31999969482422,240.97000122070312,Churned,Attitude,Attitude of support person,0.91,91.0,1,High,"Offer an incentive to move to a long-term contract | Offer an early-tenure loyalty benefit | Offer priority/premium customer support. Key signals: month-to-month contract, short customer tenure, premium support not active.",High
29772-CHH,Female,57,No,Chhattisgarh,8,12,Deal 4,Yes,Yes,Yes,Fiber Optic,No,Yes,No,No,No,No,No,No,Month-to-Month,Yes,Bank Withdrawal,80.69999694824219,788.7999877929688,38.41999816894531,50,170.6999969482422,971.0800170898438,Churned,Competitor,Competitor offered more data,0.67,67.0,1,Medium,"Offer an incentive to move to a long-term contract | Offer a personalized pricing or loyalty discount | Offer priority/premium customer support. Key signals: month-to-month contract, high monthly charge, premium support not active.",Medium
29786-WES,Female,31,Yes,West Bengal,3,1,None,Yes,Yes,Yes,Fiber Optic,No,No,Yes,No,Yes,Yes,Yes,Yes,Month-to-Month,Yes,Bank Withdrawal,99.30000305175781,4209.9501953125,0.0,0,225.75,4435.7001953125,Stayed,Others,Others,0.6,60.0,1,Medium,"Offer an incentive to move to a long-term contract | Offer a personalized pricing or loyalty discount | Offer an early-tenure loyalty benefit. Key signals: month-to-month contract, high monthly charge, short customer tenure.",Medium
29796-JAM,Female,18,No,Jammu & Kashmir,8,7,None,Yes,Yes,Yes,Fiber Optic,Yes,Yes,Yes,No,Yes,Yes,Yes,Yes,Month-to-Month,Yes,Credit Card,109.80000305175781,3587.25,0.0,0,271.6600036621094,3858.909912109375,Churned,Competitor,Competitor made better offer,0.51,51.0,1,Medium,"Offer an incentive to move to a long-term contract | Offer a personalized pricing or loyalty discount | Offer an early-tenure loyalty benefit. Key signals: month-to-month contract, high monthly charge, short customer tenure.",Medium
29799-WES,Female,29,No,West Bengal,15,23,None,Yes,Yes,Yes,Fiber Optic,No,No,No,No,No,No,No,Yes,Month-to-Month,Yes,Credit Card,75.1500015258789,216.75,0.0,0,45.060001373291016,261.80999755859375,Churned,Attitude,Attitude of support person,0.9,90.0,1,High,"Offer an incentive to move to a long-term contract | Offer priority/premium customer support | Offer a service review or upgrade consultation. Key signals: month-to-month contract, premium support not active, fiber service customer.",High
29855-TAM,Male,47,Yes,Tamil Nadu,2,18,None,Yes,No,Yes,Fiber Optic,No,No,No,No,No,No,No,No,Month-to-Month,Yes,Bank Withdrawal,70.0,1144.5,0.0,80,130.22000122070312,1354.719970703125,Churned,Attitude,Attitude of support person,0.59,59.0,1,Medium,"Offer an incentive to move to a long-term contract | Offer priority/premium customer support | Offer a service review or upgrade consultation. Key signals: month-to-month contract, premium support not active, fiber service customer.",Medium
31072-ASS,Female,49,No,Assam,10,33,None,Yes,No,Yes,Cable,No,No,No,Yes,Yes,Yes,Yes,Yes,Month-to-Month,Yes,Bank Withdrawal,69.3499984741211,191.35000610351562,0.0,0,106.91999816894531,298.2699890136719,Churned,Other,Don't know,0.8,80.0,1,High,"Offer an incentive to move to a long-term contract | Evaluate eligibility for a value plan. Key signals: month-to-month contract, no value deal assigned.",High
31198-RAJ,Male,39,Yes,Rajasthan,13,19,None,Yes,Yes,Yes,Fiber Optic,No,No,Yes,No,Yes,No,No,No,Month-to-Month,Yes,Credit Card,89.3499984741211,631.8499755859375,0.0,60,257.8800048828125,949.72998046875,Churned,Price,Price too high,0.56,56.0,1,Medium,"Offer an incentive to move to a long-term contract | Offer a personalized pricing or loyalty discount | Offer priority/premium customer support. Key signals: month-to-month contract, high monthly charge, premium support not active.",Medium
31235-MAH,Female,31,Yes,Maharashtra,14,1,None,Yes,No,Yes,Fiber Optic,No,No,No,No,Yes,No,No,Yes,Month-to-Month,Yes,Credit Card,78.9000015258789,299.75,37.0099983215332,0,167.72000122070312,430.4599914550781,Stayed,Others,Others,0.71,71.0,1,High,"Offer an incentive to move to a long-term contract | Offer an early-tenure loyalty benefit | Offer priority/premium customer support. Key signals: month-to-month contract, short customer tenure, premium support not active.",High
34580-MAH,Male,62,No,Maharashtra,6,32,Deal 5,Yes,No,Yes,DSL,Yes,Yes,No,Yes,No,No,No,No,Month-to-Month,Yes,Bank Withdrawal,60.0,60.0,0.0,10,43.47999954223633,113.4800033569336,Churned,Attitude,Attitude of service provider,0.88,88.0,1,High,Offer an incentive to move to a long-term contract. Key signals: month-to-month contract.,High
34591-RAJ,Female,53,No,Rajasthan,2,15,None,Yes,Yes,Yes,Fiber Optic,No,Yes,Yes,No,Yes,Yes,Yes,No,Month-to-Month,Yes,Bank Withdrawal,104.1500015258789,2494.64990234375,0.0,40,930.9600219726562,3465.610107421875,Stayed,Others,Others,0.63,63.0,1,Medium,"Offer an incentive to move to a long-term contract | Offer a personalized pricing or loyalty discount | Offer priority/premium customer support. Key signals: month-to-month contract, high monthly charge, premium support not active.",Medium
34695-JAM,Female,64,No,Jammu & Kashmir,6,22,Deal 5,Yes,No,Yes,Fiber Optic,No,No,No,No,Yes,Yes,Yes,Yes,Month-to-Month,No,Bank Withdrawal,89.44999694824219,853.0999755859375,0.0,0,238.58999633789062,1091.68994140625,Churned,Competitor,Competitor made better offer,0.74,74.0,1,High,"Offer an incentive to move to a long-term contract | Offer a personalized pricing or loyalty discount | Offer priority/premium customer support. Key signals: month-to-month contract, high monthly charge, premium support not active.",High
34729-MAH,Female,49,No,Maharashtra,4,19,None,Yes,Yes,Yes,Fiber Optic,No,No,No,No,Yes,Yes,Yes,Yes,Month-to-Month,Yes,Mailed Check,93.9000015258789,486.8500061035156,0.0,0,232.25,719.0999755859375,Churned,Other,Don't know,0.67,67.0,1,Medium,"Offer an incentive to move to a long-term contract | Offer a personalized pricing or loyalty discount | Offer priority/premium customer support. Key signals: month-to-month contract, high monthly charge, premium support not active.",Medium
37657-KER,Female,57,Yes,Kerala,7,27,Deal 4,Yes,No,Yes,Fiber Optic,No,No,No,No,Yes,Yes,Yes,No,Month-to-Month,Yes,Bank Withdrawal,91.0999984741211,1135.699951171875,0.0,80,70.58999633789062,1286.2900390625,Churned,Attitude,Attitude of support person,0.68,68.0,1,Medium,"Offer an incentive to move to a long-term contract | Offer a personalized pricing or loyalty discount | Offer priority/premium customer support. Key signals: month-to-month contract, high monthly charge, premium support not active.",Medium
37708-BIH,Female,71,Yes,Bihar,4,30,None,Yes,Yes,Yes,Fiber Optic,No,No,No,No,No,No,No,Yes,Month-to-Month,Yes,Bank Withdrawal,75.5,1893.949951171875,0.0,0,286.20001220703125,2180.14990234375,Churned,Competitor,Competitor had better devices,0.72,72.0,1,High,"Offer an incentive to move to a long-term contract | Offer priority/premium customer support | Offer a service review or upgrade consultation. Key signals: month-to-month contract, premium support not active, fiber service customer.",High
37791-HAR,Male,75,No,Haryana,10,12,None,Yes,No,Yes,Cable,Yes,No,Yes,No,Yes,No,No,Yes,Month-to-Month,No,Bank Withdrawal,66.4000015258789,94.55000305175781,0.0,0,11.140000343322754,105.69000244140625,Churned,Price,Long distance charges,0.92,92.0,1,High,"Offer an incentive to move to a long-term contract | Offer priority/premium customer support | Evaluate eligibility for a value plan. Key signals: month-to-month contract, premium support not active, no value deal assigned.",High
38217-AND,Female,38,Yes,Andhra Pradesh,7,24,Deal 4,Yes,Yes,Yes,Fiber Optic,No,No,No,No,No,Yes,Yes,No,Month-to-Month,Yes,Bank Withdrawal,86.55000305175781,1066.9000244140625,0.0,110,225.0,1401.9000244140625,Stayed,Others,Others,0.67,67.0,1,Medium,"Offer an incentive to move to a long-term contract | Offer a personalized pricing or loyalty discount | Offer priority/premium customer support. Key signals: month-to-month contract, high monthly charge, premium support not active.",Medium
38354-ASS,Female,31,Yes,Assam,2,26,Deal 5,Yes,Yes,Yes,DSL,No,No,Yes,No,No,No,No,Yes,Month-to-Month,No,Bank Withdrawal,54.349998474121094,54.349998474121094,0.0,0,25.389999389648438,79.73999786376953,Churned,Attitude,Attitude of service provider,0.97,97.0,1,High,"Offer an incentive to move to a long-term contract | Offer priority/premium customer support. Key signals: month-to-month contract, premium support not active.",High
38411-AND,Male,61,No,Andhra Pradesh,8,4,None,Yes,Yes,Yes,Fiber Optic,No,Yes,Yes,No,No,Yes,No,Yes,Month-to-Month,Yes,Bank Withdrawal,95.9000015258789,6503.2001953125,0.0,0,1337.56005859375,7840.759765625,Stayed,Others,Others,0.62,62.0,1,Medium,"Offer an incentive to move to a long-term contract | Offer a personalized pricing or loyalty discount | Offer an early-tenure loyalty benefit. Key signals: month-to-month contract, high monthly charge, short customer tenure.",Medium
38434-HAR,Female,58,No,Haryana,10,19,None,Yes,Yes,Yes,Fiber Optic,No,Yes,No,No,Yes,Yes,Yes,Yes,Month-to-Month,Yes,Bank Withdrawal,99.3499984741211,4749.14990234375,0.0,0,1473.449951171875,6222.60009765625,Churned,Competitor,Competitor had better devices,0.66,66.0,1,Medium,"Offer an incentive to move to a long-term contract | Offer a personalized pricing or loyalty discount | Offer priority/premium customer support. Key signals: month-to-month contract, high monthly charge, premium support not active.",Medium
38453-BIH,Female,46,Yes,Bihar,4,32,Deal 5,Yes,No,Yes,Fiber Optic,No,No,No,No,No,No,No,Yes,Month-to-Month,Yes,Mailed Check,71.55000305175781,71.55000305175781,0.0,0,17.270000457763672,88.81999969482422,Churned,Competitor,Competitor had better devices,0.99,99.0,1,High,"Offer an incentive to move to a long-term contract | Offer priority/premium customer support | Offer a service review or upgrade consultation. Key signals: month-to-month contract, premium support not active, fiber service customer.",High
43116-JAM,Female,43,No,Jammu & Kashmir,10,30,None,Yes,No,Yes,Fiber Optic,No,No,No,No,Yes,No,No,Yes,Month-to-Month,Yes,Bank Withdrawal,79.75,164.5,0.0,0,16.639999389648438,181.13999938964844,Churned,Competitor,Competitor made better offer,0.98,98.0,1,High,"Offer an incentive to move to a long-term contract | Offer priority/premium customer support | Offer a service review or upgrade consultation. Key signals: month-to-month contract, premium support not active, fiber service customer.",High
43274-WES,Male,53,No,West Bengal,9,23,Deal 5,No,No,Yes,Cable,No,Yes,No,Yes,No,Yes,Yes,Yes,Month-to-Month,Yes,Mailed Check,44.650001525878906,44.650001525878906,0.0,0,0.0,44.650001525878906,Churned,Competitor,Competitor had better devices,0.91,91.0,1,High,Offer an incentive to move to a long-term contract. Key signals: month-to-month contract.,High
43303-DEL,Female,67,No,Delhi,3,9,None,Yes,No,Yes,Fiber Optic,Yes,No,No,No,No,Yes,Yes,Yes,Month-to-Month,Yes,Bank Withdrawal,87.30000305175781,1637.300048828125,0.0,0,566.2000122070312,2203.5,Stayed,Others,Others,0.7,70.0,1,High,"Offer an incentive to move to a long-term contract | Offer a personalized pricing or loyalty discount | Offer an early-tenure loyalty benefit. Key signals: month-to-month contract, high monthly charge, short customer tenure.",High
46712-WES,Female,41,No,West Bengal,0,3,Deal 5,Yes,Yes,Yes,Fiber Optic,No,No,No,No,Yes,Yes,Yes,Yes,Month-to-Month,Yes,Bank Withdrawal,94.8499984741211,462.79998779296875,0.0,0,200.75,663.5499877929688,Churned,Attitude,Attitude of service provider,0.79,79.0,1,High,"Offer an incentive to move to a long-term contract | Offer a personalized pricing or loyalty discount | Offer an early-tenure loyalty benefit. Key signals: month-to-month contract, high monthly charge, short customer tenure.",High
46848-WES,Female,22,Yes,West Bengal,14,10,None,Yes,No,Yes,Fiber Optic,No,No,No,No,No,No,No,Yes,Month-to-Month,No,Credit Card,70.1500015258789,735.5,0.0,0,42.900001525878906,778.4000244140625,Stayed,Others,Others,0.52,52.0,1,Medium,"Offer an incentive to move to a long-term contract | Offer an early-tenure loyalty benefit | Offer priority/premium customer support. Key signals: month-to-month contract, short customer tenure, premium support not active.",Medium
47178-KAR,Female,26,Yes,Karnataka,2,9,Deal 5,Yes,No,Yes,DSL,No,No,No,No,No,No,Yes,Yes,Month-to-Month,Yes,Bank Withdrawal,44.400001525878906,44.400001525878906,0.0,0,7.139999866485596,51.540000915527344,Churned,Attitude,Attitude of service provider,0.99,99.0,1,High,"Offer an incentive to move to a long-term contract | Offer an early-tenure loyalty benefit | Offer priority/premium customer support. Key signals: month-to-month contract, short customer tenure, premium support not active.",High
47183-TAM,Female,27,Yes,Tamil Nadu,14,26,None,Yes,No,Yes,Fiber Optic,No,Yes,Yes,No,No,No,No,Yes,Month-to-Month,No,Bank Withdrawal,79.69999694824219,165.0,0.0,0,57.720001220703125,222.72000122070312,Churned,Competitor,Competitor had better devices,0.97,97.0,1,High,"Offer an incentive to move to a long-term contract | Offer priority/premium customer support | Offer a service review or upgrade consultation. Key signals: month-to-month contract, premium support not active, fiber service customer.",High
47334-TEL,Male,30,No,Telangana,0,31,None,Yes,No,Yes,Fiber Optic,No,No,No,No,Yes,No,No,Yes,Month-to-Month,Yes,Bank Withdrawal,81.44999694824219,912.0,0.0,0,132.47999572753906,1044.47998046875,Stayed,Others,Others,0.58,58.0,1,Medium,"Offer an incentive to move to a long-term contract | Offer a personalized pricing or loyalty discount | Offer priority/premium customer support. Key signals: month-to-month contract, high monthly charge, premium support not active.",Medium
51582-AND,Female,40,Yes,Andhra Pradesh,4,25,Deal 5,Yes,No,Yes,DSL,No,Yes,No,No,No,No,No,No,Month-to-Month,Yes,Credit Card,49.04999923706055,91.0999984741211,0.0,40,29.399999618530273,160.5,Churned,Competitor,Competitor had better devices,0.94,94.0,1,High,"Offer an incentive to move to a long-term contract | Offer priority/premium customer support. Key signals: month-to-month contract, premium support not active.",High
51587-RAJ,Female,57,No,Rajasthan,15,7,None,Yes,Yes,Yes,Fiber Optic,No,Yes,No,No,Yes,Yes,Yes,Yes,Month-to-Month,Yes,Bank Withdrawal,100.55000305175781,1415.550048828125,0.0,0,517.5800170898438,1933.1300048828125,Churned,Dissatisfaction,Service dissatisfaction,0.66,66.0,1,Medium,"Offer an incentive to move to a long-term contract | Offer a personalized pricing or loyalty discount | Offer an early-tenure loyalty benefit. Key signals: month-to-month contract, high monthly charge, short customer tenure.",Medium
51695-MAH,Male,68,Yes,Maharashtra,5,12,Deal 5,Yes,No,Yes,Cable,No,No,No,No,No,No,No,Yes,Month-to-Month,No,Bank Withdrawal,45.099998474121094,45.099998474121094,0.0,0,15.279999732971191,60.380001068115234,Churned,Attitude,Attitude of support person,1.0,100.0,1,High,"Offer an incentive to move to a long-term contract | Offer priority/premium customer support. Key signals: month-to-month contract, premium support not active.",High
51740-TAM,Female,38,Yes,Tamil Nadu,4,25,None,No,No,Yes,DSL,No,No,No,Yes,No,No,No,No,Month-to-Month,Yes,Credit Card,31.0,95.05000305175781,0.0,20,0.0,115.05000305175781,Churned,Dissatisfaction,Poor expertise of online support,0.85,85.0,1,High,"Offer an incentive to move to a long-term contract | Evaluate eligibility for a value plan. Key signals: month-to-month contract, no value deal assigned.",High
55661-RAJ,Male,48,No,Rajasthan,7,12,Deal 4,Yes,Yes,Yes,Fiber Optic,No,No,Yes,Yes,Yes,Yes,Yes,Yes,Month-to-Month,Yes,Credit Card,104.05000305175781,2470.10009765625,0.0,0,374.44000244140625,2844.5400390625,Churned,Competitor,Competitor had better devices,0.52,52.0,1,Medium,"Offer an incentive to move to a long-term contract | Offer a personalized pricing or loyalty discount | Offer a service review or upgrade consultation. Key signals: month-to-month contract, high monthly charge, fiber service customer.",Medium
55696-WES,Male,24,Yes,West Bengal,7,3,Deal 5,Yes,No,Yes,Fiber Optic,No,No,No,No,No,Yes,Yes,Yes,Month-to-Month,Yes,Bank Withdrawal,79.9000015258789,324.29998779296875,0.0,0,172.24000549316406,496.5400085449219,Churned,Competitor,Competitor had better devices,0.65,65.0,1,Medium,"Offer an incentive to move to a long-term contract | Offer an early-tenure loyalty benefit | Offer priority/premium customer support. Key signals: month-to-month contract, short customer tenure, premium support not active.",Medium
55762-TEL,Female,28,No,Telangana,14,29,None,Yes,Yes,Yes,Fiber Optic,No,No,No,No,No,Yes,Yes,Yes,Month-to-Month,Yes,Bank Withdrawal,85.1500015258789,1139.199951171875,38.47999954223633,0,298.20001220703125,1398.9200439453125,Churned,Dissatisfaction,Poor expertise of phone support,0.6,60.0,1,Medium,"Offer an incentive to move to a long-term contract | Offer a personalized pricing or loyalty discount | Offer priority/premium customer support. Key signals: month-to-month contract, high monthly charge, premium support not active.",Medium
55786-HAR,Female,48,Yes,Haryana,3,7,Deal 5,Yes,Yes,Yes,Fiber Optic,No,Yes,No,No,Yes,Yes,Yes,Yes,Month-to-Month,Yes,Credit Card,100.25,100.25,0.0,0,20.229999542236328,120.4800033569336,Churned,Other,Don't know,0.96,96.0,1,High,"Offer an incentive to move to a long-term contract | Offer a personalized pricing or loyalty discount | Offer an early-tenure loyalty benefit. Key signals: month-to-month contract, high monthly charge, short customer tenure.",High
55800-PUN,Female,78,No,Punjab,5,10,Deal 4,Yes,No,Yes,Fiber Optic,No,Yes,Yes,No,Yes,No,No,Yes,Month-to-Month,Yes,Bank Withdrawal,89.1500015258789,1496.9000244140625,0.0,0,516.2899780273438,2013.18994140625,Churned,Dissatisfaction,Service dissatisfaction,0.81,81.0,1,High,"Offer an incentive to move to a long-term contract | Offer a personalized pricing or loyalty discount | Offer an early-tenure loyalty benefit. Key signals: month-to-month contract, high monthly charge, short customer tenure.",High
55869-ASS,Male,49,No,Assam,9,36,None,Yes,Yes,Yes,Fiber Optic,No,No,No,No,No,No,No,Yes,Month-to-Month,Yes,Bank Withdrawal,76.25,684.8499755859375,0.0,0,312.75,997.5999755859375,Stayed,Others,Others,0.59,59.0,1,Medium,"Offer an incentive to move to a long-term contract | Offer priority/premium customer support | Offer a service review or upgrade consultation. Key signals: month-to-month contract, premium support not active, fiber service customer.",Medium
59786-WES,Female,65,No,West Bengal,10,10,None,Yes,No,Yes,Fiber Optic,No,No,Yes,No,No,Yes,Yes,Yes,Month-to-Month,No,Bank Withdrawal,86.05000305175781,308.1000061035156,0.0,0,177.44000244140625,485.5400085449219,Stayed,Others,Others,0.78,78.0,1,High,"Offer an incentive to move to a long-term contract | Offer a personalized pricing or loyalty discount | Offer an early-tenure loyalty benefit. Key signals: month-to-month contract, high monthly charge, short customer tenure.",High
59787-KAR,Male,79,No,Karnataka,3,21,Deal 4,Yes,No,Yes,Fiber Optic,No,Yes,Yes,No,Yes,Yes,No,Yes,Month-to-Month,Yes,Bank Withdrawal,98.0,1237.8499755859375,0.0,0,361.6600036621094,1599.510009765625,Churned,Dissatisfaction,Product dissatisfaction,0.78,78.0,1,High,"Offer an incentive to move to a long-term contract | Offer a personalized pricing or loyalty discount | Offer priority/premium customer support. Key signals: month-to-month contract, high monthly charge, premium support not active.",High
59807-JHA,Female,25,Yes,Jharkhand,14,25,Deal 5,Yes,Yes,Yes,Fiber Optic,No,No,No,No,No,No,No,Yes,Month-to-Month,Yes,Bank Withdrawal,75.5,220.60000610351562,0.0,0,142.52999877929688,363.1300048828125,Churned,Attitude,Attitude of service provider,0.82,82.0,1,High,"Offer an incentive to move to a long-term contract | Offer priority/premium customer support | Offer a service review or upgrade consultation. Key signals: month-to-month contract, premium support not active, fiber service customer.",High
59861-AND,Male,56,No,Andhra Pradesh,13,24,Deal 5,Yes,No,Yes,Fiber Optic,No,No,No,No,Yes,No,No,No,Month-to-Month,Yes,Bank Withdrawal,80.19999694824219,146.0500030517578,0.0,10,99.58000183105469,255.6300048828125,Churned,Attitude,Attitude of service provider,0.84,84.0,1,High,"Offer an incentive to move to a long-term contract | Offer a personalized pricing or loyalty discount | Offer priority/premium customer support. Key signals: month-to-month contract, high monthly charge, premium support not active.",High
61183-KAR,Female,58,Yes,Karnataka,12,33,None,Yes,No,Yes,Fiber Optic,No,No,No,No,Yes,No,No,Yes,Month-to-Month,Yes,Bank Withdrawal,78.69999694824219,1495.0999755859375,26.84000015258789,0,561.4500122070312,2029.7099609375,Stayed,Others,Others,0.52,52.0,1,Medium,"Offer an incentive to move to a long-term contract | Offer priority/premium customer support | Offer a service review or upgrade consultation. Key signals: month-to-month contract, premium support not active, fiber service customer.",Medium
61190-JAM,Female,43,Yes,Jammu & Kashmir,1,2,None,No,No,Yes,DSL,No,Yes,No,No,No,No,No,Yes,Month-to-Month,No,Mailed Check,29.200000762939453,309.1000061035156,0.0,0,0.0,309.1000061035156,Churned,Competitor,Competitor made better offer,0.51,51.0,1,Medium,"Offer an incentive to move to a long-term contract | Offer an early-tenure loyalty benefit | Offer priority/premium customer support. Key signals: month-to-month contract, short customer tenure, premium support not active.",Medium
61318-ASS,Female,24,Yes,Assam,2,6,None,Yes,No,Yes,Fiber Optic,No,No,No,Yes,No,Yes,Yes,Yes,Month-to-Month,No,Bank Withdrawal,85.80000305175781,272.20001220703125,0.0,0,31.799999237060547,304.0,Churned,Competitor,Competitor had better devices,0.91,91.0,1,High,"Offer an incentive to move to a long-term contract | Offer a personalized pricing or loyalty discount | Offer an early-tenure loyalty benefit. Key signals: month-to-month contract, high monthly charge, short customer tenure.",High
64722-WES,Female,81,Yes,West Bengal,8,2,None,Yes,Yes,Yes,Fiber Optic,Yes,Yes,Yes,No,Yes,No,No,Yes,Month-to-Month,Yes,Bank Withdrawal,100.69999694824219,4541.2001953125,46.63999938964844,0,2259.06005859375,6753.6201171875,Churned,Dissatisfaction,Product dissatisfaction,0.55,55.0,1,Medium,"Offer an incentive to move to a long-term contract | Offer a personalized pricing or loyalty discount | Offer an early-tenure loyalty benefit. Key signals: month-to-month contract, high monthly charge, short customer tenure.",Medium
64773-DEL,Female,22,Yes,Delhi,1,8,Deal 5,Yes,Yes,Yes,Fiber Optic,No,No,No,No,No,No,No,Yes,Month-to-Month,Yes,Mailed Check,75.05000305175781,75.05000305175781,0.0,0,32.86000061035156,107.91000366210938,Churned,Competitor,Competitor made better offer,0.95,95.0,1,High,"Offer an incentive to move to a long-term contract | Offer an early-tenure loyalty benefit | Offer priority/premium customer support. Key signals: month-to-month contract, short customer tenure, premium support not active.",High
64852-HAR,Female,47,No,Haryana,5,22,Deal 5,Yes,No,No,None,No,No,No,No,No,No,No,No,Month-to-Month,Yes,Mailed Check,20.299999237060547,20.299999237060547,0.0,0,26.3700008392334,46.66999816894531,Churned,Price,Long distance charges,0.99,99.0,1,High,"Offer an incentive to move to a long-term contract | Offer priority/premium customer support. Key signals: month-to-month contract, premium support not active.",High
64905-UTT,Female,64,No,Uttar Pradesh,11,27,None,Yes,Yes,Yes,Fiber Optic,No,Yes,Yes,No,Yes,Yes,Yes,Yes,Month-to-Month,Yes,Bank Withdrawal,105.30000305175781,1275.6500244140625,0.0,0,203.52000427246094,1479.1700439453125,Stayed,Others,Others,0.83,83.0,1,High,"Offer an incentive to move to a long-term contract | Offer a personalized pricing or loyalty discount | Offer priority/premium customer support. Key signals: month-to-month contract, high monthly charge, premium support not active.",High
64910-ODI,Female,76,Yes,Odisha,6,7,None,Yes,Yes,Yes,Fiber Optic,No,No,Yes,No,Yes,No,No,No,Month-to-Month,Yes,Bank Withdrawal,88.80000305175781,88.80000305175781,0.0,10,49.599998474121094,148.39999389648438,Churned,Competitor,Competitor made better offer,1.0,100.0,1,High,"Offer an incentive to move to a long-term contract | Offer a personalized pricing or loyalty discount | Offer an early-tenure loyalty benefit. Key signals: month-to-month contract, high monthly charge, short customer tenure.",High
68484-WES,Male,58,Yes,West Bengal,11,33,None,Yes,Yes,Yes,Fiber Optic,No,Yes,No,No,Yes,Yes,Yes,Yes,Month-to-Month,Yes,Bank Withdrawal,100.25,2387.75,0.0,0,906.0,3293.75,Churned,Price,Extra data charges,0.58,58.0,1,Medium,"Offer an incentive to move to a long-term contract | Offer a personalized pricing or loyalty discount | Offer priority/premium customer support. Key signals: month-to-month contract, high monthly charge, premium support not active.",Medium
68542-TEL,Male,52,Yes,Telangana,15,14,Deal 5,Yes,No,Yes,Fiber Optic,No,No,No,No,No,No,No,Yes,Month-to-Month,No,Bank Withdrawal,69.6500015258789,220.10000610351562,0.0,0,118.13999938964844,338.239990234375,Churned,Competitor,Competitor offered higher download speeds,0.7,70.0,1,High,"Offer an incentive to move to a long-term contract | Offer priority/premium customer support | Offer a service review or upgrade consultation. Key signals: month-to-month contract, premium support not active, fiber service customer.",High
68578-BIH,Female,59,Yes,Bihar,10,36,Deal 4,Yes,No,Yes,Fiber Optic,No,No,No,No,Yes,Yes,Yes,Yes,Month-to-Month,Yes,Bank Withdrawal,89.5,863.0999755859375,0.0,0,127.80000305175781,990.9000244140625,Churned,Attitude,Attitude of support person,0.79,79.0,1,High,"Offer an incentive to move to a long-term contract | Offer a personalized pricing or loyalty discount | Offer priority/premium customer support. Key signals: month-to-month contract, high monthly charge, premium support not active.",High
68589-MAD,Male,70,Yes,Madhya Pradesh,15,29,None,Yes,Yes,Yes,Fiber Optic,No,No,No,No,Yes,Yes,No,Yes,Month-to-Month,Yes,Bank Withdrawal,96.55000305175781,3580.300048828125,0.0,0,122.0999984741211,3702.39990234375,Churned,Attitude,Attitude of service provider,0.66,66.0,1,Medium,"Offer an incentive to move to a long-term contract | Offer a personalized pricing or loyalty discount | Offer priority/premium customer support. Key signals: month-to-month contract, high monthly charge, premium support not active.",Medium
68606-GUJ,Female,19,No,Gujarat,9,9,Deal 5,No,No,Yes,DSL,No,No,No,No,Yes,No,No,Yes,Month-to-Month,No,Credit Card,35.20000076293945,108.94999694824219,0.0,0,0.0,108.94999694824219,Churned,Competitor,Competitor had better devices,0.69,69.0,1,Medium,"Offer an incentive to move to a long-term contract | Offer an early-tenure loyalty benefit | Offer priority/premium customer support. Key signals: month-to-month contract, short customer tenure, premium support not active.",Medium
73108-JAM,Female,43,No,Jammu & Kashmir,3,13,Deal 4,Yes,No,Yes,Fiber Optic,No,Yes,No,No,No,Yes,Yes,Yes,Month-to-Month,Yes,Bank Withdrawal,86.25,1340.0999755859375,0.0,0,356.79998779296875,1696.9000244140625,Stayed,Others,Others,0.72,72.0,1,High,"Offer an incentive to move to a long-term contract | Offer a personalized pricing or loyalty discount | Offer priority/premium customer support. Key signals: month-to-month contract, high monthly charge, premium support not active.",High
73132-UTT,Female,49,Yes,Uttar Pradesh,10,15,None,Yes,No,Yes,Fiber Optic,No,No,No,No,No,No,No,Yes,Month-to-Month,Yes,Credit Card,70.05000305175781,266.8999938964844,0.0,0,50.31999969482422,317.2200012207031,Churned,Competitor,Competitor had better devices,0.85,85.0,1,High,"Offer an incentive to move to a long-term contract | Offer priority/premium customer support | Offer a service review or upgrade consultation. Key signals: month-to-month contract, premium support not active, fiber service customer.",High
73142-RAJ,Male,49,No,Rajasthan,12,17,Deal 5,Yes,No,Yes,DSL,No,No,No,No,No,No,No,Yes,Month-to-Month,No,Credit Card,46.20000076293945,46.20000076293945,0.0,0,48.58000183105469,94.77999877929688,Churned,Attitude,Attitude of support person,1.0,100.0,1,High,"Offer an incentive to move to a long-term contract | Offer priority/premium customer support. Key signals: month-to-month contract, premium support not active.",High
73218-TAM,Female,70,Yes,Tamil Nadu,6,9,None,Yes,Yes,Yes,Fiber Optic,No,No,Yes,No,No,Yes,No,Yes,Month-to-Month,Yes,Credit Card,88.75,5348.64990234375,0.0,0,952.8499755859375,6301.5,Stayed,Others,Others,0.54,54.0,1,Medium,"Offer an incentive to move to a long-term contract | Offer a personalized pricing or loyalty discount | Offer an early-tenure loyalty benefit. Key signals: month-to-month contract, high monthly charge, short customer tenure.",Medium
73644-CHH,Female,70,Yes,Chhattisgarh,8,22,None,Yes,Yes,Yes,Fiber Optic,Yes,No,No,No,No,No,No,Yes,Month-to-Month,Yes,Bank Withdrawal,79.1500015258789,1520.9000244140625,0.0,0,236.39999389648438,1757.300048828125,Churned,Attitude,Attitude of support person,0.59,59.0,1,Medium,"Offer an incentive to move to a long-term contract | Offer priority/premium customer support | Offer a service review or upgrade consultation. Key signals: month-to-month contract, premium support not active, fiber service customer.",Medium
73698-TAM,Female,81,No,Tamil Nadu,8,14,None,Yes,No,Yes,Fiber Optic,No,No,No,No,No,No,No,Yes,Month-to-Month,Yes,Bank Withdrawal,71.0,71.0,0.0,0,28.639999389648438,99.63999938964844,Churned,Competitor,Competitor made better offer,1.0,100.0,1,High,"Offer an incentive to move to a long-term contract | Offer priority/premium customer support | Offer a service review or upgrade consultation. Key signals: month-to-month contract, premium support not active, fiber service customer.",High
73715-BIH,Male,29,No,Bihar,4,25,None,Yes,No,Yes,Fiber Optic,No,No,No,No,No,No,Yes,Yes,Month-to-Month,No,Bank Withdrawal,68.94999694824219,119.75,0.0,0,61.459999084472656,181.2100067138672,Churned,Competitor,Competitor had better devices,0.96,96.0,1,High,"Offer an incentive to move to a long-term contract | Offer priority/premium customer support | Offer a service review or upgrade consultation. Key signals: month-to-month contract, premium support not active, fiber service customer.",High
73877-TEL,Male,58,Yes,Telangana,3,5,None,Yes,Yes,Yes,Fiber Optic,Yes,No,No,Yes,Yes,No,No,Yes,Month-to-Month,Yes,Credit Card,96.19999694824219,1222.050048828125,0.0,0,295.67999267578125,1517.72998046875,Churned,Competitor,Competitor had better devices,0.5,50.0,1,Medium,"Offer an incentive to move to a long-term contract | Offer a personalized pricing or loyalty discount | Offer an early-tenure loyalty benefit. Key signals: month-to-month contract, high monthly charge, short customer tenure.",Medium
73878-TEL,Male,30,Yes,Telangana,13,12,Deal 5,Yes,No,Yes,DSL,No,No,No,No,No,No,Yes,Yes,Month-to-Month,No,Bank Withdrawal,45.150001525878906,45.150001525878906,0.0,0,30.920000076293945,76.06999969482422,Churned,Attitude,Attitude of support person,0.99,99.0,1,High,"Offer an incentive to move to a long-term contract | Offer priority/premium customer support. Key signals: month-to-month contract, premium support not active.",High
77983-TAM,Female,35,Yes,Tamil Nadu,9,35,None,Yes,No,Yes,Fiber Optic,No,No,No,No,No,No,No,Yes,Month-to-Month,Yes,Mailed Check,70.1500015258789,70.1500015258789,0.0,0,2.240000009536743,72.38999938964844,Churned,Competitor,Competitor offered higher download speeds,1.0,100.0,1,High,"Offer an incentive to move to a long-term contract | Offer priority/premium customer support | Offer a service review or upgrade consultation. Key signals: month-to-month contract, premium support not active, fiber service customer.",High
78010-DEL,Female,71,Yes,Delhi,3,30,Deal 3,Yes,Yes,Yes,Fiber Optic,No,No,No,No,Yes,Yes,No,No,Month-to-Month,Yes,Bank Withdrawal,95.44999694824219,3474.050048828125,0.0,80,1228.5,4782.5498046875,Churned,Other,Don't know,0.71,71.0,1,High,"Offer an incentive to move to a long-term contract | Offer a personalized pricing or loyalty discount | Offer priority/premium customer support. Key signals: month-to-month contract, high monthly charge, premium support not active.",High
78013-UTT,Female,36,No,Uttar Pradesh,11,6,None,Yes,Yes,Yes,Fiber Optic,No,Yes,No,No,Yes,Yes,Yes,Yes,Month-to-Month,Yes,Bank Withdrawal,100.5999984741211,5611.7001953125,0.0,0,1845.0899658203125,7456.7900390625,Stayed,Others,Others,0.51,51.0,1,Medium,"Offer an incentive to move to a long-term contract | Offer a personalized pricing or loyalty discount | Offer an early-tenure loyalty benefit. Key signals: month-to-month contract, high monthly charge, short customer tenure.",Medium
83023-KAR,Male,31,Yes,Karnataka,15,20,None,Yes,Yes,Yes,Fiber Optic,No,No,No,No,No,No,No,Yes,Month-to-Month,Yes,Bank Withdrawal,74.3499984741211,74.3499984741211,0.0,0,14.020000457763672,88.37000274658203,Churned,Competitor,Competitor had better devices,1.0,100.0,1,High,"Offer an incentive to move to a long-term contract | Offer priority/premium customer support | Offer a service review or upgrade consultation. Key signals: month-to-month contract, premium support not active, fiber service customer.",High
83102-BIH,Female,45,Yes,Bihar,9,31,None,Yes,No,Yes,Fiber Optic,Yes,No,No,No,No,Yes,Yes,Yes,Month-to-Month,Yes,Credit Card,84.5999984741211,84.5999984741211,0.0,0,26.850000381469727,111.44999694824219,Churned,Dissatisfaction,Poor expertise of phone support,0.96,96.0,1,High,"Offer an incentive to move to a long-term contract | Offer a personalized pricing or loyalty discount | Offer priority/premium customer support. Key signals: month-to-month contract, high monthly charge, premium support not active.",High
83118-MAH,Male,53,No,Maharashtra,0,3,Deal 4,Yes,Yes,Yes,Fiber Optic,No,Yes,Yes,No,Yes,Yes,Yes,Yes,Month-to-Month,Yes,Bank Withdrawal,102.55000305175781,1742.5,0.0,0,171.8699951171875,1914.3699951171875,Stayed,Others,Others,0.68,68.0,1,Medium,"Offer an incentive to move to a long-term contract | Offer a personalized pricing or loyalty discount | Offer an early-tenure loyalty benefit. Key signals: month-to-month contract, high monthly charge, short customer tenure.",Medium
83137-WES,Female,40,Yes,West Bengal,0,8,None,Yes,Yes,Yes,Fiber Optic,No,No,No,No,No,No,No,Yes,Month-to-Month,Yes,Credit Card,73.8499984741211,401.29998779296875,0.0,0,166.13999938964844,567.4400024414062,Stayed,Others,Others,0.57,57.0,1,Medium,"Offer an incentive to move to a long-term contract | Offer an early-tenure loyalty benefit | Offer priority/premium customer support. Key signals: month-to-month contract, short customer tenure, premium support not active.",Medium
86963-WES,Male,28,No,West Bengal,10,34,None,Yes,No,Yes,Fiber Optic,No,No,No,No,No,No,No,Yes,Month-to-Month,Yes,Bank Withdrawal,70.30000305175781,208.85000610351562,0.0,0,80.12999725341797,288.9800109863281,Churned,Competitor,Competitor had better devices,0.93,93.0,1,High,"Offer an incentive to move to a long-term contract | Offer priority/premium customer support | Offer a service review or upgrade consultation. Key signals: month-to-month contract, premium support not active, fiber service customer.",High
86986-BIH,Male,77,Yes,Bihar,5,31,None,Yes,No,Yes,DSL,No,No,Yes,No,No,No,No,Yes,Month-to-Month,No,Bank Withdrawal,50.349998474121094,237.25,0.0,0,93.44999694824219,330.70001220703125,Churned,Dissatisfaction,Product dissatisfaction,0.67,67.0,1,Medium,"Offer an incentive to move to a long-term contract | Offer priority/premium customer support | Evaluate eligibility for a value plan. Key signals: month-to-month contract, premium support not active, no value deal assigned.",Medium
87024-WES,Female,27,Yes,West Bengal,12,15,Deal 5,Yes,Yes,Yes,Fiber Optic,No,No,No,No,No,Yes,Yes,Yes,Month-to-Month,Yes,Credit Card,85.19999694824219,627.4000244140625,0.0,0,211.27999877929688,838.6799926757812,Churned,Competitor,Competitor had better devices,0.72,72.0,1,High,"Offer an incentive to move to a long-term contract | Offer a personalized pricing or loyalty discount | Offer priority/premium customer support. Key signals: month-to-month contract, high monthly charge, premium support not active.",High
87063-TAM,Female,20,No,Tamil Nadu,10,8,Deal 5,Yes,Yes,Yes,Fiber Optic,No,No,No,No,No,Yes,Yes,Yes,Month-to-Month,Yes,Credit Card,85.19999694824219,602.5499877929688,0.0,0,131.80999755859375,734.3599853515625,Churned,Attitude,Attitude of support person,0.66,66.0,1,Medium,"Offer an incentive to move to a long-term contract | Offer a personalized pricing or loyalty discount | Offer an early-tenure loyalty benefit. Key signals: month-to-month contract, high monthly charge, short customer tenure.",Medium
87090-CHH,Male,63,No,Chhattisgarh,4,3,Deal 5,Yes,No,Yes,DSL,No,No,No,No,No,Yes,Yes,No,Month-to-Month,No,Bank Withdrawal,54.29999923706055,195.3000030517578,0.0,80,160.60000610351562,435.8999938964844,Churned,Price,Long distance charges,0.65,65.0,1,Medium,"Offer an incentive to move to a long-term contract | Offer an early-tenure loyalty benefit | Offer priority/premium customer support. Key signals: month-to-month contract, short customer tenure, premium support not active.",Medium
87091-JAM,Female,73,Yes,Jammu & Kashmir,14,36,None,Yes,Yes,Yes,Fiber Optic,No,No,No,Yes,Yes,Yes,No,Yes,Month-to-Month,No,Bank Withdrawal,99.75,1836.25,0.0,0,454.8599853515625,2291.110107421875,Churned,Attitude,Attitude of support person,0.55,55.0,1,Medium,"Offer an incentive to move to a long-term contract | Offer a personalized pricing or loyalty discount | Offer a service review or upgrade consultation. Key signals: month-to-month contract, high monthly charge, fiber service customer.",Medium
87241-TAM,Female,42,No,Tamil Nadu,4,10,Deal 3,Yes,Yes,Yes,Fiber Optic,No,No,No,No,No,No,No,Yes,Month-to-Month,Yes,Credit Card,73.1500015258789,2730.85009765625,0.0,0,338.9100036621094,3069.760009765625,Stayed,Others,Others,0.5,50.0,1,Medium,"Offer an incentive to move to a long-term contract | Offer an early-tenure loyalty benefit | Offer priority/premium customer support. Key signals: month-to-month contract, short customer tenure, premium support not active.",Medium
91813-KER,Male,36,No,Kerala,5,33,None,No,No,Yes,DSL,No,No,No,Yes,No,Yes,Yes,Yes,Month-to-Month,Yes,Bank Withdrawal,40.04999923706055,162.4499969482422,0.0,0,0.0,162.4499969482422,Stayed,Others,Others,0.75,75.0,1,High,"Offer an incentive to move to a long-term contract | Evaluate eligibility for a value plan. Key signals: month-to-month contract, no value deal assigned.",High
91824-DEL,Female,22,Yes,Delhi,7,1,None,Yes,No,Yes,Fiber Optic,No,No,No,No,No,No,Yes,Yes,Month-to-Month,Yes,Bank Withdrawal,69.5999984741211,69.5999984741211,0.0,0,14.1899995803833,83.79000091552734,Churned,Competitor,Competitor made better offer,1.0,100.0,1,High,"Offer an incentive to move to a long-term contract | Offer an early-tenure loyalty benefit | Offer priority/premium customer support. Key signals: month-to-month contract, short customer tenure, premium support not active.",High
91994-TAM,Male,69,No,Tamil Nadu,8,8,Deal 3,Yes,Yes,Yes,Fiber Optic,No,No,No,No,Yes,Yes,No,Yes,Month-to-Month,Yes,Credit Card,96.1500015258789,3019.25,0.0,0,814.4000244140625,3833.64990234375,Churned,Price,Price too high,0.74,74.0,1,High,"Offer an incentive to move to a long-term contract | Offer a personalized pricing or loyalty discount | Offer an early-tenure loyalty benefit. Key signals: month-to-month contract, high monthly charge, short customer tenure.",High
92130-BIH,Male,78,Yes,Bihar,13,18,None,Yes,No,Yes,DSL,Yes,Yes,No,No,No,No,No,Yes,Month-to-Month,No,Credit Card,54.849998474121094,104.19999694824219,0.0,0,51.47999954223633,155.67999267578125,Churned,Price,Extra data charges,0.85,85.0,1,High,"Offer an incentive to move to a long-term contract | Offer priority/premium customer support | Evaluate eligibility for a value plan. Key signals: month-to-month contract, premium support not active, no value deal assigned.",High
96244-AND,Male,31,Yes,Andhra Pradesh,0,36,None,Yes,No,Yes,DSL,No,No,No,Yes,No,No,No,Yes,Month-to-Month,Yes,Mailed Check,49.900001525878906,49.900001525878906,0.0,0,39.599998474121094,89.5,Churned,Price,Extra data charges,0.98,98.0,1,High,"Offer an incentive to move to a long-term contract | Evaluate eligibility for a value plan. Key signals: month-to-month contract, no value deal assigned.",High
96284-ODI,Female,29,No,Odisha,10,2,None,Yes,Yes,Yes,Fiber Optic,No,No,No,No,Yes,No,Yes,Yes,Month-to-Month,Yes,Bank Withdrawal,85.19999694824219,1553.9000244140625,0.0,0,439.20001220703125,1993.0999755859375,Churned,Other,Don't know,0.55,55.0,1,Medium,"Offer an incentive to move to a long-term contract | Offer a personalized pricing or loyalty discount | Offer an early-tenure loyalty benefit. Key signals: month-to-month contract, high monthly charge, short customer tenure.",Medium
96416-HAR,Male,27,No,Haryana,3,11,None,Yes,No,No,None,No,No,No,No,No,No,No,No,Month-to-Month,No,Credit Card,20.149999618530273,20.149999618530273,0.0,0,33.58000183105469,53.72999954223633,Churned,Competitor,Competitor made better offer,0.97,97.0,1,High,"Offer an incentive to move to a long-term contract | Offer an early-tenure loyalty benefit | Offer priority/premium customer support. Key signals: month-to-month contract, short customer tenure, premium support not active.",High
99855-HAR,Female,48,Yes,Haryana,0,2,Deal 5,Yes,Yes,Yes,Fiber Optic,No,No,No,No,No,Yes,Yes,Yes,Month-to-Month,Yes,Bank Withdrawal,85.30000305175781,264.79998779296875,0.0,0,42.84000015258789,307.6400146484375,Churned,Other,Don't know,0.95,95.0,1,High,"Offer an incentive to move to a long-term contract | Offer a personalized pricing or loyalty discount | Offer an early-tenure loyalty benefit. Key signals: month-to-month contract, high monthly charge, short customer tenure.",High
99897-TAM,Male,63,Yes,Tamil Nadu,9,30,None,Yes,No,Yes,Fiber Optic,No,No,No,No,No,Yes,Yes,Yes,Month-to-Month,Yes,Bank Withdrawal,80.5999984741211,2244.949951171875,0.0,0,947.52001953125,3192.469970703125,Stayed,Others,Others,0.56,56.0,1,Medium,"Offer an incentive to move to a long-term contract | Offer a personalized pricing or loyalty discount | Offer priority/premium customer support. Key signals: month-to-month contract, high monthly charge, premium support not active.",Medium
99942-KER,Male,59,Yes,Kerala,8,18,None,Yes,No,Yes,Fiber Optic,No,No,No,No,No,No,No,Yes,Month-to-Month,No,Bank Withdrawal,69.69999694824219,69.69999694824219,0.0,0,21.520000457763672,91.22000122070312,Churned,Attitude,Attitude of service provider,1.0,100.0,1,High,"Offer an incentive to move to a long-term contract | Offer priority/premium customer support | Offer a service review or upgrade consultation. Key signals: month-to-month contract, premium support not active, fiber service customer.",High
12281-RAJ,Male,80,No,Rajasthan,14,25,None,Yes,Yes,Yes,Fiber Optic,No,No,Yes,No,No,No,No,Yes,Month-to-Month,Yes,Credit Card,78.0999984741211,864.8499755859375,0.0,0,194.25999450683594,1059.1099853515625,Stayed,Others,Others,0.76,76.0,1,High,"Offer an incentive to move to a long-term contract | Offer priority/premium customer support | Offer a service review or upgrade consultation. Key signals: month-to-month contract, premium support not active, fiber service customer.",High
12341-HAR,Female,38,No,Haryana,9,29,Deal 4,Yes,Yes,Yes,Fiber Optic,No,No,No,No,No,Yes,Yes,Yes,Month-to-Month,No,Bank Withdrawal,83.05000305175781,1799.300048828125,0.0,0,252.1199951171875,2051.419921875,Stayed,Others,Others,0.5,50.0,1,Medium,"Offer an incentive to move to a long-term contract | Offer a personalized pricing or loyalty discount | Offer priority/premium customer support. Key signals: month-to-month contract, high monthly charge, premium support not active.",Medium
12345-TEL,Female,71,Yes,Telangana,9,34,None,Yes,Yes,Yes,Cable,No,No,No,No,Yes,Yes,Yes,Yes,Month-to-Month,Yes,Bank Withdrawal,95.25,1233.6500244140625,48.09000015258789,0,412.1000061035156,1597.6600341796875,Churned,Competitor,Competitor had better devices,0.79,79.0,1,High,"Offer an incentive to move to a long-term contract | Offer a personalized pricing or loyalty discount | Offer priority/premium customer support. Key signals: month-to-month contract, high monthly charge, premium support not active.",High
12370-JAM,Female,49,Yes,Jammu & Kashmir,2,29,None,Yes,Yes,Yes,Fiber Optic,No,No,No,No,No,Yes,Yes,Yes,Month-to-Month,Yes,Bank Withdrawal,85.94999694824219,381.29998779296875,0.0,0,16.559999465942383,397.8599853515625,Churned,Competitor,Competitor made better offer,0.89,89.0,1,High,"Offer an incentive to move to a long-term contract | Offer a personalized pricing or loyalty discount | Offer priority/premium customer support. Key signals: month-to-month contract, high monthly charge, premium support not active.",High
12443-AND,Female,48,Yes,Andhra Pradesh,15,9,Deal 5,Yes,No,Yes,Fiber Optic,No,No,No,No,No,Yes,Yes,Yes,Month-to-Month,No,Credit Card,-7.0,80.1500015258789,0.0,0,4.670000076293945,84.81999969482422,Churned,Attitude,Attitude of support person,0.95,95.0,1,High,"Offer an incentive to move to a long-term contract | Offer an early-tenure loyalty benefit | Offer priority/premium customer support. Key signals: month-to-month contract, short customer tenure, premium support not active.",High
15340-TEL,Female,73,No,Telangana,12,9,None,Yes,Yes,Yes,Fiber Optic,No,Yes,No,No,No,No,No,Yes,Month-to-Month,Yes,Bank Withdrawal,80.19999694824219,1217.25,0.0,0,181.1999969482422,1398.449951171875,Churned,Competitor,Competitor offered higher download speeds,0.78,78.0,1,High,"Offer an incentive to move to a long-term contract | Offer a personalized pricing or loyalty discount | Offer an early-tenure loyalty benefit. Key signals: month-to-month contract, high monthly charge, short customer tenure.",High
15363-WES,Male,58,No,West Bengal,9,8,None,Yes,No,Yes,Fiber Optic,No,No,No,No,Yes,No,No,Yes,Month-to-Month,Yes,Bank Withdrawal,79.0,303.1499938964844,0.0,0,110.27999877929688,413.42999267578125,Churned,Dissatisfaction,Limited range of services,0.86,86.0,1,High,"Offer an incentive to move to a long-term contract | Offer an early-tenure loyalty benefit | Offer priority/premium customer support. Key signals: month-to-month contract, short customer tenure, premium support not active.",High
15488-RAJ,Male,55,No,Rajasthan,0,10,None,No,No,Yes,DSL,Yes,Yes,No,Yes,No,No,No,Yes,Month-to-Month,No,Credit Card,42.400001525878906,146.39999389648438,0.0,0,0.0,146.39999389648438,Stayed,Others,Others,0.65,65.0,1,Medium,"Offer an incentive to move to a long-term contract | Offer an early-tenure loyalty benefit | Evaluate eligibility for a value plan. Key signals: month-to-month contract, short customer tenure, no value deal assigned.",Medium
15513-PUN,Male,50,No,Punjab,8,28,None,Yes,Yes,Yes,Fiber Optic,Yes,No,No,No,No,Yes,Yes,Yes,Month-to-Month,Yes,Bank Withdrawal,88.05000305175781,801.2999877929688,0.0,0,201.69000244140625,1002.989990234375,Stayed,Others,Others,0.59,59.0,1,Medium,"Offer an incentive to move to a long-term contract | Offer a personalized pricing or loyalty discount | Offer priority/premium customer support. Key signals: month-to-month contract, high monthly charge, premium support not active.",Medium
22996-RAJ,Male,49,Yes,Rajasthan,11,18,None,Yes,Yes,Yes,Fiber Optic,No,Yes,Yes,No,Yes,Yes,Yes,Yes,Month-to-Month,Yes,Bank Withdrawal,106.69999694824219,1253.9000244140625,0.0,0,302.2799987792969,1556.1800537109375,Churned,Attitude,Attitude of support person,0.66,66.0,1,Medium,"Offer an incentive to move to a long-term contract | Offer a personalized pricing or loyalty discount | Offer priority/premium customer support. Key signals: month-to-month contract, high monthly charge, premium support not active.",Medium
23067-ASS,Female,75,No,Assam,2,22,None,Yes,Yes,Yes,Fiber Optic,No,No,No,No,No,No,No,No,Month-to-Month,Yes,Bank Withdrawal,74.44999694824219,74.44999694824219,0.0,10,31.270000457763672,115.72000122070312,Churned,Other,Don't know,1.0,100.0,1,High,"Offer an incentive to move to a long-term contract | Offer priority/premium customer support | Offer a service review or upgrade consultation. Key signals: month-to-month contract, premium support not active, fiber service customer.",High
23132-PUN,Female,36,Yes,Punjab,0,15,None,Yes,No,Yes,DSL,No,No,No,Yes,No,No,No,Yes,Month-to-Month,Yes,Bank Withdrawal,52.20000076293945,52.20000076293945,0.0,0,34.040000915527344,86.23999786376953,Churned,Competitor,Competitor made better offer,0.95,95.0,1,High,"Offer an incentive to move to a long-term contract | Evaluate eligibility for a value plan. Key signals: month-to-month contract, no value deal assigned.",High
23184-GUJ,Male,55,Yes,Gujarat,5,21,Deal 5,Yes,No,Yes,Fiber Optic,No,No,No,No,No,No,No,Yes,Month-to-Month,Yes,Bank Withdrawal,71.0,71.0,0.0,0,18.84000015258789,89.83999633789062,Churned,Attitude,Attitude of support person,1.0,100.0,1,High,"Offer an incentive to move to a long-term contract | Offer priority/premium customer support | Offer a service review or upgrade consultation. Key signals: month-to-month contract, premium support not active, fiber service customer.",High
26994-BIH,Female,27,No,Bihar,9,5,None,Yes,Yes,Yes,Fiber Optic,No,No,No,No,No,No,No,Yes,Month-to-Month,Yes,Bank Withdrawal,75.9000015258789,143.35000610351562,0.0,0,53.7400016784668,197.08999633789062,Churned,Other,Don't know,0.96,96.0,1,High,"Offer an incentive to move to a long-term contract | Offer an early-tenure loyalty benefit | Offer priority/premium customer support. Key signals: month-to-month contract, short customer tenure, premium support not active.",High
27008-WES,Female,53,No,West Bengal,9,4,None,Yes,No,Yes,Fiber Optic,No,No,Yes,No,Yes,Yes,Yes,Yes,Month-to-Month,No,Bank Withdrawal,94.4000015258789,94.4000015258789,0.0,0,18.34000015258789,112.73999786376953,Churned,Price,Lack of affordable download/upload speed,1.0,100.0,1,High,"Offer an incentive to move to a long-term contract | Offer a personalized pricing or loyalty discount | Offer an early-tenure loyalty benefit. Key signals: month-to-month contract, high monthly charge, short customer tenure.",High
27031-KAR,Female,71,Yes,Karnataka,11,34,Deal 2,Yes,Yes,Yes,Fiber Optic,Yes,Yes,Yes,No,Yes,Yes,Yes,Yes,Month-to-Month,No,Bank Withdrawal,108.75,5431.89990234375,0.0,0,459.0,5890.89990234375,Stayed,Others,Others,0.53,53.0,1,Medium,"Offer an incentive to move to a long-term contract | Offer a personalized pricing or loyalty discount | Offer priority/premium customer support. Key signals: month-to-month contract, high monthly charge, premium support not active.",Medium
27064-TAM,Male,65,Yes,Tamil Nadu,2,35,Deal 5,Yes,No,Yes,Fiber Optic,No,No,Yes,Yes,No,Yes,Yes,Yes,Month-to-Month,Yes,Bank Withdrawal,89.25,487.04998779296875,0.0,0,215.27999877929688,702.3300170898438,Stayed,Others,Others,0.71,71.0,1,High,"Offer an incentive to move to a long-term contract | Offer a personalized pricing or loyalty discount | Offer a service review or upgrade consultation. Key signals: month-to-month contract, high monthly charge, fiber service customer.",High
27138-BIH,Female,24,Yes,Bihar,5,10,None,Yes,No,Yes,Fiber Optic,Yes,No,No,No,No,No,Yes,Yes,Month-to-Month,Yes,Credit Card,74.25,639.6500244140625,0.0,0,124.73999786376953,764.3900146484375,Churned,Attitude,Attitude of support person,0.5,50.0,1,Medium,"Offer an incentive to move to a long-term contract | Offer an early-tenure loyalty benefit | Offer priority/premium customer support. Key signals: month-to-month contract, short customer tenure, premium support not active.",Medium
32391-HAR,Female,75,No,Haryana,13,36,Deal 2,Yes,Yes,Yes,Fiber Optic,No,No,Yes,No,Yes,Yes,No,Yes,Month-to-Month,Yes,Bank Withdrawal,97.80000305175781,4913.2998046875,0.0,0,993.989990234375,5907.2900390625,Churned,Price,Long distance charges,0.66,66.0,1,Medium,"Offer an incentive to move to a long-term contract | Offer a personalized pricing or loyalty discount | Offer priority/premium customer support. Key signals: month-to-month contract, high monthly charge, premium support not active.",Medium
32447-HAR,Female,38,Yes,Haryana,13,18,None,Yes,No,Yes,DSL,No,No,No,No,No,No,No,Yes,Month-to-Month,No,Credit Card,-4.0,46.29999923706055,0.0,0,48.220001220703125,94.5199966430664,Churned,Price,Extra data charges,0.96,96.0,1,High,"Offer an incentive to move to a long-term contract | Offer priority/premium customer support | Evaluate eligibility for a value plan. Key signals: month-to-month contract, premium support not active, no value deal assigned.",High
32496-TAM,Female,30,Yes,Tamil Nadu,8,7,Deal 5,Yes,Yes,Yes,Fiber Optic,No,No,No,Yes,Yes,Yes,Yes,No,Month-to-Month,Yes,Credit Card,100.8499984741211,399.25,0.0,10,31.760000228881836,441.010009765625,Stayed,Others,Others,0.72,72.0,1,High,"Offer an incentive to move to a long-term contract | Offer a personalized pricing or loyalty discount | Offer an early-tenure loyalty benefit. Key signals: month-to-month contract, high monthly charge, short customer tenure.",High
32554-DEL,Male,28,No,Delhi,0,21,None,Yes,No,Yes,Fiber Optic,No,No,No,Yes,No,No,No,Yes,Month-to-Month,Yes,Bank Withdrawal,75.9000015258789,75.9000015258789,0.0,0,44.560001373291016,120.45999908447266,Churned,Competitor,Competitor made better offer,0.95,95.0,1,High,"Offer an incentive to move to a long-term contract | Offer a service review or upgrade consultation | Evaluate eligibility for a value plan. Key signals: month-to-month contract, fiber service customer, no value deal assigned.",High
32630-KAR,Male,65,Yes,Karnataka,0,16,None,Yes,Yes,Yes,Fiber Optic,No,Yes,Yes,No,No,No,No,Yes,Month-to-Month,Yes,Bank Withdrawal,84.44999694824219,1058.5999755859375,0.0,0,284.44000244140625,1343.0400390625,Churned,Price,Long distance charges,0.81,81.0,1,High,"Offer an incentive to move to a long-term contract | Offer a personalized pricing or loyalty discount | Offer priority/premium customer support. Key signals: month-to-month contract, high monthly charge, premium support not active.",High
35990-GUJ,Female,62,Yes,Gujarat,9,25,Deal 4,Yes,No,Yes,Cable,No,Yes,Yes,Yes,No,No,No,No,Month-to-Month,Yes,Credit Card,83.80000305175781,1029.75,44.58000183105469,80,343.55999755859375,1408.72998046875,Churned,Competitor,Competitor had better devices,0.5,50.0,1,Medium,"Offer an incentive to move to a long-term contract | Offer a personalized pricing or loyalty discount. Key signals: month-to-month contract, high monthly charge.",Medium
36159-CHH,Female,43,No,Chhattisgarh,1,28,Deal 4,Yes,Yes,Yes,Fiber Optic,No,Yes,No,No,No,No,No,Yes,Month-to-Month,Yes,Bank Withdrawal,80.5,896.9000244140625,0.0,0,126.5,1023.4000244140625,Churned,Dissatisfaction,Product dissatisfaction,0.64,64.0,1,Medium,"Offer an incentive to move to a long-term contract | Offer a personalized pricing or loyalty discount | Offer priority/premium customer support. Key signals: month-to-month contract, high monthly charge, premium support not active.",Medium
36312-MAH,Male,22,Yes,Maharashtra,4,10,Deal 4,Yes,No,Yes,Fiber Optic,No,No,Yes,No,Yes,Yes,Yes,Yes,Month-to-Month,Yes,Bank Withdrawal,94.9000015258789,1048.8499755859375,0.0,0,402.20001220703125,1451.050048828125,Churned,Competitor,Competitor had better devices,0.57,57.0,1,Medium,"Offer an incentive to move to a long-term contract | Offer a personalized pricing or loyalty discount | Offer an early-tenure loyalty benefit. Key signals: month-to-month contract, high monthly charge, short customer tenure.",Medium
36369-MAH,Male,54,No,Maharashtra,10,13,Deal 5,Yes,Yes,Yes,Fiber Optic,No,No,No,No,No,No,No,Yes,Month-to-Month,Yes,Bank Withdrawal,75.8499984741211,724.6500244140625,0.0,0,65.87999725341797,790.530029296875,Stayed,Others,Others,0.69,69.0,1,Medium,"Offer an incentive to move to a long-term contract | Offer priority/premium customer support | Offer a service review or upgrade consultation. Key signals: month-to-month contract, premium support not active, fiber service customer.",Medium
36379-JAM,Male,41,Yes,Jammu & Kashmir,12,28,Deal 5,Yes,No,No,None,No,No,No,No,No,No,No,No,One Year,No,Mailed Check,19.850000381469727,35.900001525878906,0.0,0,30.280000686645508,66.18000030517578,Churned,Attitude,Attitude of support person,0.67,67.0,1,Medium,Offer priority/premium customer support. Key signals: premium support not active.,Medium
39778-BIH,Female,39,No,Bihar,10,11,Deal 5,Yes,No,Yes,Fiber Optic,No,No,No,No,No,Yes,Yes,Yes,Month-to-Month,No,Bank Withdrawal,78.6500015258789,78.6500015258789,0.0,0,46.09000015258789,124.73999786376953,Churned,Competitor,Competitor had better devices,1.0,100.0,1,High,"Offer an incentive to move to a long-term contract | Offer an early-tenure loyalty benefit | Offer priority/premium customer support. Key signals: month-to-month contract, short customer tenure, premium support not active.",High
39810-GUJ,Female,72,No,Gujarat,12,23,None,Yes,No,Yes,Fiber Optic,No,No,No,No,Yes,Yes,Yes,No,Month-to-Month,Yes,Bank Withdrawal,90.5,1201.1500244140625,29.84000015258789,140,339.42999267578125,1650.739990234375,Churned,Competitor,Competitor had better devices,0.62,62.0,1,Medium,"Offer an incentive to move to a long-term contract | Offer a personalized pricing or loyalty discount | Offer priority/premium customer support. Key signals: month-to-month contract, high monthly charge, premium support not active.",Medium
39870-WES,Male,40,No,West Bengal,10,21,Deal 5,Yes,No,Yes,Fiber Optic,No,No,No,No,No,No,No,Yes,Month-to-Month,No,Bank Withdrawal,-7.0,69.75,0.0,0,27.969999313354492,97.72000122070312,Churned,Attitude,Attitude of support person,0.96,96.0,1,High,"Offer an incentive to move to a long-term contract | Offer priority/premium customer support | Offer a service review or upgrade consultation. Key signals: month-to-month contract, premium support not active, fiber service customer.",High
44458-TAM,Female,43,No,Tamil Nadu,7,20,None,Yes,No,Yes,Fiber Optic,No,No,No,No,No,Yes,Yes,Yes,Month-to-Month,Yes,Bank Withdrawal,79.55000305175781,723.4000244140625,0.0,0,408.69000244140625,1132.0899658203125,Churned,Competitor,Competitor offered more data,0.55,55.0,1,Medium,"Offer an incentive to move to a long-term contract | Offer priority/premium customer support | Offer a service review or upgrade consultation. Key signals: month-to-month contract, premium support not active, fiber service customer.",Medium
44514-PUN,Male,62,Yes,Punjab,12,2,Deal 5,No,No,Yes,DSL,No,No,No,No,No,No,No,Yes,Month-to-Month,Yes,Bank Withdrawal,24.25,24.25,0.0,0,0.0,24.25,Churned,Dissatisfaction,Lack of self-service on Website,0.98,98.0,1,High,"Offer an incentive to move to a long-term contract | Offer an early-tenure loyalty benefit | Offer priority/premium customer support. Key signals: month-to-month contract, short customer tenure, premium support not active.",High
44558-AND,Female,36,Yes,Andhra Pradesh,11,2,None,Yes,Yes,Yes,Fiber Optic,No,Yes,No,No,No,Yes,Yes,No,Month-to-Month,Yes,Credit Card,91.5,242.9499969482422,0.0,10,94.83000183105469,347.7799987792969,Churned,Competitor,Competitor offered higher download speeds,0.81,81.0,1,High,"Offer an incentive to move to a long-term contract | Offer a personalized pricing or loyalty discount | Offer an early-tenure loyalty benefit. Key signals: month-to-month contract, high monthly charge, short customer tenure.",High
44561-MAD,Male,35,Yes,Madhya Pradesh,5,25,Deal 4,Yes,Yes,Yes,Fiber Optic,No,No,No,No,Yes,Yes,Yes,Yes,Month-to-Month,No,Bank Withdrawal,94.55000305175781,1173.550048828125,0.0,0,166.55999755859375,1340.1099853515625,Stayed,Others,Others,0.73,73.0,1,High,"Offer an incentive to move to a long-term contract | Offer a personalized pricing or loyalty discount | Offer priority/premium customer support. Key signals: month-to-month contract, high monthly charge, premium support not active.",High
44630-RAJ,Female,56,No,Rajasthan,1,3,None,Yes,Yes,Yes,Fiber Optic,No,Yes,No,No,No,No,No,Yes,Month-to-Month,Yes,Bank Withdrawal,78.55000305175781,522.9500122070312,47.189998626708984,0,285.32000732421875,761.0800170898438,Stayed,Others,Others,0.7,70.0,1,High,"Offer an incentive to move to a long-term contract | Offer an early-tenure loyalty benefit | Offer priority/premium customer support. Key signals: month-to-month contract, short customer tenure, premium support not active.",High
44718-JAM,Male,52,Yes,Jammu & Kashmir,15,18,None,Yes,No,No,None,No,No,No,No,No,No,No,No,Month-to-Month,Yes,Mailed Check,20.200000762939453,20.200000762939453,0.0,0,13.270000457763672,33.470001220703125,Churned,Price,Long distance charges,0.96,96.0,1,High,"Offer an incentive to move to a long-term contract | Offer priority/premium customer support | Evaluate eligibility for a value plan. Key signals: month-to-month contract, premium support not active, no value deal assigned.",High
44732-AND,Male,71,No,Andhra Pradesh,6,29,Deal 4,Yes,Yes,Yes,Fiber Optic,No,Yes,No,No,Yes,No,No,Yes,Month-to-Month,Yes,Bank Withdrawal,88.19999694824219,1775.800048828125,0.0,0,759.4299926757812,2535.22998046875,Churned,Competitor,Competitor had better devices,0.73,73.0,1,High,"Offer an incentive to move to a long-term contract | Offer a personalized pricing or loyalty discount | Offer priority/premium customer support. Key signals: month-to-month contract, high monthly charge, premium support not active.",High
44755-JHA,Female,28,Yes,Jharkhand,9,19,None,Yes,No,Yes,Fiber Optic,No,No,No,No,Yes,No,Yes,No,Month-to-Month,Yes,Bank Withdrawal,80.55000305175781,80.55000305175781,0.0,0,43.66999816894531,124.22000122070312,Churned,Competitor,Competitor had better devices,0.99,99.0,1,High,"Offer an incentive to move to a long-term contract | Offer a personalized pricing or loyalty discount | Offer priority/premium customer support. Key signals: month-to-month contract, high monthly charge, premium support not active.",High
44775-GUJ,Female,58,Yes,Gujarat,10,1,None,No,No,Yes,Cable,No,No,No,No,Yes,Yes,Yes,No,Month-to-Month,Yes,Bank Withdrawal,45.400001525878906,418.79998779296875,0.0,20,0.0,438.79998779296875,Churned,Competitor,Competitor had better devices,0.61,61.0,1,Medium,"Offer an incentive to move to a long-term contract | Offer an early-tenure loyalty benefit | Offer priority/premium customer support. Key signals: month-to-month contract, short customer tenure, premium support not active.",Medium
44857-GUJ,Female,46,Yes,Gujarat,14,2,None,Yes,No,Yes,Fiber Optic,No,No,No,No,No,No,No,Yes,Month-to-Month,Yes,Bank Withdrawal,70.19999694824219,237.9499969482422,0.0,0,52.08000183105469,290.0299987792969,Churned,Competitor,Competitor had better devices,0.92,92.0,1,High,"Offer an incentive to move to a long-term contract | Offer an early-tenure loyalty benefit | Offer priority/premium customer support. Key signals: month-to-month contract, short customer tenure, premium support not active.",High
48240-KAR,Male,29,Yes,Karnataka,1,23,Deal 5,No,No,Yes,Cable,No,No,No,No,Yes,Yes,Yes,Yes,Month-to-Month,No,Credit Card,45.0,298.70001220703125,0.0,0,0.0,298.70001220703125,Stayed,Others,Others,0.59,59.0,1,Medium,"Offer an incentive to move to a long-term contract | Offer priority/premium customer support. Key signals: month-to-month contract, premium support not active.",Medium
48291-UTT,Female,60,Yes,Uttar Pradesh,6,36,None,No,No,Yes,DSL,No,No,No,No,No,No,No,Yes,Month-to-Month,Yes,Bank Withdrawal,25.149999618530273,99.94999694824219,0.0,0,0.0,99.94999694824219,Stayed,Others,Others,0.88,88.0,1,High,"Offer an incentive to move to a long-term contract | Offer priority/premium customer support | Evaluate eligibility for a value plan. Key signals: month-to-month contract, premium support not active, no value deal assigned.",High
48317-TEL,Female,34,No,Telangana,9,11,Deal 5,Yes,No,No,None,No,No,No,No,No,No,No,No,Month-to-Month,Yes,Credit Card,19.600000381469727,59.75,0.0,0,39.84000015258789,99.58999633789062,Churned,Attitude,Attitude of support person,0.84,84.0,1,High,"Offer an incentive to move to a long-term contract | Offer an early-tenure loyalty benefit | Offer priority/premium customer support. Key signals: month-to-month contract, short customer tenure, premium support not active.",High
48330-UTT,Female,60,Yes,Uttar Pradesh,1,34,None,Yes,Yes,Yes,Fiber Optic,No,No,Yes,No,Yes,Yes,Yes,Yes,Month-to-Month,Yes,Bank Withdrawal,100.5,918.5999755859375,0.0,0,438.3900146484375,1356.989990234375,Churned,Competitor,Competitor had better devices,0.8,80.0,1,High,"Offer an incentive to move to a long-term contract | Offer a personalized pricing or loyalty discount | Offer priority/premium customer support. Key signals: month-to-month contract, high monthly charge, premium support not active.",High
48450-UTT,Male,66,Yes,Uttar Pradesh,6,11,Deal 5,Yes,No,Yes,Fiber Optic,Yes,No,No,Yes,Yes,No,No,Yes,Month-to-Month,Yes,Mailed Check,88.30000305175781,273.75,0.0,0,77.30999755859375,351.05999755859375,Churned,Attitude,Attitude of support person,0.69,69.0,1,Medium,"Offer an incentive to move to a long-term contract | Offer a personalized pricing or loyalty discount | Offer an early-tenure loyalty benefit. Key signals: month-to-month contract, high monthly charge, short customer tenure.",Medium
53414-MAH,Female,19,No,Maharashtra,1,6,None,Yes,Yes,Yes,Fiber Optic,No,Yes,Yes,Yes,Yes,Yes,Yes,Yes,Month-to-Month,Yes,Bank Withdrawal,109.94999694824219,3782.39990234375,31.899999618530273,0,1690.5,5441.0,Stayed,Others,Others,0.5,50.0,1,Medium,"Offer an incentive to move to a long-term contract | Offer a personalized pricing or loyalty discount | Offer an early-tenure loyalty benefit. Key signals: month-to-month contract, high monthly charge, short customer tenure.",Medium
53437-KAR,Male,24,Yes,Karnataka,15,6,None,Yes,No,Yes,Fiber Optic,No,No,Yes,No,Yes,No,Yes,Yes,Month-to-Month,Yes,Bank Withdrawal,84.8499984741211,84.8499984741211,0.0,0,36.06999969482422,120.91999816894531,Churned,Competitor,Competitor had better devices,1.0,100.0,1,High,"Offer an incentive to move to a long-term contract | Offer a personalized pricing or loyalty discount | Offer an early-tenure loyalty benefit. Key signals: month-to-month contract, high monthly charge, short customer tenure.",High
57568-KER,Female,39,No,Kerala,14,15,Deal 5,Yes,No,No,None,No,No,No,No,No,No,No,No,Month-to-Month,No,Bank Withdrawal,19.75,58.849998474121094,0.0,0,73.88999938964844,132.74000549316406,Churned,Attitude,Attitude of support person,0.78,78.0,1,High,"Offer an incentive to move to a long-term contract | Offer priority/premium customer support. Key signals: month-to-month contract, premium support not active.",High
57610-JAM,Female,79,No,Jammu & Kashmir,2,24,Deal 3,Yes,Yes,Yes,Fiber Optic,No,No,No,No,No,No,No,Yes,Month-to-Month,Yes,Bank Withdrawal,74.9000015258789,2303.35009765625,0.0,0,1514.8800048828125,3818.22998046875,Churned,Attitude,Attitude of support person,0.76,76.0,1,High,"Offer an incentive to move to a long-term contract | Offer priority/premium customer support | Offer a service review or upgrade consultation. Key signals: month-to-month contract, premium support not active, fiber service customer.",High
57622-TAM,Female,26,Yes,Tamil Nadu,10,34,Deal 5,Yes,No,Yes,Fiber Optic,No,No,No,No,No,No,No,Yes,Month-to-Month,Yes,Bank Withdrawal,69.55000305175781,521.3499755859375,0.0,0,62.650001525878906,584.0,Stayed,Others,Others,0.53,53.0,1,Medium,"Offer an incentive to move to a long-term contract | Offer priority/premium customer support | Offer a service review or upgrade consultation. Key signals: month-to-month contract, premium support not active, fiber service customer.",Medium
57712-JAM,Female,29,Yes,Jammu & Kashmir,15,8,Deal 5,Yes,No,Yes,DSL,No,Yes,No,No,No,No,Yes,Yes,Month-to-Month,No,Credit Card,50.650001525878906,50.650001525878906,0.0,0,14.779999732971191,65.43000030517578,Churned,Competitor,Competitor made better offer,0.98,98.0,1,High,"Offer an incentive to move to a long-term contract | Offer an early-tenure loyalty benefit | Offer priority/premium customer support. Key signals: month-to-month contract, short customer tenure, premium support not active.",High
57765-TAM,Male,37,Yes,Tamil Nadu,14,17,Deal 5,Yes,Yes,Yes,Cable,No,No,No,No,Yes,Yes,Yes,No,Month-to-Month,No,Credit Card,95.0,655.5,36.599998474121094,10,143.63999938964844,772.5399780273438,Churned,Competitor,Competitor had better devices,0.58,58.0,1,Medium,"Offer an incentive to move to a long-term contract | Offer a personalized pricing or loyalty discount | Offer priority/premium customer support. Key signals: month-to-month contract, high monthly charge, premium support not active.",Medium
57776-WES,Male,25,Yes,West Bengal,7,27,None,Yes,Yes,Yes,Cable,No,No,Yes,No,No,No,No,No,Month-to-Month,Yes,Bank Withdrawal,79.3499984741211,661.25,0.0,10,285.0299987792969,956.280029296875,Churned,Dissatisfaction,Network reliability,0.54,54.0,1,Medium,"Offer an incentive to move to a long-term contract | Offer priority/premium customer support | Evaluate eligibility for a value plan. Key signals: month-to-month contract, premium support not active, no value deal assigned.",Medium
57779-ASS,Male,30,Yes,Assam,7,29,None,Yes,No,No,None,No,No,No,No,No,No,No,No,Month-to-Month,No,Credit Card,19.25,19.25,0.0,0,12.8100004196167,32.060001373291016,Churned,Attitude,Attitude of service provider,0.95,95.0,1,High,"Offer an incentive to move to a long-term contract | Offer priority/premium customer support | Evaluate eligibility for a value plan. Key signals: month-to-month contract, premium support not active, no value deal assigned.",High
57784-UTT,Male,80,Yes,Uttar Pradesh,4,8,None,Yes,Yes,Yes,Fiber Optic,No,No,No,No,Yes,No,No,Yes,Month-to-Month,Yes,Bank Withdrawal,86.5999984741211,1281.0,0.0,0,306.8800048828125,1587.8800048828125,Churned,Dissatisfaction,Network reliability,0.79,79.0,1,High,"Offer an incentive to move to a long-term contract | Offer a personalized pricing or loyalty discount | Offer an early-tenure loyalty benefit. Key signals: month-to-month contract, high monthly charge, short customer tenure.",High
57809-JAM,Female,22,No,Jammu & Kashmir,8,10,None,Yes,No,Yes,Fiber Optic,No,No,No,No,Yes,Yes,Yes,Yes,Month-to-Month,No,Bank Withdrawal,88.1500015258789,1390.5999755859375,0.0,0,184.0500030517578,1574.6500244140625,Churned,Dissatisfaction,Product dissatisfaction,0.58,58.0,1,Medium,"Offer an incentive to move to a long-term contract | Offer a personalized pricing or loyalty discount | Offer an early-tenure loyalty benefit. Key signals: month-to-month contract, high monthly charge, short customer tenure.",Medium
57814-JAM,Female,59,Yes,Jammu & Kashmir,0,15,None,Yes,Yes,Yes,Fiber Optic,No,Yes,No,No,Yes,Yes,Yes,Yes,Month-to-Month,Yes,Bank Withdrawal,101.75,4273.4501953125,0.0,0,789.1799926757812,5062.6298828125,Churned,Other,Don't know,0.52,52.0,1,Medium,"Offer an incentive to move to a long-term contract | Offer a personalized pricing or loyalty discount | Offer priority/premium customer support. Key signals: month-to-month contract, high monthly charge, premium support not active.",Medium
62641-KAR,Female,73,Yes,Karnataka,11,32,None,Yes,No,Yes,Fiber Optic,No,No,No,No,No,No,No,No,Month-to-Month,Yes,Bank Withdrawal,70.1500015258789,916.75,0.0,90,492.17999267578125,1498.9300537109375,Churned,Dissatisfaction,Poor expertise of online support,0.63,63.0,1,Medium,"Offer an incentive to move to a long-term contract | Offer priority/premium customer support | Offer a service review or upgrade consultation. Key signals: month-to-month contract, premium support not active, fiber service customer.",Medium
62656-BIH,Male,53,Yes,Bihar,5,21,None,Yes,No,Yes,DSL,No,No,No,No,No,Yes,Yes,Yes,Month-to-Month,Yes,Bank Withdrawal,56.25,56.25,0.0,0,26.139999389648438,82.38999938964844,Churned,Price,Lack of affordable download/upload speed,1.0,100.0,1,High,"Offer an incentive to move to a long-term contract | Offer priority/premium customer support | Evaluate eligibility for a value plan. Key signals: month-to-month contract, premium support not active, no value deal assigned.",High
62657-MAH,Male,21,Yes,Maharashtra,6,2,Deal 5,Yes,No,No,None,No,No,No,No,No,No,No,No,Month-to-Month,Yes,Credit Card,19.649999618530273,67.55000305175781,0.0,0,73.12000274658203,140.6699981689453,Stayed,Others,Others,0.56,56.0,1,Medium,"Offer an incentive to move to a long-term contract | Offer an early-tenure loyalty benefit | Offer priority/premium customer support. Key signals: month-to-month contract, short customer tenure, premium support not active.",Medium
62667-PUN,Male,71,Yes,Punjab,5,25,None,Yes,No,Yes,Fiber Optic,No,No,Yes,No,Yes,No,No,No,Month-to-Month,Yes,Credit Card,84.8499984741211,415.54998779296875,0.0,20,136.75,572.2999877929688,Churned,Competitor,Competitor had better devices,0.83,83.0,1,High,"Offer an incentive to move to a long-term contract | Offer a personalized pricing or loyalty discount | Offer priority/premium customer support. Key signals: month-to-month contract, high monthly charge, premium support not active.",High
62731-KER,Male,69,Yes,Kerala,8,21,None,Yes,Yes,Yes,Fiber Optic,No,No,No,Yes,Yes,No,No,Yes,Month-to-Month,Yes,Bank Withdrawal,90.5,1910.5999755859375,0.0,0,1014.4199829101562,2925.02001953125,Churned,Other,Don't know,0.71,71.0,1,High,"Offer an incentive to move to a long-term contract | Offer a personalized pricing or loyalty discount | Offer a service review or upgrade consultation. Key signals: month-to-month contract, high monthly charge, fiber service customer.",High
62759-MAH,Male,44,No,Maharashtra,8,21,Deal 5,Yes,Yes,Yes,Fiber Optic,No,No,No,No,No,Yes,Yes,Yes,Month-to-Month,Yes,Bank Withdrawal,86.55000305175781,649.6500244140625,0.0,0,198.0800018310547,847.72998046875,Churned,Attitude,Attitude of service provider,0.7,70.0,1,High,"Offer an incentive to move to a long-term contract | Offer a personalized pricing or loyalty discount | Offer priority/premium customer support. Key signals: month-to-month contract, high monthly charge, premium support not active.",High
62802-TEL,Female,52,Yes,Telangana,0,33,Deal 5,Yes,Yes,Yes,Fiber Optic,No,No,No,No,Yes,Yes,Yes,Yes,Month-to-Month,Yes,Bank Withdrawal,96.5999984741211,291.8999938964844,0.0,0,29.850000381469727,321.75,Churned,Price,Price too high,0.95,95.0,1,High,"Offer an incentive to move to a long-term contract | Offer a personalized pricing or loyalty discount | Offer priority/premium customer support. Key signals: month-to-month contract, high monthly charge, premium support not active.",High
62807-JHA,Male,76,Yes,Jharkhand,5,32,Deal 5,Yes,No,Yes,DSL,No,No,No,No,No,No,No,Yes,Month-to-Month,No,Credit Card,44.95000076293945,85.1500015258789,0.0,0,53.2400016784668,138.38999938964844,Churned,Other,Don't know,0.99,99.0,1,High,"Offer an incentive to move to a long-term contract | Offer priority/premium customer support. Key signals: month-to-month contract, premium support not active.",High
65957-PUN,Female,78,No,Punjab,15,26,None,Yes,Yes,Yes,Fiber Optic,No,No,Yes,Yes,Yes,Yes,No,Yes,Month-to-Month,Yes,Bank Withdrawal,104.05000305175781,1133.6500244140625,0.0,0,189.75,1323.4000244140625,Churned,Competitor,Competitor offered more data,0.81,81.0,1,High,"Offer an incentive to move to a long-term contract | Offer a personalized pricing or loyalty discount | Offer a service review or upgrade consultation. Key signals: month-to-month contract, high monthly charge, fiber service customer.",High
66014-JAM,Male,30,Yes,Jammu & Kashmir,9,6,None,Yes,No,Yes,Fiber Optic,No,No,No,No,No,Yes,Yes,Yes,Month-to-Month,Yes,Bank Withdrawal,80.80000305175781,80.80000305175781,0.0,0,41.77000045776367,122.56999969482422,Churned,Competitor,Competitor made better offer,1.0,100.0,1,High,"Offer an incentive to move to a long-term contract | Offer a personalized pricing or loyalty discount | Offer an early-tenure loyalty benefit. Key signals: month-to-month contract, high monthly charge, short customer tenure.",High
66079-HAR,Male,52,Yes,Haryana,2,31,None,Yes,Yes,Yes,Fiber Optic,No,No,No,No,No,No,No,Yes,Month-to-Month,Yes,Bank Withdrawal,74.94999694824219,1834.949951171875,0.0,0,455.7799987792969,2290.72998046875,Churned,Other,Don't know,0.51,51.0,1,Medium,"Offer an incentive to move to a long-term contract | Offer priority/premium customer support | Offer a service review or upgrade consultation. Key signals: month-to-month contract, premium support not active, fiber service customer.",Medium
66100-JAM,Female,25,No,Jammu & Kashmir,10,15,Deal 4,Yes,Yes,Yes,Fiber Optic,No,No,Yes,No,Yes,No,No,Yes,Month-to-Month,Yes,Bank Withdrawal,88.69999694824219,1761.449951171875,0.0,0,110.80000305175781,1872.25,Churned,Other,Don't know,0.5,50.0,1,Medium,"Offer an incentive to move to a long-term contract | Offer a personalized pricing or loyalty discount | Offer priority/premium customer support. Key signals: month-to-month contract, high monthly charge, premium support not active.",Medium
71055-AND,Male,66,Yes,Andhra Pradesh,5,35,None,Yes,Yes,Yes,Fiber Optic,No,No,No,No,No,No,No,No,Month-to-Month,Yes,Bank Withdrawal,74.4000015258789,74.4000015258789,0.0,30,17.360000610351562,121.76000213623047,Churned,Competitor,Competitor made better offer,0.99,99.0,1,High,"Offer an incentive to move to a long-term contract | Offer priority/premium customer support | Offer a service review or upgrade consultation. Key signals: month-to-month contract, premium support not active, fiber service customer.",High
71224-GUJ,Male,37,No,Gujarat,6,26,None,Yes,No,Yes,Fiber Optic,No,No,No,No,Yes,No,No,Yes,Month-to-Month,No,Bank Withdrawal,80.8499984741211,1400.8499755859375,0.0,0,282.3699951171875,1683.219970703125,Churned,Competitor,Competitor had better devices,0.54,54.0,1,Medium,"Offer an incentive to move to a long-term contract | Offer a personalized pricing or loyalty discount | Offer priority/premium customer support. Key signals: month-to-month contract, high monthly charge, premium support not active.",Medium
71415-KER,Female,53,Yes,Kerala,1,23,Deal 4,Yes,No,Yes,Fiber Optic,Yes,No,Yes,No,Yes,Yes,Yes,Yes,Month-to-Month,No,Bank Withdrawal,100.69999694824219,1522.699951171875,0.0,0,436.32000732421875,1959.02001953125,Stayed,Others,Others,0.59,59.0,1,Medium,"Offer an incentive to move to a long-term contract | Offer a personalized pricing or loyalty discount | Offer priority/premium customer support. Key signals: month-to-month contract, high monthly charge, premium support not active.",Medium
71483-BIH,Male,47,Yes,Bihar,6,20,Deal 5,Yes,No,Yes,Fiber Optic,No,No,No,No,No,No,No,Yes,Month-to-Month,Yes,Credit Card,69.0999984741211,69.0999984741211,0.0,0,16.549999237060547,85.6500015258789,Churned,Other,Don't know,1.0,100.0,1,High,"Offer an incentive to move to a long-term contract | Offer priority/premium customer support | Offer a service review or upgrade consultation. Key signals: month-to-month contract, premium support not active, fiber service customer.",High
71914-WES,Female,55,Yes,West Bengal,2,3,None,Yes,No,Yes,Fiber Optic,No,Yes,No,Yes,Yes,Yes,Yes,Yes,Month-to-Month,Yes,Bank Withdrawal,99.8499984741211,990.9000244140625,0.0,0,432.79998779296875,1423.699951171875,Churned,Dissatisfaction,Service dissatisfaction,0.6,60.0,1,Medium,"Offer an incentive to move to a long-term contract | Offer a personalized pricing or loyalty discount | Offer an early-tenure loyalty benefit. Key signals: month-to-month contract, high monthly charge, short customer tenure.",Medium
71922-HAR,Female,22,No,Haryana,0,3,Deal 5,Yes,Yes,Yes,Fiber Optic,No,No,No,No,No,No,No,Yes,Month-to-Month,Yes,Credit Card,74.5999984741211,548.9000244140625,0.0,0,10.239999771118164,559.1400146484375,Stayed,Others,Others,0.52,52.0,1,Medium,"Offer an incentive to move to a long-term contract | Offer an early-tenure loyalty benefit | Offer priority/premium customer support. Key signals: month-to-month contract, short customer tenure, premium support not active.",Medium
71942-AND,Female,33,No,Andhra Pradesh,8,24,None,Yes,No,Yes,Cable,No,No,No,No,No,No,No,Yes,Month-to-Month,No,Credit Card,45.849998474121094,81.0,0.0,0,39.040000915527344,120.04000091552734,Churned,Competitor,Competitor made better offer,0.98,98.0,1,High,"Offer an incentive to move to a long-term contract | Offer priority/premium customer support | Evaluate eligibility for a value plan. Key signals: month-to-month contract, premium support not active, no value deal assigned.",High
71949-JHA,Female,66,No,Jharkhand,14,34,None,Yes,Yes,Yes,Fiber Optic,No,No,Yes,No,Yes,Yes,No,No,Month-to-Month,Yes,Credit Card,99.05000305175781,5295.7001953125,0.0,40,2077.919921875,7413.6201171875,Stayed,Others,Others,0.64,64.0,1,Medium,"Offer an incentive to move to a long-term contract | Offer a personalized pricing or loyalty discount | Offer priority/premium customer support. Key signals: month-to-month contract, high monthly charge, premium support not active.",Medium
71949-WES,Female,23,No,West Bengal,11,5,Deal 4,Yes,Yes,Yes,Fiber Optic,No,No,No,No,No,Yes,Yes,Yes,Month-to-Month,Yes,Bank Withdrawal,84.5999984741211,1115.199951171875,0.0,0,467.4800109863281,1582.6800537109375,Churned,Competitor,Competitor offered more data,0.56,56.0,1,Medium,"Offer an incentive to move to a long-term contract | Offer a personalized pricing or loyalty discount | Offer an early-tenure loyalty benefit. Key signals: month-to-month contract, high monthly charge, short customer tenure.",Medium
75305-KAR,Male,57,No,Karnataka,9,28,None,Yes,No,Yes,Fiber Optic,No,No,Yes,No,No,Yes,Yes,Yes,Month-to-Month,No,Bank Withdrawal,84.80000305175781,888.75,0.0,0,336.2699890136719,1225.02001953125,Stayed,Others,Others,0.59,59.0,1,Medium,"Offer an incentive to move to a long-term contract | Offer a personalized pricing or loyalty discount | Offer priority/premium customer support. Key signals: month-to-month contract, high monthly charge, premium support not active.",Medium
75328-KER,Female,28,Yes,Kerala,13,30,Deal 5,No,No,Yes,Cable,Yes,No,No,Yes,No,No,No,Yes,Month-to-Month,No,Mailed Check,34.25,139.35000610351562,0.0,0,0.0,139.35000610351562,Churned,Competitor,Competitor offered higher download speeds,0.51,51.0,1,Medium,Offer an incentive to move to a long-term contract. Key signals: month-to-month contract.,Medium
75387-TAM,Female,54,No,Tamil Nadu,4,32,None,Yes,Yes,Yes,Fiber Optic,No,No,No,No,Yes,Yes,Yes,Yes,Month-to-Month,Yes,Bank Withdrawal,96.0,174.8000030517578,0.0,0,96.68000030517578,271.4800109863281,Churned,Competitor,Competitor offered more data,0.99,99.0,1,High,"Offer an incentive to move to a long-term contract | Offer a personalized pricing or loyalty discount | Offer priority/premium customer support. Key signals: month-to-month contract, high monthly charge, premium support not active.",High
75578-TAM,Female,42,Yes,Tamil Nadu,10,21,Deal 5,Yes,No,Yes,Cable,Yes,No,No,Yes,No,No,No,Yes,Month-to-Month,Yes,Mailed Check,55.099998474121094,154.64999389648438,0.0,0,78.12000274658203,232.77000427246094,Churned,Competitor,Competitor offered higher download speeds,0.84,84.0,1,High,Offer an incentive to move to a long-term contract. Key signals: month-to-month contract.,High
79020-KAR,Female,29,No,Karnataka,15,29,None,Yes,Yes,Yes,Fiber Optic,No,No,No,Yes,No,No,Yes,Yes,Month-to-Month,No,Credit Card,80.80000305175781,332.45001220703125,0.0,0,169.32000732421875,501.7699890136719,Churned,Competitor,Competitor offered higher download speeds,0.59,59.0,1,Medium,"Offer an incentive to move to a long-term contract | Offer a personalized pricing or loyalty discount | Offer a service review or upgrade consultation. Key signals: month-to-month contract, high monthly charge, fiber service customer.",Medium
79111-MAD,Female,71,Yes,Madhya Pradesh,10,7,Deal 3,Yes,Yes,Yes,Fiber Optic,No,No,No,No,Yes,No,No,Yes,Month-to-Month,Yes,Bank Withdrawal,85.69999694824219,3171.14990234375,0.0,0,1724.5699462890625,4895.72021484375,Churned,Competitor,Competitor offered higher download speeds,0.78,78.0,1,High,"Offer an incentive to move to a long-term contract | Offer a personalized pricing or loyalty discount | Offer an early-tenure loyalty benefit. Key signals: month-to-month contract, high monthly charge, short customer tenure.",High
79166-JAM,Female,63,No,Jammu & Kashmir,14,33,Deal 5,Yes,No,Yes,Fiber Optic,No,No,No,No,Yes,No,No,No,Month-to-Month,Yes,Credit Card,81.0,389.6000061035156,0.0,10,101.0,500.6000061035156,Churned,Competitor,Competitor made better offer,0.72,72.0,1,High,"Offer an incentive to move to a long-term contract | Offer a personalized pricing or loyalty discount | Offer priority/premium customer support. Key signals: month-to-month contract, high monthly charge, premium support not active.",High
83919-PUN,Female,61,Yes,Punjab,0,36,None,Yes,Yes,Yes,Fiber Optic,No,Yes,No,No,No,No,No,Yes,Month-to-Month,Yes,Bank Withdrawal,80.1500015258789,385.0,0.0,0,57.70000076293945,442.70001220703125,Churned,Competitor,Competitor had better devices,0.77,77.0,1,High,"Offer an incentive to move to a long-term contract | Offer a personalized pricing or loyalty discount | Offer priority/premium customer support. Key signals: month-to-month contract, high monthly charge, premium support not active.",High
83985-JAM,Female,62,No,Jammu & Kashmir,14,22,None,Yes,Yes,Yes,Fiber Optic,No,No,No,No,No,Yes,Yes,No,Month-to-Month,Yes,Bank Withdrawal,83.6500015258789,1465.75,0.0,130,267.7099914550781,1863.4599609375,Churned,Competitor,Competitor made better offer,0.6,60.0,1,Medium,"Offer an incentive to move to a long-term contract | Offer a personalized pricing or loyalty discount | Offer priority/premium customer support. Key signals: month-to-month contract, high monthly charge, premium support not active.",Medium
84298-TAM,Male,37,No,Tamil Nadu,5,23,Deal 5,Yes,No,Yes,Fiber Optic,No,No,No,No,No,No,No,No,Month-to-Month,Yes,Bank Withdrawal,69.3499984741211,451.1000061035156,0.0,10,103.25,564.3499755859375,Churned,Competitor,Competitor had better devices,0.57,57.0,1,Medium,"Offer an incentive to move to a long-term contract | Offer priority/premium customer support | Offer a service review or upgrade consultation. Key signals: month-to-month contract, premium support not active, fiber service customer.",Medium
84331-ASS,Female,56,Yes,Assam,4,35,Deal 2,Yes,Yes,Yes,Fiber Optic,No,Yes,Yes,Yes,Yes,Yes,Yes,No,Month-to-Month,Yes,Bank Withdrawal,109.55000305175781,5124.5498046875,0.0,0,358.1400146484375,5482.68994140625,Churned,Competitor,Competitor made better offer,0.51,51.0,1,Medium,"Offer an incentive to move to a long-term contract | Offer a personalized pricing or loyalty discount | Offer a service review or upgrade consultation. Key signals: month-to-month contract, high monthly charge, fiber service customer.",Medium
88268-UTT,Female,48,Yes,Uttar Pradesh,1,31,None,Yes,No,No,None,No,No,No,No,No,No,No,No,Month-to-Month,No,Mailed Check,19.899999618530273,19.899999618530273,0.0,0,49.5099983215332,69.41000366210938,Churned,Attitude,Attitude of support person,0.99,99.0,1,High,"Offer an incentive to move to a long-term contract | Offer priority/premium customer support | Evaluate eligibility for a value plan. Key signals: month-to-month contract, premium support not active, no value deal assigned.",High
88459-UTT,Female,70,Yes,Uttar Pradesh,5,14,None,Yes,Yes,Yes,Cable,No,No,Yes,No,Yes,No,No,Yes,Month-to-Month,Yes,Bank Withdrawal,89.19999694824219,346.20001220703125,0.0,0,193.39999389648438,539.5999755859375,Churned,Competitor,Competitor had better devices,0.74,74.0,1,High,"Offer an incentive to move to a long-term contract | Offer a personalized pricing or loyalty discount | Offer priority/premium customer support. Key signals: month-to-month contract, high monthly charge, premium support not active.",High
92887-CHH,Female,69,Yes,Chhattisgarh,1,11,Deal 5,Yes,No,Yes,Fiber Optic,No,No,No,No,No,No,No,Yes,Month-to-Month,Yes,Bank Withdrawal,70.55000305175781,70.55000305175781,0.0,0,18.200000762939453,88.75,Churned,Attitude,Attitude of service provider,0.99,99.0,1,High,"Offer an incentive to move to a long-term contract | Offer an early-tenure loyalty benefit | Offer priority/premium customer support. Key signals: month-to-month contract, short customer tenure, premium support not active.",High
92923-JHA,Male,72,No,Jharkhand,10,27,Deal 4,Yes,No,Yes,Fiber Optic,Yes,Yes,No,No,No,Yes,No,Yes,Month-to-Month,Yes,Bank Withdrawal,90.0,2024.0999755859375,0.0,0,725.1900024414062,2749.2900390625,Stayed,Others,Others,0.74,74.0,1,High,"Offer an incentive to move to a long-term contract | Offer a personalized pricing or loyalty discount | Offer priority/premium customer support. Key signals: month-to-month contract, high monthly charge, premium support not active.",High
93000-MAD,Female,60,Yes,Madhya Pradesh,0,13,None,Yes,Yes,Yes,Fiber Optic,No,No,No,No,No,No,No,Yes,Month-to-Month,No,Credit Card,74.1500015258789,1387.0,0.0,0,78.83999633789062,1465.8399658203125,Stayed,Others,Others,0.52,52.0,1,Medium,"Offer an incentive to move to a long-term contract | Offer priority/premium customer support | Offer a service review or upgrade consultation. Key signals: month-to-month contract, premium support not active, fiber service customer.",Medium
93076-MAD,Male,58,Yes,Madhya Pradesh,8,26,None,Yes,Yes,Yes,Fiber Optic,No,No,Yes,No,Yes,Yes,Yes,Yes,Month-to-Month,Yes,Bank Withdrawal,98.3499984741211,2515.300048828125,0.0,0,1044.4200439453125,3559.719970703125,Churned,Competitor,Competitor had better devices,0.68,68.0,1,Medium,"Offer an incentive to move to a long-term contract | Offer a personalized pricing or loyalty discount | Offer priority/premium customer support. Key signals: month-to-month contract, high monthly charge, premium support not active.",Medium
93104-TEL,Male,35,No,Telangana,0,13,Deal 5,Yes,Yes,Yes,Fiber Optic,No,No,Yes,No,Yes,Yes,Yes,Yes,Month-to-Month,Yes,Bank Withdrawal,98.05000305175781,713.0,0.0,0,64.75,777.75,Churned,Competitor,Competitor had better devices,0.6,60.0,1,Medium,"Offer an incentive to move to a long-term contract | Offer a personalized pricing or loyalty discount | Offer priority/premium customer support. Key signals: month-to-month contract, high monthly charge, premium support not active.",Medium
97664-GUJ,Female,19,No,Gujarat,4,6,Deal 4,Yes,Yes,Yes,Fiber Optic,No,No,No,No,Yes,No,No,Yes,Month-to-Month,Yes,Bank Withdrawal,86.0999984741211,1235.550048828125,0.0,0,101.63999938964844,1337.18994140625,Churned,Competitor,Competitor had better devices,0.66,66.0,1,Medium,"Offer an incentive to move to a long-term contract | Offer a personalized pricing or loyalty discount | Offer an early-tenure loyalty benefit. Key signals: month-to-month contract, high monthly charge, short customer tenure.",Medium
97820-ODI,Male,22,No,Odisha,8,7,Deal 4,Yes,Yes,Yes,Fiber Optic,No,Yes,No,No,Yes,Yes,Yes,Yes,Month-to-Month,Yes,Bank Withdrawal,100.6500015258789,2415.949951171875,5.010000228881836,0,625.239990234375,3036.179931640625,Stayed,Others,Others,0.6,60.0,1,Medium,"Offer an incentive to move to a long-term contract | Offer a personalized pricing or loyalty discount | Offer an early-tenure loyalty benefit. Key signals: month-to-month contract, high monthly charge, short customer tenure.",Medium
12505-GUJ,Male,29,No,Gujarat,0,7,None,Yes,No,Yes,Fiber Optic,No,Yes,No,No,Yes,Yes,Yes,Yes,Month-to-Month,No,Bank Withdrawal,95.6500015258789,167.3000030517578,0.0,0,33.52000045776367,200.82000732421875,Churned,Dissatisfaction,Limited range of services,0.95,95.0,1,High,"Offer an incentive to move to a long-term contract | Offer a personalized pricing or loyalty discount | Offer an early-tenure loyalty benefit. Key signals: month-to-month contract, high monthly charge, short customer tenure.",High
12516-TAM,Female,25,Yes,Tamil Nadu,3,30,Deal 3,Yes,No,Yes,Fiber Optic,No,Yes,Yes,No,Yes,Yes,Yes,Yes,Month-to-Month,Yes,Bank Withdrawal,101.4000015258789,3143.64990234375,0.0,0,600.780029296875,3744.429931640625,Stayed,Others,Others,0.54,54.0,1,Medium,"Offer an incentive to move to a long-term contract | Offer a personalized pricing or loyalty discount | Offer priority/premium customer support. Key signals: month-to-month contract, high monthly charge, premium support not active.",Medium
12520-HAR,Female,25,Yes,Haryana,1,27,Deal 4,Yes,No,Yes,Fiber Optic,No,Yes,Yes,No,No,Yes,Yes,No,Month-to-Month,Yes,Bank Withdrawal,90.05000305175781,1862.9000244140625,0.0,30,136.2899932861328,2029.18994140625,Stayed,Others,Others,0.53,53.0,1,Medium,"Offer an incentive to move to a long-term contract | Offer a personalized pricing or loyalty discount | Offer priority/premium customer support. Key signals: month-to-month contract, high monthly charge, premium support not active.",Medium
12528-JAM,Female,71,No,Jammu & Kashmir,14,21,Deal 5,Yes,No,Yes,Fiber Optic,No,No,Yes,No,Yes,Yes,No,Yes,Month-to-Month,Yes,Bank Withdrawal,95.75,573.75,0.0,0,287.3999938964844,861.1500244140625,Churned,Competitor,Competitor made better offer,0.86,86.0,1,High,"Offer an incentive to move to a long-term contract | Offer a personalized pricing or loyalty discount | Offer priority/premium customer support. Key signals: month-to-month contract, high monthly charge, premium support not active.",High
12584-AND,Female,64,No,Andhra Pradesh,11,13,Deal 4,Yes,No,Yes,Fiber Optic,No,No,No,No,No,No,No,Yes,Month-to-Month,No,Bank Withdrawal,70.19999694824219,1046.5,0.0,0,322.0,1368.5,Stayed,Others,Others,0.55,55.0,1,Medium,"Offer an incentive to move to a long-term contract | Offer priority/premium customer support | Offer a service review or upgrade consultation. Key signals: month-to-month contract, premium support not active, fiber service customer.",Medium
12690-TAM,Female,54,No,Tamil Nadu,10,35,None,Yes,Yes,Yes,Fiber Optic,No,No,No,No,Yes,Yes,Yes,No,Month-to-Month,Yes,Bank Withdrawal,94.19999694824219,1046.0999755859375,7.389999866485596,120,153.0,1311.7099609375,Churned,Price,Price too high,0.75,75.0,1,High,"Offer an incentive to move to a long-term contract | Offer a personalized pricing or loyalty discount | Offer priority/premium customer support. Key signals: month-to-month contract, high monthly charge, premium support not active.",High
14769-GUJ,Female,59,Yes,Gujarat,13,31,None,No,No,Yes,Cable,No,No,No,Yes,No,No,No,Yes,Month-to-Month,No,Bank Withdrawal,29.850000381469727,75.5999984741211,0.0,0,0.0,75.5999984741211,Churned,Other,Don't know,0.91,91.0,1,High,"Offer an incentive to move to a long-term contract | Evaluate eligibility for a value plan. Key signals: month-to-month contract, no value deal assigned.",High
14782-AND,Female,21,Yes,Andhra Pradesh,3,10,None,Yes,No,No,None,No,No,No,No,No,No,No,No,Month-to-Month,No,Credit Card,20.549999237060547,20.549999237060547,0.0,0,37.91999816894531,58.470001220703125,Churned,Attitude,Attitude of support person,0.76,76.0,1,High,"Offer an incentive to move to a long-term contract | Offer an early-tenure loyalty benefit | Offer priority/premium customer support. Key signals: month-to-month contract, short customer tenure, premium support not active.",High
14871-KER,Male,30,No,Kerala,6,34,None,Yes,No,Yes,Fiber Optic,Yes,No,No,No,Yes,Yes,Yes,No,Month-to-Month,Yes,Bank Withdrawal,94.25,1483.25,0.0,140,327.0400085449219,1950.2900390625,Churned,Competitor,Competitor offered higher download speeds,0.55,55.0,1,Medium,"Offer an incentive to move to a long-term contract | Offer a personalized pricing or loyalty discount | Offer priority/premium customer support. Key signals: month-to-month contract, high monthly charge, premium support not active.",Medium
14941-MAH,Female,43,Yes,Maharashtra,2,30,None,Yes,No,Yes,Fiber Optic,No,Yes,Yes,No,No,No,No,Yes,Month-to-Month,Yes,Bank Withdrawal,79.25,1111.6500244140625,48.25,0,436.0199890136719,1499.4200439453125,Churned,Competitor,Competitor had better devices,0.58,58.0,1,Medium,"Offer an incentive to move to a long-term contract | Offer priority/premium customer support | Offer a service review or upgrade consultation. Key signals: month-to-month contract, premium support not active, fiber service customer.",Medium
14952-DEL,Male,82,No,Delhi,10,33,None,Yes,Yes,Yes,Fiber Optic,No,No,No,No,Yes,Yes,No,Yes,Month-to-Month,Yes,Bank Withdrawal,94.25,1973.75,0.0,0,444.1499938964844,2417.89990234375,Churned,Competitor,Competitor made better offer,0.81,81.0,1,High,"Offer an incentive to move to a long-term contract | Offer a personalized pricing or loyalty discount | Offer priority/premium customer support. Key signals: month-to-month contract, high monthly charge, premium support not active.",High
15010-KER,Female,39,Yes,Kerala,10,30,None,Yes,No,Yes,Cable,No,No,No,No,No,No,No,No,Month-to-Month,Yes,Credit Card,45.0,96.44999694824219,0.0,30,34.5,160.9499969482422,Churned,Competitor,Competitor had better devices,0.91,91.0,1,High,"Offer an incentive to move to a long-term contract | Offer priority/premium customer support | Evaluate eligibility for a value plan. Key signals: month-to-month contract, premium support not active, no value deal assigned.",High
18521-RAJ,Male,76,Yes,Rajasthan,13,15,Deal 5,Yes,No,Yes,Fiber Optic,Yes,No,No,No,Yes,No,No,Yes,Month-to-Month,Yes,Bank Withdrawal,85.1500015258789,503.6000061035156,0.0,0,176.4600067138672,680.0599975585938,Churned,Attitude,Attitude of service provider,0.73,73.0,1,High,"Offer an incentive to move to a long-term contract | Offer a personalized pricing or loyalty discount | Offer priority/premium customer support. Key signals: month-to-month contract, high monthly charge, premium support not active.",High
18706-TAM,Female,82,Yes,Tamil Nadu,12,2,Deal 5,Yes,No,Yes,Cable,No,No,No,No,No,Yes,No,Yes,Month-to-Month,Yes,Bank Withdrawal,79.5999984741211,195.0500030517578,0.0,0,63.81999969482422,258.8699951171875,Churned,Price,Long distance charges,0.91,91.0,1,High,"Offer an incentive to move to a long-term contract | Offer an early-tenure loyalty benefit | Offer priority/premium customer support. Key signals: month-to-month contract, short customer tenure, premium support not active.",High
18730-KAR,Female,78,No,Karnataka,7,14,None,Yes,Yes,Yes,Cable,No,No,No,No,Yes,Yes,No,Yes,Month-to-Month,Yes,Bank Withdrawal,95.5999984741211,644.3499755859375,0.0,0,153.3699951171875,797.719970703125,Churned,Competitor,Competitor made better offer,0.84,84.0,1,High,"Offer an incentive to move to a long-term contract | Offer a personalized pricing or loyalty discount | Offer priority/premium customer support. Key signals: month-to-month contract, high monthly charge, premium support not active.",High
24498-MAH,Female,76,No,Maharashtra,3,32,Deal 3,Yes,Yes,Yes,Fiber Optic,No,No,No,No,No,No,No,Yes,Month-to-Month,Yes,Bank Withdrawal,76.5,2868.14990234375,0.0,0,234.2100067138672,3102.360107421875,Churned,Price,Extra data charges,0.74,74.0,1,High,"Offer an incentive to move to a long-term contract | Offer priority/premium customer support | Offer a service review or upgrade consultation. Key signals: month-to-month contract, premium support not active, fiber service customer.",High
24514-HAR,Female,70,Yes,Haryana,3,18,None,Yes,Yes,Yes,Fiber Optic,No,No,Yes,No,Yes,Yes,Yes,Yes,Month-to-Month,Yes,Bank Withdrawal,101.94999694824219,700.8499755859375,0.0,0,242.6199951171875,943.469970703125,Churned,Other,Don't know,0.96,96.0,1,High,"Offer an incentive to move to a long-term contract | Offer a personalized pricing or loyalty discount | Offer priority/premium customer support. Key signals: month-to-month contract, high monthly charge, premium support not active.",High
24531-AND,Male,82,No,Andhra Pradesh,10,5,None,Yes,Yes,Yes,Fiber Optic,No,No,Yes,No,Yes,No,No,Yes,Month-to-Month,No,Bank Withdrawal,90.80000305175781,1951.0,0.0,0,95.4000015258789,2046.4000244140625,Churned,Competitor,Competitor had better devices,0.6,60.0,1,Medium,"Offer an incentive to move to a long-term contract | Offer a personalized pricing or loyalty discount | Offer an early-tenure loyalty benefit. Key signals: month-to-month contract, high monthly charge, short customer tenure.",Medium
24550-PUD,Female,31,Yes,Puducherry,4,16,Deal 5,No,No,Yes,DSL,No,Yes,Yes,Yes,No,No,No,Yes,Month-to-Month,Yes,Credit Card,40.400001525878906,77.1500015258789,0.0,0,0.0,77.1500015258789,Churned,Other,Don't know,0.91,91.0,1,High,Offer an incentive to move to a long-term contract. Key signals: month-to-month contract.,High
24632-TAM,Male,39,No,Tamil Nadu,9,14,None,Yes,Yes,Yes,Fiber Optic,No,Yes,Yes,No,Yes,Yes,Yes,Yes,Month-to-Month,Yes,Credit Card,102.6500015258789,4108.14990234375,0.0,0,1311.199951171875,5419.35009765625,Stayed,Others,Others,0.52,52.0,1,Medium,"Offer an incentive to move to a long-term contract | Offer a personalized pricing or loyalty discount | Offer priority/premium customer support. Key signals: month-to-month contract, high monthly charge, premium support not active.",Medium
28707-RAJ,Female,66,No,Rajasthan,14,19,None,No,No,Yes,Cable,No,No,No,No,No,No,No,Yes,Month-to-Month,Yes,Mailed Check,25.700000762939453,25.700000762939453,0.0,0,0.0,25.700000762939453,Churned,Attitude,Attitude of service provider,0.98,98.0,1,High,"Offer an incentive to move to a long-term contract | Offer priority/premium customer support | Evaluate eligibility for a value plan. Key signals: month-to-month contract, premium support not active, no value deal assigned.",High
28719-BIH,Female,69,Yes,Bihar,4,35,None,Yes,No,Yes,Fiber Optic,No,No,No,No,Yes,Yes,No,Yes,Month-to-Month,No,Bank Withdrawal,89.69999694824219,1047.699951171875,0.0,0,43.560001373291016,1091.260009765625,Churned,Attitude,Attitude of support person,0.8,80.0,1,High,"Offer an incentive to move to a long-term contract | Offer a personalized pricing or loyalty discount | Offer priority/premium customer support. Key signals: month-to-month contract, high monthly charge, premium support not active.",High
28787-ASS,Male,78,No,Assam,0,26,None,Yes,Yes,Yes,Fiber Optic,No,No,No,No,No,No,No,No,Month-to-Month,Yes,Mailed Check,74.4000015258789,306.6000061035156,0.0,20,42.439998626708984,369.0400085449219,Churned,Competitor,Competitor made better offer,0.8,80.0,1,High,"Offer an incentive to move to a long-term contract | Offer priority/premium customer support | Offer a service review or upgrade consultation. Key signals: month-to-month contract, premium support not active, fiber service customer.",High
28896-KAR,Male,49,Yes,Karnataka,1,35,None,Yes,No,Yes,Fiber Optic,No,Yes,No,No,No,Yes,Yes,Yes,Month-to-Month,Yes,Credit Card,83.55000305175781,477.54998779296875,0.0,0,161.4600067138672,639.010009765625,Churned,Dissatisfaction,Product dissatisfaction,0.65,65.0,1,Medium,"Offer an incentive to move to a long-term contract | Offer a personalized pricing or loyalty discount | Offer priority/premium customer support. Key signals: month-to-month contract, high monthly charge, premium support not active.",Medium
28899-KAR,Female,73,Yes,Karnataka,14,5,Deal 5,Yes,No,Yes,Fiber Optic,No,No,Yes,No,No,No,No,No,Month-to-Month,No,Bank Withdrawal,74.4000015258789,434.1000061035156,0.0,20,53.459999084472656,507.55999755859375,Churned,Competitor,Competitor offered more data,0.72,72.0,1,High,"Offer an incentive to move to a long-term contract | Offer an early-tenure loyalty benefit | Offer priority/premium customer support. Key signals: month-to-month contract, short customer tenure, premium support not active.",High
28901-TEL,Female,63,Yes,Telangana,10,34,None,Yes,Yes,Yes,Fiber Optic,No,No,No,No,Yes,Yes,No,Yes,Month-to-Month,Yes,Bank Withdrawal,96.4000015258789,1581.199951171875,47.20000076293945,0,513.760009765625,2047.760009765625,Churned,Dissatisfaction,Poor expertise of phone support,0.55,55.0,1,Medium,"Offer an incentive to move to a long-term contract | Offer a personalized pricing or loyalty discount | Offer priority/premium customer support. Key signals: month-to-month contract, high monthly charge, premium support not active.",Medium
33206-MAD,Female,56,No,Madhya Pradesh,12,33,Deal 5,Yes,Yes,Yes,Fiber Optic,No,Yes,No,No,Yes,No,No,Yes,Month-to-Month,Yes,Bank Withdrawal,91.6500015258789,365.3999938964844,0.0,0,87.23999786376953,452.6400146484375,Churned,Price,Extra data charges,0.9,90.0,1,High,"Offer an incentive to move to a long-term contract | Offer a personalized pricing or loyalty discount | Offer priority/premium customer support. Key signals: month-to-month contract, high monthly charge, premium support not active.",High
33228-AND,Male,57,No,Andhra Pradesh,3,16,Deal 4,Yes,No,Yes,Fiber Optic,No,Yes,No,No,Yes,Yes,Yes,Yes,Month-to-Month,Yes,Bank Withdrawal,94.6500015258789,1461.1500244140625,0.0,0,168.0,1629.1500244140625,Stayed,Others,Others,0.55,55.0,1,Medium,"Offer an incentive to move to a long-term contract | Offer a personalized pricing or loyalty discount | Offer priority/premium customer support. Key signals: month-to-month contract, high monthly charge, premium support not active.",Medium
33248-TAM,Male,68,Yes,Tamil Nadu,14,2,None,Yes,Yes,Yes,Fiber Optic,No,No,Yes,No,No,No,No,Yes,Month-to-Month,Yes,Bank Withdrawal,79.8499984741211,1471.75,0.0,0,318.82000732421875,1790.5699462890625,Churned,Dissatisfaction,Network reliability,0.63,63.0,1,Medium,"Offer an incentive to move to a long-term contract | Offer an early-tenure loyalty benefit | Offer priority/premium customer support. Key signals: month-to-month contract, short customer tenure, premium support not active.",Medium
33250-PUN,Male,54,No,Punjab,14,33,None,No,No,Yes,DSL,No,No,No,No,No,No,No,Yes,Month-to-Month,No,Bank Withdrawal,24.75,24.75,0.0,0,0.0,24.75,Churned,Competitor,Competitor had better devices,0.98,98.0,1,High,"Offer an incentive to move to a long-term contract | Offer priority/premium customer support | Evaluate eligibility for a value plan. Key signals: month-to-month contract, premium support not active, no value deal assigned.",High
33257-TAM,Female,73,Yes,Tamil Nadu,10,35,None,Yes,Yes,Yes,Fiber Optic,No,Yes,No,No,No,Yes,Yes,Yes,Month-to-Month,No,Bank Withdrawal,89.5,161.5,0.0,0,94.94000244140625,256.44000244140625,Churned,Attitude,Attitude of support person,0.93,93.0,1,High,"Offer an incentive to move to a long-term contract | Offer a personalized pricing or loyalty discount | Offer priority/premium customer support. Key signals: month-to-month contract, high monthly charge, premium support not active.",High
33296-AND,Male,32,No,Andhra Pradesh,3,36,None,Yes,No,Yes,DSL,No,No,No,No,No,No,No,No,Month-to-Month,Yes,Credit Card,-5.0,45.04999923706055,0.0,70,13.84000015258789,128.88999938964844,Churned,Dissatisfaction,Network reliability,0.88,88.0,1,High,"Offer an incentive to move to a long-term contract | Offer priority/premium customer support | Evaluate eligibility for a value plan. Key signals: month-to-month contract, premium support not active, no value deal assigned.",High
33334-PUN,Female,27,No,Punjab,1,12,None,No,No,Yes,DSL,Yes,Yes,No,No,No,No,No,Yes,Month-to-Month,Yes,Credit Card,35.45000076293945,106.8499984741211,0.0,0,0.0,106.8499984741211,Churned,Other,Moved,0.77,77.0,1,High,"Offer an incentive to move to a long-term contract | Offer priority/premium customer support | Evaluate eligibility for a value plan. Key signals: month-to-month contract, premium support not active, no value deal assigned.",High
33391-MAH,Female,35,Yes,Maharashtra,5,11,None,Yes,Yes,Yes,Fiber Optic,No,Yes,No,No,No,Yes,Yes,No,Month-to-Month,Yes,Bank Withdrawal,88.94999694824219,355.20001220703125,0.0,40,193.27999877929688,588.47998046875,Churned,Dissatisfaction,Network reliability,0.69,69.0,1,Medium,"Offer an incentive to move to a long-term contract | Offer a personalized pricing or loyalty discount | Offer an early-tenure loyalty benefit. Key signals: month-to-month contract, high monthly charge, short customer tenure.",Medium
33437-MAD,Female,34,No,Madhya Pradesh,13,35,Deal 5,Yes,No,Yes,Fiber Optic,No,No,No,No,No,No,No,Yes,Month-to-Month,Yes,Bank Withdrawal,69.6500015258789,69.6500015258789,0.0,0,28.700000762939453,98.3499984741211,Churned,Dissatisfaction,Network reliability,1.0,100.0,1,High,"Offer an incentive to move to a long-term contract | Offer priority/premium customer support | Offer a service review or upgrade consultation. Key signals: month-to-month contract, premium support not active, fiber service customer.",High
33463-JAM,Female,43,No,Jammu & Kashmir,13,35,Deal 5,Yes,No,Yes,Fiber Optic,No,No,No,No,Yes,Yes,Yes,Yes,Month-to-Month,Yes,Bank Withdrawal,90.4000015258789,168.1999969482422,0.0,0,21.059999465942383,189.25999450683594,Churned,Other,Don't know,0.99,99.0,1,High,"Offer an incentive to move to a long-term contract | Offer a personalized pricing or loyalty discount | Offer priority/premium customer support. Key signals: month-to-month contract, high monthly charge, premium support not active.",High
33490-BIH,Female,43,Yes,Bihar,13,9,None,Yes,No,Yes,Fiber Optic,No,No,No,No,No,No,No,Yes,Month-to-Month,Yes,Bank Withdrawal,69.5,69.5,0.0,0,8.3100004196167,77.80999755859375,Churned,Dissatisfaction,Product dissatisfaction,1.0,100.0,1,High,"Offer an incentive to move to a long-term contract | Offer an early-tenure loyalty benefit | Offer priority/premium customer support. Key signals: month-to-month contract, short customer tenure, premium support not active.",High
33495-UTT,Male,81,No,Uttar Pradesh,14,23,None,Yes,Yes,Yes,Fiber Optic,No,No,No,No,Yes,Yes,No,Yes,Month-to-Month,Yes,Bank Withdrawal,93.8499984741211,170.85000610351562,0.0,0,38.540000915527344,209.38999938964844,Churned,Dissatisfaction,Poor expertise of online support,0.98,98.0,1,High,"Offer an incentive to move to a long-term contract | Offer a personalized pricing or loyalty discount | Offer priority/premium customer support. Key signals: month-to-month contract, high monthly charge, premium support not active.",High
33564-JAM,Female,30,No,Jammu & Kashmir,3,10,None,Yes,Yes,Yes,Fiber Optic,No,No,No,No,Yes,No,No,Yes,Month-to-Month,Yes,Bank Withdrawal,86.44999694824219,3029.10009765625,0.0,0,667.4500122070312,3696.550048828125,Churned,Competitor,Competitor made better offer,0.52,52.0,1,Medium,"Offer an incentive to move to a long-term contract | Offer a personalized pricing or loyalty discount | Offer an early-tenure loyalty benefit. Key signals: month-to-month contract, high monthly charge, short customer tenure.",Medium
33575-UTT,Male,83,Yes,Uttar Pradesh,2,25,Deal 3,Yes,No,Yes,Fiber Optic,No,No,Yes,No,Yes,No,No,Yes,Month-to-Month,Yes,Credit Card,85.19999694824219,2874.449951171875,0.0,0,1008.4400024414062,3882.889892578125,Stayed,Others,Others,0.68,68.0,1,Medium,"Offer an incentive to move to a long-term contract | Offer a personalized pricing or loyalty discount | Offer priority/premium customer support. Key signals: month-to-month contract, high monthly charge, premium support not active.",Medium
36839-MAD,Female,29,No,Madhya Pradesh,1,12,Deal 5,Yes,Yes,Yes,Fiber Optic,Yes,No,No,No,No,No,No,Yes,Month-to-Month,Yes,Bank Withdrawal,81.69999694824219,81.69999694824219,0.0,0,9.8100004196167,91.51000213623047,Churned,Dissatisfaction,Service dissatisfaction,0.96,96.0,1,High,"Offer an incentive to move to a long-term contract | Offer a personalized pricing or loyalty discount | Offer priority/premium customer support. Key signals: month-to-month contract, high monthly charge, premium support not active.",High
36925-TAM,Male,65,No,Tamil Nadu,5,21,Deal 3,Yes,Yes,Yes,Fiber Optic,No,Yes,No,Yes,Yes,Yes,Yes,Yes,Month-to-Month,Yes,Bank Withdrawal,105.80000305175781,2998.0,0.0,0,681.7999877929688,3679.800048828125,Stayed,Others,Others,0.53,53.0,1,Medium,"Offer an incentive to move to a long-term contract | Offer a personalized pricing or loyalty discount | Offer a service review or upgrade consultation. Key signals: month-to-month contract, high monthly charge, fiber service customer.",Medium
36962-WES,Male,76,No,West Bengal,10,25,None,Yes,Yes,Yes,Fiber Optic,No,No,No,No,No,Yes,No,Yes,Month-to-Month,Yes,Credit Card,84.80000305175781,906.8499755859375,0.0,0,45.099998474121094,951.9500122070312,Churned,Price,Extra data charges,0.86,86.0,1,High,"Offer an incentive to move to a long-term contract | Offer a personalized pricing or loyalty discount | Offer priority/premium customer support. Key signals: month-to-month contract, high monthly charge, premium support not active.",High
36981-GUJ,Male,44,Yes,Gujarat,7,35,None,Yes,Yes,Yes,Fiber Optic,No,No,No,No,Yes,Yes,Yes,No,Month-to-Month,Yes,Bank Withdrawal,95.69999694824219,4729.75,0.0,140,2457.0,7326.75,Stayed,Others,Others,0.58,58.0,1,Medium,"Offer an incentive to move to a long-term contract | Offer a personalized pricing or loyalty discount | Offer priority/premium customer support. Key signals: month-to-month contract, high monthly charge, premium support not active.",Medium
36981-UTT,Male,68,No,Uttarakhand,0,9,Deal 4,Yes,Yes,Yes,Fiber Optic,No,No,No,No,No,No,No,Yes,Month-to-Month,No,Bank Withdrawal,75.6500015258789,1146.6500244140625,0.0,0,695.7000122070312,1842.3499755859375,Churned,Attitude,Attitude of support person,0.57,57.0,1,Medium,"Offer an incentive to move to a long-term contract | Offer an early-tenure loyalty benefit | Offer priority/premium customer support. Key signals: month-to-month contract, short customer tenure, premium support not active.",Medium
37034-RAJ,Female,58,Yes,Rajasthan,2,8,None,Yes,No,Yes,Fiber Optic,No,No,No,No,Yes,No,No,Yes,Month-to-Month,Yes,Bank Withdrawal,79.55000305175781,79.55000305175781,0.0,0,4.039999961853027,83.58999633789062,Churned,Other,Don't know,1.0,100.0,1,High,"Offer an incentive to move to a long-term contract | Offer an early-tenure loyalty benefit | Offer priority/premium customer support. Key signals: month-to-month contract, short customer tenure, premium support not active.",High
37047-DEL,Male,80,Yes,Delhi,2,34,None,No,No,Yes,DSL,No,Yes,No,No,Yes,Yes,Yes,No,Month-to-Month,Yes,Bank Withdrawal,49.150001525878906,2550.89990234375,0.0,30,0.0,2580.89990234375,Churned,Competitor,Competitor made better offer,0.56,56.0,1,Medium,"Offer an incentive to move to a long-term contract | Offer priority/premium customer support | Evaluate eligibility for a value plan. Key signals: month-to-month contract, premium support not active, no value deal assigned.",Medium
41515-TEL,Male,40,No,Telangana,9,16,Deal 4,Yes,No,Yes,Fiber Optic,No,No,No,No,Yes,Yes,Yes,Yes,Month-to-Month,No,Bank Withdrawal,90.5999984741211,1020.2000122070312,0.0,0,423.2799987792969,1443.47998046875,Stayed,Others,Others,0.59,59.0,1,Medium,"Offer an incentive to move to a long-term contract | Offer a personalized pricing or loyalty discount | Offer priority/premium customer support. Key signals: month-to-month contract, high monthly charge, premium support not active.",Medium
41620-MAH,Female,48,Yes,Maharashtra,8,16,None,Yes,No,Yes,Fiber Optic,No,No,No,No,No,No,No,Yes,Month-to-Month,No,Bank Withdrawal,70.4000015258789,147.14999389648438,0.0,0,92.45999908447266,239.61000061035156,Churned,Dissatisfaction,Network reliability,0.92,92.0,1,High,"Offer an incentive to move to a long-term contract | Offer priority/premium customer support | Offer a service review or upgrade consultation. Key signals: month-to-month contract, premium support not active, fiber service customer.",High
41631-JAM,Male,26,Yes,Jammu & Kashmir,9,21,None,Yes,No,No,None,No,No,No,No,No,No,No,No,Month-to-Month,No,Mailed Check,19.549999237060547,19.549999237060547,0.0,0,38.439998626708984,57.9900016784668,Churned,Competitor,Competitor made better offer,0.95,95.0,1,High,"Offer an incentive to move to a long-term contract | Offer priority/premium customer support | Evaluate eligibility for a value plan. Key signals: month-to-month contract, premium support not active, no value deal assigned.",High
41644-RAJ,Female,27,No,Rajasthan,2,33,None,Yes,No,No,None,No,No,No,No,No,No,No,No,Month-to-Month,No,Mailed Check,19.5,31.549999237060547,0.0,0,56.040000915527344,87.58999633789062,Churned,Dissatisfaction,Limited range of services,0.93,93.0,1,High,"Offer an incentive to move to a long-term contract | Offer priority/premium customer support | Evaluate eligibility for a value plan. Key signals: month-to-month contract, premium support not active, no value deal assigned.",High
41646-HAR,Female,39,No,Haryana,0,4,Deal 5,Yes,No,Yes,Fiber Optic,No,No,Yes,No,Yes,Yes,Yes,Yes,Month-to-Month,Yes,Bank Withdrawal,94.05000305175781,811.6500244140625,0.0,0,139.77000427246094,951.4199829101562,Stayed,Others,Others,0.82,82.0,1,High,"Offer an incentive to move to a long-term contract | Offer a personalized pricing or loyalty discount | Offer an early-tenure loyalty benefit. Key signals: month-to-month contract, high monthly charge, short customer tenure.",High
41647-UTT,Male,65,No,Uttar Pradesh,6,20,None,Yes,No,Yes,Fiber Optic,No,No,Yes,No,Yes,Yes,Yes,Yes,Month-to-Month,Yes,Bank Withdrawal,95.8499984741211,197.6999969482422,0.0,0,74.86000061035156,272.55999755859375,Churned,Competitor,Competitor had better devices,0.99,99.0,1,High,"Offer an incentive to move to a long-term contract | Offer a personalized pricing or loyalty discount | Offer priority/premium customer support. Key signals: month-to-month contract, high monthly charge, premium support not active.",High
41652-JAM,Female,43,No,Jammu & Kashmir,13,28,None,Yes,Yes,Yes,Fiber Optic,No,No,No,No,No,No,No,Yes,Month-to-Month,Yes,Bank Withdrawal,74.75,799.6500244140625,0.0,0,56.29999923706055,855.9500122070312,Churned,Other,Don't know,0.66,66.0,1,Medium,"Offer an incentive to move to a long-term contract | Offer priority/premium customer support | Offer a service review or upgrade consultation. Key signals: month-to-month contract, premium support not active, fiber service customer.",Medium
41677-DEL,Male,60,Yes,Delhi,5,6,Deal 5,Yes,No,Yes,Fiber Optic,No,Yes,No,No,Yes,Yes,Yes,Yes,Month-to-Month,Yes,Bank Withdrawal,96.25,512.4500122070312,0.0,0,160.60000610351562,673.0499877929688,Churned,Competitor,Competitor made better offer,0.83,83.0,1,High,"Offer an incentive to move to a long-term contract | Offer a personalized pricing or loyalty discount | Offer an early-tenure loyalty benefit. Key signals: month-to-month contract, high monthly charge, short customer tenure.",High
41692-KAR,Male,42,No,Karnataka,11,23,Deal 5,Yes,No,No,None,No,No,No,No,No,No,No,No,Month-to-Month,Yes,Credit Card,20.200000762939453,20.200000762939453,0.0,0,45.4900016784668,65.69000244140625,Churned,Competitor,Competitor made better offer,0.98,98.0,1,High,"Offer an incentive to move to a long-term contract | Offer priority/premium customer support. Key signals: month-to-month contract, premium support not active.",High
41725-RAJ,Female,58,Yes,Rajasthan,3,29,Deal 5,Yes,No,Yes,Fiber Optic,No,No,Yes,No,Yes,No,No,Yes,Month-to-Month,Yes,Bank Withdrawal,86.25,587.0999755859375,0.0,0,312.6199951171875,899.719970703125,Churned,Attitude,Attitude of support person,0.6,60.0,1,Medium,"Offer an incentive to move to a long-term contract | Offer a personalized pricing or loyalty discount | Offer priority/premium customer support. Key signals: month-to-month contract, high monthly charge, premium support not active.",Medium
41760-KER,Male,42,No,Kerala,2,11,Deal 4,Yes,Yes,Yes,Fiber Optic,Yes,No,No,No,Yes,Yes,Yes,Yes,Month-to-Month,Yes,Bank Withdrawal,101.3499984741211,2317.10009765625,0.0,0,227.25999450683594,2544.360107421875,Churned,Price,Extra data charges,0.62,62.0,1,Medium,"Offer an incentive to move to a long-term contract | Offer a personalized pricing or loyalty discount | Offer an early-tenure loyalty benefit. Key signals: month-to-month contract, high monthly charge, short customer tenure.",Medium
41762-RAJ,Female,30,Yes,Rajasthan,9,13,None,Yes,No,Yes,Fiber Optic,Yes,No,No,No,Yes,Yes,Yes,Yes,Month-to-Month,Yes,Bank Withdrawal,95.5999984741211,95.5999984741211,0.0,0,6.670000076293945,102.2699966430664,Churned,Other,Don't know,1.0,100.0,1,High,"Offer an incentive to move to a long-term contract | Offer a personalized pricing or loyalty discount | Offer priority/premium customer support. Key signals: month-to-month contract, high monthly charge, premium support not active.",High
45654-PUN,Female,26,Yes,Punjab,7,19,Deal 5,Yes,Yes,Yes,Fiber Optic,No,No,No,No,No,No,Yes,Yes,Month-to-Month,Yes,Bank Withdrawal,74.4000015258789,229.5500030517578,8.739999771118164,0,43.79999923706055,264.6099853515625,Churned,Dissatisfaction,Product dissatisfaction,0.93,93.0,1,High,"Offer an incentive to move to a long-term contract | Offer priority/premium customer support | Offer a service review or upgrade consultation. Key signals: month-to-month contract, premium support not active, fiber service customer.",High
45744-WES,Female,68,Yes,West Bengal,1,35,None,Yes,Yes,Yes,Fiber Optic,No,No,No,No,Yes,Yes,No,Yes,Month-to-Month,Yes,Bank Withdrawal,93.8499984741211,5574.75,8.130000114440918,0,636.02001953125,6202.64013671875,Churned,Price,Price too high,0.57,57.0,1,Medium,"Offer an incentive to move to a long-term contract | Offer a personalized pricing or loyalty discount | Offer priority/premium customer support. Key signals: month-to-month contract, high monthly charge, premium support not active.",Medium
45799-GUJ,Male,51,Yes,Gujarat,9,24,Deal 4,Yes,Yes,Yes,Fiber Optic,No,No,Yes,No,Yes,No,No,Yes,Month-to-Month,Yes,Bank Withdrawal,88.75,1885.1500244140625,0.0,0,250.5800018310547,2135.72998046875,Stayed,Others,Others,0.58,58.0,1,Medium,"Offer an incentive to move to a long-term contract | Offer a personalized pricing or loyalty discount | Offer priority/premium customer support. Key signals: month-to-month contract, high monthly charge, premium support not active.",Medium
45860-ODI,Female,38,Yes,Odisha,14,12,None,Yes,No,Yes,Fiber Optic,No,No,No,No,Yes,No,No,Yes,Month-to-Month,Yes,Bank Withdrawal,77.6500015258789,714.1500244140625,0.0,0,205.9199981689453,920.0700073242188,Churned,Competitor,Competitor made better offer,0.65,65.0,1,Medium,"Offer an incentive to move to a long-term contract | Offer priority/premium customer support | Offer a service review or upgrade consultation. Key signals: month-to-month contract, premium support not active, fiber service customer.",Medium
49430-WES,Female,44,No,West Bengal,15,30,Deal 5,Yes,No,Yes,DSL,No,No,Yes,Yes,Yes,Yes,Yes,Yes,Month-to-Month,No,Bank Withdrawal,76.4000015258789,160.8000030517578,0.0,0,83.27999877929688,244.0800018310547,Churned,Price,Lack of affordable download/upload speed,0.8,80.0,1,High,Offer an incentive to move to a long-term contract. Key signals: month-to-month contract.,High
49504-UTT,Male,81,No,Uttar Pradesh,10,36,None,Yes,Yes,Yes,Fiber Optic,No,Yes,No,No,Yes,Yes,No,Yes,Month-to-Month,Yes,Bank Withdrawal,100.5999984741211,3270.25,0.0,0,1455.300048828125,4725.5498046875,Stayed,Others,Others,0.78,78.0,1,High,"Offer an incentive to move to a long-term contract | Offer a personalized pricing or loyalty discount | Offer priority/premium customer support. Key signals: month-to-month contract, high monthly charge, premium support not active.",High
49597-KAR,Female,57,Yes,Karnataka,4,14,Deal 3,Yes,Yes,Yes,Fiber Optic,No,No,Yes,No,No,Yes,Yes,Yes,Month-to-Month,Yes,Credit Card,90.05000305175781,3097.0,0.0,0,681.7000122070312,3778.699951171875,Stayed,Others,Others,0.5,50.0,1,Medium,"Offer an incentive to move to a long-term contract | Offer a personalized pricing or loyalty discount | Offer priority/premium customer support. Key signals: month-to-month contract, high monthly charge, premium support not active.",Medium
49610-HAR,Female,30,Yes,Haryana,7,23,Deal 4,Yes,Yes,Yes,Fiber Optic,No,No,No,No,No,No,Yes,Yes,Month-to-Month,Yes,Credit Card,74.1500015258789,811.7999877929688,0.0,0,292.3999938964844,1104.199951171875,Churned,Attitude,Attitude of support person,0.5,50.0,1,Medium,"Offer an incentive to move to a long-term contract | Offer priority/premium customer support | Offer a service review or upgrade consultation. Key signals: month-to-month contract, premium support not active, fiber service customer.",Medium
49649-UTT,Male,69,Yes,Uttar Pradesh,8,15,Deal 3,Yes,Yes,Yes,Fiber Optic,No,Yes,Yes,No,Yes,Yes,Yes,No,Month-to-Month,No,Bank Withdrawal,105.75,2710.25,0.0,90,32.7599983215332,2833.010009765625,Churned,Dissatisfaction,Product dissatisfaction,0.58,58.0,1,Medium,"Offer an incentive to move to a long-term contract | Offer a personalized pricing or loyalty discount | Offer priority/premium customer support. Key signals: month-to-month contract, high monthly charge, premium support not active.",Medium
54368-KAR,Female,66,No,Karnataka,11,32,Deal 5,Yes,No,Yes,Fiber Optic,No,No,No,No,Yes,No,No,Yes,Month-to-Month,Yes,Bank Withdrawal,78.94999694824219,78.94999694824219,0.0,0,23.959999084472656,102.91000366210938,Churned,Competitor,Competitor offered higher download speeds,0.99,99.0,1,High,"Offer an incentive to move to a long-term contract | Offer priority/premium customer support | Offer a service review or upgrade consultation. Key signals: month-to-month contract, premium support not active, fiber service customer.",High
54407-WES,Male,59,Yes,West Bengal,5,29,Deal 5,Yes,Yes,Yes,DSL,No,No,Yes,Yes,No,No,No,No,Month-to-Month,No,Mailed Check,62.04999923706055,62.04999923706055,0.0,10,47.83000183105469,119.87999725341797,Churned,Other,Moved,0.95,95.0,1,High,Offer an incentive to move to a long-term contract. Key signals: month-to-month contract.,High
54432-KAR,Female,55,Yes,Karnataka,4,32,None,Yes,No,Yes,DSL,No,No,No,No,No,Yes,Yes,Yes,Month-to-Month,Yes,Bank Withdrawal,55.900001525878906,238.5,0.0,0,70.80000305175781,309.29998779296875,Stayed,Others,Others,0.51,51.0,1,Medium,"Offer an incentive to move to a long-term contract | Offer priority/premium customer support | Evaluate eligibility for a value plan. Key signals: month-to-month contract, premium support not active, no value deal assigned.",Medium
54463-JAM,Male,52,No,Jammu & Kashmir,6,7,None,Yes,No,Yes,Fiber Optic,No,No,No,No,Yes,No,No,Yes,Month-to-Month,Yes,Mailed Check,80.05000305175781,80.05000305175781,0.0,0,39.790000915527344,119.83999633789062,Churned,Competitor,Competitor made better offer,1.0,100.0,1,High,"Offer an incentive to move to a long-term contract | Offer a personalized pricing or loyalty discount | Offer an early-tenure loyalty benefit. Key signals: month-to-month contract, high monthly charge, short customer tenure.",High
54839-JAM,Female,57,No,Jammu & Kashmir,12,18,Deal 5,Yes,No,Yes,Fiber Optic,No,Yes,No,No,Yes,No,No,Yes,Month-to-Month,Yes,Bank Withdrawal,84.8499984741211,523.5,0.0,0,235.9199981689453,759.4199829101562,Churned,Competitor,Competitor made better offer,0.66,66.0,1,Medium,"Offer an incentive to move to a long-term contract | Offer a personalized pricing or loyalty discount | Offer priority/premium customer support. Key signals: month-to-month contract, high monthly charge, premium support not active.",Medium
54972-HAR,Female,73,Yes,Haryana,15,14,Deal 3,Yes,Yes,Yes,Fiber Optic,No,No,Yes,Yes,Yes,Yes,No,Yes,Month-to-Month,Yes,Bank Withdrawal,104.9000015258789,3351.550048828125,33.72999954223633,0,1392.3199462890625,4710.14013671875,Churned,Attitude,Attitude of support person,0.56,56.0,1,Medium,"Offer an incentive to move to a long-term contract | Offer a personalized pricing or loyalty discount | Offer a service review or upgrade consultation. Key signals: month-to-month contract, high monthly charge, fiber service customer.",Medium
58816-TAM,Female,70,Yes,Tamil Nadu,14,20,Deal 5,Yes,Yes,Yes,Fiber Optic,No,No,Yes,No,Yes,No,No,Yes,Month-to-Month,Yes,Bank Withdrawal,90.0999984741211,816.7999877929688,0.0,0,360.0,1176.800048828125,Stayed,Others,Others,0.87,87.0,1,High,"Offer an incentive to move to a long-term contract | Offer a personalized pricing or loyalty discount | Offer priority/premium customer support. Key signals: month-to-month contract, high monthly charge, premium support not active.",High
58833-WES,Female,40,Yes,West Bengal,8,11,None,Yes,Yes,Yes,Fiber Optic,No,Yes,No,No,Yes,Yes,Yes,Yes,Month-to-Month,Yes,Bank Withdrawal,102.0,1145.3499755859375,0.0,0,86.79000091552734,1232.1400146484375,Churned,Competitor,Competitor offered more data,0.68,68.0,1,Medium,"Offer an incentive to move to a long-term contract | Offer a personalized pricing or loyalty discount | Offer an early-tenure loyalty benefit. Key signals: month-to-month contract, high monthly charge, short customer tenure.",Medium
58840-ODI,Female,73,No,Odisha,15,13,None,No,No,Yes,Cable,No,No,No,No,No,No,No,Yes,Month-to-Month,Yes,Bank Withdrawal,25.200000762939453,25.200000762939453,0.0,0,0.0,25.200000762939453,Churned,Competitor,Competitor made better offer,0.96,96.0,1,High,"Offer an incentive to move to a long-term contract | Offer priority/premium customer support | Evaluate eligibility for a value plan. Key signals: month-to-month contract, premium support not active, no value deal assigned.",High
58904-TAM,Male,75,Yes,Tamil Nadu,1,4,None,Yes,No,Yes,DSL,No,No,No,No,No,No,No,Yes,Month-to-Month,Yes,Bank Withdrawal,44.150001525878906,92.6500015258789,0.0,0,87.31999969482422,179.97000122070312,Churned,Attitude,Attitude of support person,0.94,94.0,1,High,"Offer an incentive to move to a long-term contract | Offer an early-tenure loyalty benefit | Offer priority/premium customer support. Key signals: month-to-month contract, short customer tenure, premium support not active.",High
58919-GUJ,Male,49,Yes,Gujarat,7,28,Deal 4,Yes,Yes,Yes,Fiber Optic,Yes,No,No,No,Yes,Yes,Yes,Yes,Month-to-Month,Yes,Bank Withdrawal,99.69999694824219,1566.75,0.0,0,151.8000030517578,1718.550048828125,Stayed,Others,Others,0.74,74.0,1,High,"Offer an incentive to move to a long-term contract | Offer a personalized pricing or loyalty discount | Offer priority/premium customer support. Key signals: month-to-month contract, high monthly charge, premium support not active.",High
59292-AND,Male,54,Yes,Andhra Pradesh,6,27,None,No,No,Yes,DSL,No,No,No,Yes,No,No,No,Yes,Month-to-Month,Yes,Bank Withdrawal,30.899999618530273,59.04999923706055,0.0,0,0.0,59.04999923706055,Churned,Dissatisfaction,Network reliability,0.96,96.0,1,High,"Offer an incentive to move to a long-term contract | Evaluate eligibility for a value plan. Key signals: month-to-month contract, no value deal assigned.",High
59308-UTT,Female,73,Yes,Uttar Pradesh,7,20,None,Yes,Yes,Yes,Fiber Optic,No,Yes,Yes,No,No,Yes,Yes,Yes,Month-to-Month,Yes,Bank Withdrawal,95.55000305175781,2510.199951171875,0.0,0,1066.22998046875,3576.429931640625,Churned,Dissatisfaction,Service dissatisfaction,0.74,74.0,1,High,"Offer an incentive to move to a long-term contract | Offer a personalized pricing or loyalty discount | Offer priority/premium customer support. Key signals: month-to-month contract, high monthly charge, premium support not active.",High
63902-KER,Female,71,Yes,Kerala,0,31,Deal 5,No,No,Yes,DSL,No,No,No,No,No,No,No,Yes,Month-to-Month,Yes,Bank Withdrawal,25.200000762939453,102.5,0.0,0,0.0,102.5,Churned,Dissatisfaction,Poor expertise of online support,0.7,70.0,1,High,"Offer an incentive to move to a long-term contract | Offer priority/premium customer support. Key signals: month-to-month contract, premium support not active.",High
63952-KER,Female,45,Yes,Kerala,5,16,Deal 5,Yes,No,Yes,Fiber Optic,No,No,Yes,Yes,No,No,No,Yes,Month-to-Month,Yes,Bank Withdrawal,79.8499984741211,152.4499969482422,0.0,0,32.279998779296875,184.72999572753906,Churned,Dissatisfaction,Service dissatisfaction,0.95,95.0,1,High,"Offer an incentive to move to a long-term contract | Offer a service review or upgrade consultation. Key signals: month-to-month contract, fiber service customer.",High
64120-MAH,Male,52,Yes,Maharashtra,6,12,None,Yes,No,Yes,DSL,No,No,No,No,Yes,No,No,Yes,Month-to-Month,Yes,Credit Card,55.0,55.0,0.0,0,32.7400016784668,87.73999786376953,Churned,Price,Long distance charges,0.98,98.0,1,High,"Offer an incentive to move to a long-term contract | Offer priority/premium customer support | Evaluate eligibility for a value plan. Key signals: month-to-month contract, premium support not active, no value deal assigned.",High
67310-TAM,Female,34,Yes,Tamil Nadu,7,5,None,Yes,No,Yes,Fiber Optic,No,No,No,No,No,Yes,Yes,No,Month-to-Month,No,Credit Card,78.75,426.3500061035156,0.0,10,164.5500030517578,600.9000244140625,Stayed,Others,Others,0.69,69.0,1,Medium,"Offer an incentive to move to a long-term contract | Offer an early-tenure loyalty benefit | Offer priority/premium customer support. Key signals: month-to-month contract, short customer tenure, premium support not active.",Medium
67375-PUN,Male,65,Yes,Punjab,13,13,Deal 5,Yes,No,Yes,Cable,No,No,No,No,No,No,No,Yes,Month-to-Month,Yes,Bank Withdrawal,45.650001525878906,45.650001525878906,0.0,0,14.119999885559082,59.77000045776367,Churned,Competitor,Competitor had better devices,1.0,100.0,1,High,"Offer an incentive to move to a long-term contract | Offer priority/premium customer support. Key signals: month-to-month contract, premium support not active.",High
67394-MAH,Female,61,Yes,Maharashtra,0,30,None,Yes,No,No,None,No,No,No,No,No,No,No,No,Month-to-Month,No,Bank Withdrawal,20.049999237060547,20.049999237060547,0.0,0,12.0,32.04999923706055,Churned,Attitude,Attitude of support person,0.98,98.0,1,High,"Offer an incentive to move to a long-term contract | Offer priority/premium customer support | Evaluate eligibility for a value plan. Key signals: month-to-month contract, premium support not active, no value deal assigned.",High
67408-GUJ,Male,73,Yes,Gujarat,2,5,None,Yes,Yes,Yes,Cable,No,No,No,No,No,Yes,No,Yes,Month-to-Month,Yes,Bank Withdrawal,85.5999984741211,1345.550048828125,0.0,0,678.75,2024.300048828125,Churned,Competitor,Competitor had better devices,0.84,84.0,1,High,"Offer an incentive to move to a long-term contract | Offer a personalized pricing or loyalty discount | Offer an early-tenure loyalty benefit. Key signals: month-to-month contract, high monthly charge, short customer tenure.",High
67427-MAH,Female,31,Yes,Maharashtra,10,1,None,No,No,Yes,DSL,No,No,No,No,No,No,No,Yes,Month-to-Month,No,Bank Withdrawal,24.75,66.94999694824219,0.0,0,0.0,66.94999694824219,Churned,Competitor,Competitor offered higher download speeds,0.96,96.0,1,High,"Offer an incentive to move to a long-term contract | Offer an early-tenure loyalty benefit | Offer priority/premium customer support. Key signals: month-to-month contract, short customer tenure, premium support not active.",High
67882-JAM,Female,43,Yes,Jammu & Kashmir,2,8,None,Yes,No,Yes,Fiber Optic,No,Yes,Yes,No,Yes,Yes,Yes,Yes,Month-to-Month,No,Bank Withdrawal,101.1500015258789,842.9000244140625,0.0,0,135.0399932861328,977.9400024414062,Churned,Competitor,Competitor made better offer,0.78,78.0,1,High,"Offer an incentive to move to a long-term contract | Offer a personalized pricing or loyalty discount | Offer an early-tenure loyalty benefit. Key signals: month-to-month contract, high monthly charge, short customer tenure.",High
67930-KAR,Female,51,No,Karnataka,13,2,None,Yes,No,Yes,Fiber Optic,No,No,No,No,Yes,Yes,Yes,Yes,Month-to-Month,Yes,Bank Withdrawal,90.80000305175781,2361.800048828125,0.0,0,399.6199951171875,2761.419921875,Churned,Other,Don't know,0.5,50.0,1,Medium,"Offer an incentive to move to a long-term contract | Offer a personalized pricing or loyalty discount | Offer an early-tenure loyalty benefit. Key signals: month-to-month contract, high monthly charge, short customer tenure.",Medium
68126-KAR,Female,71,Yes,Karnataka,10,21,None,Yes,No,Yes,Fiber Optic,No,No,No,No,No,No,No,Yes,Month-to-Month,Yes,Bank Withdrawal,69.6500015258789,69.6500015258789,0.0,0,31.1299991607666,100.77999877929688,Churned,Attitude,Attitude of service provider,1.0,100.0,1,High,"Offer an incentive to move to a long-term contract | Offer priority/premium customer support | Offer a service review or upgrade consultation. Key signals: month-to-month contract, premium support not active, fiber service customer.",High
68150-AND,Male,25,Yes,Andhra Pradesh,12,15,Deal 4,Yes,Yes,Yes,Fiber Optic,No,No,No,Yes,Yes,Yes,Yes,No,Month-to-Month,No,Bank Withdrawal,100.75,1313.25,0.0,120,577.5900268554688,2010.8399658203125,Stayed,Others,Others,0.57,57.0,1,Medium,"Offer an incentive to move to a long-term contract | Offer a personalized pricing or loyalty discount | Offer a service review or upgrade consultation. Key signals: month-to-month contract, high monthly charge, fiber service customer.",Medium
68167-MAH,Female,56,No,Maharashtra,15,25,Deal 5,Yes,Yes,Yes,Fiber Optic,No,No,No,No,No,Yes,Yes,Yes,Month-to-Month,Yes,Bank Withdrawal,85.0,85.0,0.0,0,30.520000457763672,115.5199966430664,Churned,Other,Don't know,1.0,100.0,1,High,"Offer an incentive to move to a long-term contract | Offer a personalized pricing or loyalty discount | Offer priority/premium customer support. Key signals: month-to-month contract, high monthly charge, premium support not active.",High
68194-UTT,Female,60,No,Uttar Pradesh,0,23,None,Yes,No,Yes,DSL,No,No,No,No,No,No,No,Yes,Month-to-Month,No,Bank Withdrawal,45.349998474121094,89.5,0.0,0,50.97999954223633,140.47999572753906,Churned,Competitor,Competitor had better devices,0.95,95.0,1,High,"Offer an incentive to move to a long-term contract | Offer priority/premium customer support | Evaluate eligibility for a value plan. Key signals: month-to-month contract, premium support not active, no value deal assigned.",High
72431-UTT,Female,50,Yes,Uttar Pradesh,5,14,Deal 5,No,No,Yes,Cable,No,Yes,No,No,No,No,No,Yes,Month-to-Month,Yes,Bank Withdrawal,29.600000381469727,79.44999694824219,0.0,0,0.0,79.44999694824219,Churned,Competitor,Competitor had better devices,0.95,95.0,1,High,"Offer an incentive to move to a long-term contract | Offer priority/premium customer support. Key signals: month-to-month contract, premium support not active.",High
72437-GUJ,Female,52,No,Gujarat,3,10,Deal 4,Yes,Yes,Yes,Fiber Optic,No,No,No,No,No,Yes,Yes,Yes,Month-to-Month,Yes,Bank Withdrawal,86.5,1808.699951171875,0.0,0,886.6199951171875,2695.320068359375,Churned,Competitor,Competitor offered more data,0.68,68.0,1,Medium,"Offer an incentive to move to a long-term contract | Offer a personalized pricing or loyalty discount | Offer an early-tenure loyalty benefit. Key signals: month-to-month contract, high monthly charge, short customer tenure.",Medium
72507-UTT,Female,71,No,Uttar Pradesh,0,12,None,Yes,No,Yes,Fiber Optic,No,No,No,No,No,No,No,Yes,Month-to-Month,Yes,Bank Withdrawal,69.6500015258789,69.6500015258789,0.0,0,7.230000019073486,76.87999725341797,Churned,Other,Don't know,1.0,100.0,1,High,"Offer an incentive to move to a long-term contract | Offer priority/premium customer support | Offer a service review or upgrade consultation. Key signals: month-to-month contract, premium support not active, fiber service customer.",High
72588-RAJ,Female,77,No,Rajasthan,4,18,None,Yes,Yes,Yes,Fiber Optic,No,No,Yes,No,No,Yes,No,Yes,Month-to-Month,No,Credit Card,88.30000305175781,2467.75,0.0,0,457.3800048828125,2925.1298828125,Churned,Other,Don't know,0.57,57.0,1,Medium,"Offer an incentive to move to a long-term contract | Offer a personalized pricing or loyalty discount | Offer priority/premium customer support. Key signals: month-to-month contract, high monthly charge, premium support not active.",Medium
76587-WES,Female,67,No,West Bengal,6,18,Deal 3,Yes,Yes,Yes,Fiber Optic,No,No,Yes,No,Yes,Yes,Yes,Yes,Month-to-Month,Yes,Bank Withdrawal,100.05000305175781,3810.550048828125,0.0,0,646.02001953125,4456.56982421875,Stayed,Others,Others,0.72,72.0,1,High,"Offer an incentive to move to a long-term contract | Offer a personalized pricing or loyalty discount | Offer priority/premium customer support. Key signals: month-to-month contract, high monthly charge, premium support not active.",High
76680-UTT,Male,67,No,Uttar Pradesh,4,17,Deal 3,Yes,Yes,Yes,Fiber Optic,No,Yes,Yes,No,No,Yes,Yes,No,Month-to-Month,Yes,Bank Withdrawal,95.9000015258789,2745.199951171875,0.0,50,1026.02001953125,3821.219970703125,Churned,Price,Extra data charges,0.56,56.0,1,Medium,"Offer an incentive to move to a long-term contract | Offer a personalized pricing or loyalty discount | Offer priority/premium customer support. Key signals: month-to-month contract, high monthly charge, premium support not active.",Medium
76732-DEL,Female,30,Yes,Delhi,0,18,None,Yes,No,Yes,Fiber Optic,No,No,No,No,Yes,No,No,Yes,Month-to-Month,Yes,Bank Withdrawal,79.3499984741211,79.3499984741211,0.0,0,13.130000114440918,92.4800033569336,Churned,Competitor,Competitor had better devices,0.99,99.0,1,High,"Offer an incentive to move to a long-term contract | Offer priority/premium customer support | Offer a service review or upgrade consultation. Key signals: month-to-month contract, premium support not active, fiber service customer.",High
76820-ASS,Male,43,No,Assam,12,18,Deal 5,No,No,Yes,DSL,No,No,Yes,No,Yes,Yes,Yes,Yes,Month-to-Month,Yes,Bank Withdrawal,50.349998474121094,50.349998474121094,0.0,0,0.0,50.349998474121094,Churned,Competitor,Competitor offered more data,0.98,98.0,1,High,"Offer an incentive to move to a long-term contract | Offer priority/premium customer support. Key signals: month-to-month contract, premium support not active.",High
76853-HAR,Female,60,No,Haryana,4,6,None,Yes,Yes,Yes,Fiber Optic,No,No,No,Yes,Yes,No,No,Yes,Month-to-Month,Yes,Bank Withdrawal,91.6500015258789,1301.0,0.0,0,127.81999969482422,1428.8199462890625,Churned,Dissatisfaction,Network reliability,0.79,79.0,1,High,"Offer an incentive to move to a long-term contract | Offer a personalized pricing or loyalty discount | Offer an early-tenure loyalty benefit. Key signals: month-to-month contract, high monthly charge, short customer tenure.",High
76949-KAR,Male,59,No,Karnataka,12,30,None,No,No,Yes,DSL,Yes,No,No,No,Yes,No,No,Yes,Month-to-Month,No,Credit Card,38.54999923706055,156.10000610351562,0.0,0,0.0,156.10000610351562,Stayed,Others,Others,0.64,64.0,1,Medium,"Offer an incentive to move to a long-term contract | Offer priority/premium customer support | Evaluate eligibility for a value plan. Key signals: month-to-month contract, premium support not active, no value deal assigned.",Medium
81203-UTT,Male,26,Yes,Uttar Pradesh,14,5,None,Yes,Yes,Yes,Fiber Optic,No,Yes,No,No,Yes,Yes,Yes,Yes,Month-to-Month,Yes,Bank Withdrawal,97.69999694824219,3410.0,0.0,0,1453.1600341796875,4863.16015625,Stayed,Others,Others,0.54,54.0,1,Medium,"Offer an incentive to move to a long-term contract | Offer a personalized pricing or loyalty discount | Offer an early-tenure loyalty benefit. Key signals: month-to-month contract, high monthly charge, short customer tenure.",Medium
81360-ODI,Male,34,Yes,Odisha,0,6,None,Yes,No,Yes,Cable,No,No,No,No,No,No,No,Yes,Month-to-Month,Yes,Credit Card,45.400001525878906,45.400001525878906,0.0,0,38.310001373291016,83.70999908447266,Churned,Dissatisfaction,Network reliability,1.0,100.0,1,High,"Offer an incentive to move to a long-term contract | Offer an early-tenure loyalty benefit | Offer priority/premium customer support. Key signals: month-to-month contract, short customer tenure, premium support not active.",High
81396-JHA,Male,25,Yes,Jharkhand,7,18,None,Yes,Yes,Yes,Fiber Optic,No,Yes,Yes,No,No,No,Yes,Yes,Month-to-Month,Yes,Bank Withdrawal,84.5,916.9000244140625,0.0,0,487.55999755859375,1404.4599609375,Churned,Competitor,Competitor had better devices,0.54,54.0,1,Medium,"Offer an incentive to move to a long-term contract | Offer a personalized pricing or loyalty discount | Offer priority/premium customer support. Key signals: month-to-month contract, high monthly charge, premium support not active.",Medium
81451-JAM,Female,71,Yes,Jammu & Kashmir,12,4,None,No,No,Yes,Cable,No,No,No,Yes,No,No,No,No,Month-to-Month,Yes,Bank Withdrawal,29.649999618530273,291.3999938964844,0.0,110,0.0,401.3999938964844,Churned,Other,Don't know,0.51,51.0,1,Medium,"Offer an incentive to move to a long-term contract | Offer an early-tenure loyalty benefit | Evaluate eligibility for a value plan. Key signals: month-to-month contract, short customer tenure, no value deal assigned.",Medium
81485-ODI,Female,61,Yes,Odisha,8,26,Deal 4,Yes,No,Yes,Fiber Optic,No,No,No,No,Yes,Yes,Yes,Yes,Month-to-Month,Yes,Credit Card,89.80000305175781,1129.0999755859375,0.0,0,144.1999969482422,1273.300048828125,Churned,Attitude,Attitude of support person,0.75,75.0,1,High,"Offer an incentive to move to a long-term contract | Offer a personalized pricing or loyalty discount | Offer priority/premium customer support. Key signals: month-to-month contract, high monthly charge, premium support not active.",High
81488-UTT,Female,77,Yes,Uttar Pradesh,10,7,None,Yes,No,Yes,Fiber Optic,No,Yes,No,No,No,Yes,No,Yes,Month-to-Month,Yes,Bank Withdrawal,84.19999694824219,519.1500244140625,0.0,0,242.63999938964844,761.7899780273438,Churned,Dissatisfaction,Limited range of services,0.75,75.0,1,High,"Offer an incentive to move to a long-term contract | Offer a personalized pricing or loyalty discount | Offer an early-tenure loyalty benefit. Key signals: month-to-month contract, high monthly charge, short customer tenure.",High
81498-TEL,Male,24,Yes,Telangana,3,1,Deal 4,Yes,Yes,Yes,Fiber Optic,No,Yes,Yes,No,Yes,Yes,Yes,Yes,Month-to-Month,Yes,Bank Withdrawal,105.3499984741211,1559.25,0.0,0,62.849998474121094,1622.0999755859375,Stayed,Others,Others,0.68,68.0,1,Medium,"Offer an incentive to move to a long-term contract | Offer a personalized pricing or loyalty discount | Offer an early-tenure loyalty benefit. Key signals: month-to-month contract, high monthly charge, short customer tenure.",Medium
81612-TAM,Male,45,Yes,Tamil Nadu,5,11,None,Yes,Yes,Yes,Fiber Optic,No,Yes,Yes,No,No,Yes,Yes,Yes,Month-to-Month,Yes,Bank Withdrawal,95.1500015258789,3532.85009765625,0.0,0,1518.1099853515625,5050.9599609375,Stayed,Others,Others,0.57,57.0,1,Medium,"Offer an incentive to move to a long-term contract | Offer a personalized pricing or loyalty discount | Offer an early-tenure loyalty benefit. Key signals: month-to-month contract, high monthly charge, short customer tenure.",Medium
81623-ODI,Female,27,Yes,Odisha,10,35,None,Yes,Yes,Yes,Fiber Optic,Yes,No,No,No,No,No,No,Yes,Month-to-Month,Yes,Credit Card,78.1500015258789,765.1500244140625,0.0,0,380.29998779296875,1145.449951171875,Stayed,Others,Others,0.51,51.0,1,Medium,"Offer an incentive to move to a long-term contract | Offer priority/premium customer support | Offer a service review or upgrade consultation. Key signals: month-to-month contract, premium support not active, fiber service customer.",Medium
81640-MAH,Female,59,Yes,Maharashtra,0,23,Deal 4,Yes,Yes,Yes,Fiber Optic,No,No,Yes,No,Yes,No,No,Yes,Month-to-Month,Yes,Bank Withdrawal,89.55000305175781,1021.75,0.0,0,400.32000732421875,1422.0699462890625,Stayed,Others,Others,0.55,55.0,1,Medium,"Offer an incentive to move to a long-term contract | Offer a personalized pricing or loyalty discount | Offer priority/premium customer support. Key signals: month-to-month contract, high monthly charge, premium support not active.",Medium
85413-MAH,Female,67,Yes,Maharashtra,7,3,None,Yes,No,Yes,Fiber Optic,No,No,No,Yes,No,No,No,Yes,Month-to-Month,Yes,Credit Card,75.6500015258789,399.45001220703125,0.0,0,148.75,548.2000122070312,Stayed,Others,Others,0.68,68.0,1,Medium,"Offer an incentive to move to a long-term contract | Offer an early-tenure loyalty benefit | Offer a service review or upgrade consultation. Key signals: month-to-month contract, short customer tenure, fiber service customer.",Medium
85542-WES,Female,27,No,West Bengal,7,2,Deal 5,Yes,No,Yes,Fiber Optic,No,No,No,No,No,No,No,Yes,Month-to-Month,No,Credit Card,70.5999984741211,70.5999984741211,0.0,0,44.59000015258789,115.19000244140625,Churned,Attitude,Attitude of support person,0.99,99.0,1,High,"Offer an incentive to move to a long-term contract | Offer an early-tenure loyalty benefit | Offer priority/premium customer support. Key signals: month-to-month contract, short customer tenure, premium support not active.",High
85666-JAM,Male,53,Yes,Jammu & Kashmir,1,25,Deal 4,Yes,Yes,Yes,Fiber Optic,Yes,No,No,No,Yes,Yes,Yes,Yes,Month-to-Month,No,Bank Withdrawal,98.55000305175781,1008.5499877929688,0.0,0,275.70001220703125,1284.25,Churned,Competitor,Competitor made better offer,0.59,59.0,1,Medium,"Offer an incentive to move to a long-term contract | Offer a personalized pricing or loyalty discount | Offer priority/premium customer support. Key signals: month-to-month contract, high monthly charge, premium support not active.",Medium
89613-KAR,Female,82,No,Karnataka,8,19,Deal 3,Yes,Yes,Yes,Fiber Optic,No,No,No,No,Yes,No,No,Yes,Month-to-Month,Yes,Credit Card,85.94999694824219,2628.60009765625,0.0,0,1566.4000244140625,4195.0,Churned,Price,Extra data charges,0.67,67.0,1,Medium,"Offer an incentive to move to a long-term contract | Offer a personalized pricing or loyalty discount | Offer priority/premium customer support. Key signals: month-to-month contract, high monthly charge, premium support not active.",Medium
89655-JAM,Female,53,No,Jammu & Kashmir,13,6,Deal 5,Yes,No,No,None,No,No,No,No,No,No,No,No,Month-to-Month,Yes,Credit Card,19.600000381469727,19.600000381469727,0.0,0,14.170000076293945,33.77000045776367,Churned,Competitor,Competitor made better offer,0.97,97.0,1,High,"Offer an incentive to move to a long-term contract | Offer an early-tenure loyalty benefit | Offer priority/premium customer support. Key signals: month-to-month contract, short customer tenure, premium support not active.",High
89663-BIH,Male,38,Yes,Bihar,6,4,None,No,No,Yes,DSL,No,No,No,Yes,Yes,No,No,No,Month-to-Month,No,Bank Withdrawal,40.099998474121094,40.099998474121094,0.0,10,0.0,50.099998474121094,Churned,Attitude,Attitude of support person,0.91,91.0,1,High,"Offer an incentive to move to a long-term contract | Offer an early-tenure loyalty benefit | Evaluate eligibility for a value plan. Key signals: month-to-month contract, short customer tenure, no value deal assigned.",High
89665-CHH,Male,56,No,Chhattisgarh,5,36,Deal 5,Yes,No,Yes,Cable,No,No,No,No,No,No,No,Yes,Month-to-Month,Yes,Credit Card,45.849998474121094,45.849998474121094,0.0,0,44.75,90.5999984741211,Churned,Attitude,Attitude of support person,0.98,98.0,1,High,"Offer an incentive to move to a long-term contract | Offer priority/premium customer support. Key signals: month-to-month contract, premium support not active.",High
89673-KAR,Female,38,Yes,Karnataka,2,23,None,Yes,Yes,Yes,Fiber Optic,No,No,No,No,Yes,No,No,Yes,Month-to-Month,Yes,Bank Withdrawal,82.8499984741211,460.25,48.95000076293945,0,51.540000915527344,462.8399963378906,Churned,Competitor,Competitor had better devices,0.65,65.0,1,Medium,"Offer an incentive to move to a long-term contract | Offer a personalized pricing or loyalty discount | Offer priority/premium customer support. Key signals: month-to-month contract, high monthly charge, premium support not active.",Medium
89683-UTT,Female,71,Yes,Uttar Pradesh,2,33,None,Yes,Yes,Yes,Fiber Optic,No,Yes,No,No,Yes,Yes,No,Yes,Month-to-Month,Yes,Credit Card,99.44999694824219,919.4000244140625,0.0,0,95.94000244140625,1015.3400268554688,Churned,Competitor,Competitor had better devices,0.79,79.0,1,High,"Offer an incentive to move to a long-term contract | Offer a personalized pricing or loyalty discount | Offer priority/premium customer support. Key signals: month-to-month contract, high monthly charge, premium support not active.",High
89750-HAR,Male,59,No,Haryana,10,3,None,Yes,No,No,None,No,No,No,No,No,No,No,No,Month-to-Month,No,Mailed Check,20.350000381469727,33.20000076293945,0.0,0,64.05999755859375,97.26000213623047,Churned,Attitude,Attitude of support person,0.89,89.0,1,High,"Offer an incentive to move to a long-term contract | Offer an early-tenure loyalty benefit | Offer priority/premium customer support. Key signals: month-to-month contract, short customer tenure, premium support not active.",High
94746-ODI,Female,46,Yes,Odisha,3,7,Deal 5,Yes,No,Yes,Fiber Optic,No,No,No,No,No,No,No,Yes,Month-to-Month,No,Bank Withdrawal,69.94999694824219,69.94999694824219,0.0,0,27.579999923706055,97.52999877929688,Churned,Other,Moved,1.0,100.0,1,High,"Offer an incentive to move to a long-term contract | Offer an early-tenure loyalty benefit | Offer priority/premium customer support. Key signals: month-to-month contract, short customer tenure, premium support not active.",High
94775-HAR,Female,65,Yes,Haryana,12,10,None,Yes,Yes,Yes,Fiber Optic,No,No,No,No,Yes,Yes,No,Yes,Month-to-Month,Yes,Bank Withdrawal,93.8499984741211,196.75,0.0,0,50.380001068115234,247.1300048828125,Churned,Price,Lack of affordable download/upload speed,0.97,97.0,1,High,"Offer an incentive to move to a long-term contract | Offer a personalized pricing or loyalty discount | Offer an early-tenure loyalty benefit. Key signals: month-to-month contract, high monthly charge, short customer tenure.",High
94827-AND,Female,42,No,Andhra Pradesh,15,33,None,Yes,No,Yes,DSL,No,No,No,No,No,Yes,Yes,Yes,Month-to-Month,Yes,Bank Withdrawal,55.29999923706055,196.14999389648438,0.0,0,77.87999725341797,274.0299987792969,Churned,Dissatisfaction,Product dissatisfaction,0.7,70.0,1,High,"Offer an incentive to move to a long-term contract | Offer priority/premium customer support | Evaluate eligibility for a value plan. Key signals: month-to-month contract, premium support not active, no value deal assigned.",High
94874-MAH,Female,61,No,Maharashtra,12,2,None,Yes,Yes,Yes,Fiber Optic,No,No,Yes,No,Yes,Yes,Yes,Yes,Month-to-Month,Yes,Bank Withdrawal,99.05000305175781,2952.85009765625,0.0,0,647.5700073242188,3600.419921875,Churned,Competitor,Competitor offered higher download speeds,0.55,55.0,1,Medium,"Offer an incentive to move to a long-term contract | Offer a personalized pricing or loyalty discount | Offer an early-tenure loyalty benefit. Key signals: month-to-month contract, high monthly charge, short customer tenure.",Medium
94975-TEL,Female,77,Yes,Telangana,11,3,None,Yes,Yes,Yes,Fiber Optic,No,Yes,No,Yes,No,No,No,Yes,Month-to-Month,Yes,Bank Withdrawal,85.44999694824219,1505.8499755859375,0.0,0,42.47999954223633,1548.3299560546875,Churned,Competitor,Competitor offered more data,0.62,62.0,1,Medium,"Offer an incentive to move to a long-term contract | Offer a personalized pricing or loyalty discount | Offer an early-tenure loyalty benefit. Key signals: month-to-month contract, high monthly charge, short customer tenure.",Medium
95043-AND,Female,70,Yes,Andhra Pradesh,0,22,Deal 3,Yes,Yes,Yes,Fiber Optic,No,No,Yes,No,No,No,No,No,Month-to-Month,Yes,Bank Withdrawal,78.05000305175781,2135.5,0.0,10,89.91000366210938,2235.409912109375,Churned,Competitor,Competitor had better devices,0.59,59.0,1,Medium,"Offer an incentive to move to a long-term contract | Offer priority/premium customer support | Offer a service review or upgrade consultation. Key signals: month-to-month contract, premium support not active, fiber service customer.",Medium
95075-RAJ,Female,68,Yes,Rajasthan,7,12,Deal 5,No,No,Yes,DSL,No,No,Yes,No,No,No,No,Yes,Month-to-Month,Yes,Bank Withdrawal,29.399999618530273,221.89999389648438,0.0,0,0.0,221.89999389648438,Churned,Competitor,Competitor had better devices,0.62,62.0,1,Medium,"Offer an incentive to move to a long-term contract | Offer priority/premium customer support. Key signals: month-to-month contract, premium support not active.",Medium
95096-UTT,Male,38,No,Uttar Pradesh,0,32,None,Yes,Yes,Yes,Fiber Optic,No,No,No,No,Yes,No,No,Yes,Month-to-Month,Yes,Bank Withdrawal,86.8499984741211,1564.4000244140625,0.0,0,148.9600067138672,1713.3599853515625,Stayed,Others,Others,0.59,59.0,1,Medium,"Offer an incentive to move to a long-term contract | Offer a personalized pricing or loyalty discount | Offer priority/premium customer support. Key signals: month-to-month contract, high monthly charge, premium support not active.",Medium
98542-ASS,Male,31,Yes,Assam,10,3,Deal 5,Yes,Yes,Yes,Fiber Optic,No,Yes,No,No,No,No,Yes,Yes,Month-to-Month,No,Bank Withdrawal,78.44999694824219,330.04998779296875,0.0,0,168.24000549316406,498.2900085449219,Churned,Competitor,Competitor made better offer,0.66,66.0,1,Medium,"Offer an incentive to move to a long-term contract | Offer an early-tenure loyalty benefit | Offer priority/premium customer support. Key signals: month-to-month contract, short customer tenure, premium support not active.",Medium
98630-TAM,Female,70,Yes,Tamil Nadu,12,20,Deal 3,Yes,Yes,Yes,Fiber Optic,No,No,No,No,No,Yes,No,Yes,Month-to-Month,Yes,Bank Withdrawal,84.0999984741211,3021.60009765625,0.0,0,1139.4000244140625,4161.0,Churned,Competitor,Competitor made better offer,0.81,81.0,1,High,"Offer an incentive to move to a long-term contract | Offer a personalized pricing or loyalty discount | Offer priority/premium customer support. Key signals: month-to-month contract, high monthly charge, premium support not active.",High
98709-UTT,Female,56,No,Uttar Pradesh,7,35,None,Yes,Yes,Yes,Fiber Optic,No,Yes,Yes,No,Yes,No,No,Yes,Month-to-Month,Yes,Bank Withdrawal,94.0,773.6500244140625,0.0,0,191.1199951171875,964.77001953125,Churned,Dissatisfaction,Product dissatisfaction,0.63,63.0,1,Medium,"Offer an incentive to move to a long-term contract | Offer a personalized pricing or loyalty discount | Offer priority/premium customer support. Key signals: month-to-month contract, high monthly charge, premium support not active.",Medium
98716-GUJ,Female,62,Yes,Gujarat,14,23,Deal 4,Yes,Yes,Yes,Fiber Optic,No,Yes,No,No,No,Yes,No,Yes,Month-to-Month,No,Bank Withdrawal,89.8499984741211,1424.949951171875,0.0,0,64.19999694824219,1489.1500244140625,Churned,Dissatisfaction,Service dissatisfaction,0.56,56.0,1,Medium,"Offer an incentive to move to a long-term contract | Offer a personalized pricing or loyalty discount | Offer priority/premium customer support. Key signals: month-to-month contract, high monthly charge, premium support not active.",Medium
12728-AND,Female,28,Yes,Andhra Pradesh,2,13,None,Yes,Yes,Yes,Fiber Optic,No,Yes,No,No,No,No,No,Yes,Month-to-Month,Yes,Credit Card,80.30000305175781,324.20001220703125,0.0,0,154.9600067138672,479.1600036621094,Stayed,Others,Others,0.75,75.0,1,High,"Offer an incentive to move to a long-term contract | Offer a personalized pricing or loyalty discount | Offer priority/premium customer support. Key signals: month-to-month contract, high monthly charge, premium support not active.",High
12736-ASS,Female,62,No,Assam,10,3,None,Yes,No,Yes,Fiber Optic,No,No,No,No,No,No,No,Yes,Month-to-Month,Yes,Bank Withdrawal,69.3499984741211,69.3499984741211,0.0,0,22.030000686645508,91.37999725341797,Churned,Attitude,Attitude of service provider,1.0,100.0,1,High,"Offer an incentive to move to a long-term contract | Offer an early-tenure loyalty benefit | Offer priority/premium customer support. Key signals: month-to-month contract, short customer tenure, premium support not active.",High
12808-MAH,Male,70,Yes,Maharashtra,4,9,None,Yes,Yes,Yes,Fiber Optic,Yes,Yes,No,No,Yes,Yes,No,Yes,Month-to-Month,Yes,Credit Card,102.80000305175781,2660.199951171875,0.0,0,912.5,3572.699951171875,Churned,Price,Price too high,0.62,62.0,1,Medium,"Offer an incentive to move to a long-term contract | Offer a personalized pricing or loyalty discount | Offer an early-tenure loyalty benefit. Key signals: month-to-month contract, high monthly charge, short customer tenure.",Medium
12842-TAM,Female,26,Yes,Tamil Nadu,11,8,Deal 5,Yes,Yes,Yes,Fiber Optic,No,No,Yes,No,Yes,Yes,Yes,Yes,Month-to-Month,No,Bank Withdrawal,101.1500015258789,385.8999938964844,0.0,0,38.2400016784668,424.1400146484375,Churned,Competitor,Competitor had better devices,0.82,82.0,1,High,"Offer an incentive to move to a long-term contract | Offer a personalized pricing or loyalty discount | Offer an early-tenure loyalty benefit. Key signals: month-to-month contract, high monthly charge, short customer tenure.",High
13035-KAR,Female,80,Yes,Karnataka,2,33,None,Yes,Yes,Yes,Fiber Optic,No,No,No,No,Yes,Yes,No,Yes,Month-to-Month,Yes,Bank Withdrawal,-4.0,1614.699951171875,0.0,0,65.11000061035156,1679.81005859375,Stayed,Others,Others,0.57,57.0,1,Medium,"Offer an incentive to move to a long-term contract | Offer priority/premium customer support | Offer a service review or upgrade consultation. Key signals: month-to-month contract, premium support not active, fiber service customer.",Medium
15121-UTT,Male,52,No,Uttar Pradesh,3,3,Deal 5,No,No,Yes,Cable,No,No,No,No,No,No,No,Yes,Month-to-Month,Yes,Mailed Check,24.25,96.05000305175781,0.0,0,0.0,96.05000305175781,Churned,Competitor,Competitor made better offer,0.79,79.0,1,High,"Offer an incentive to move to a long-term contract | Offer an early-tenure loyalty benefit | Offer priority/premium customer support. Key signals: month-to-month contract, short customer tenure, premium support not active.",High
15154-MAD,Female,27,Yes,Madhya Pradesh,7,11,None,Yes,No,Yes,Fiber Optic,No,No,Yes,No,Yes,Yes,Yes,Yes,Month-to-Month,Yes,Bank Withdrawal,94.75,759.5499877929688,0.0,0,177.1199951171875,936.6699829101562,Stayed,Others,Others,0.72,72.0,1,High,"Offer an incentive to move to a long-term contract | Offer a personalized pricing or loyalty discount | Offer an early-tenure loyalty benefit. Key signals: month-to-month contract, high monthly charge, short customer tenure.",High
15175-GUJ,Female,53,Yes,Gujarat,14,27,Deal 4,Yes,No,Yes,Fiber Optic,No,No,Yes,No,Yes,Yes,Yes,Yes,Month-to-Month,Yes,Bank Withdrawal,96.80000305175781,1743.050048828125,0.0,0,202.9199981689453,1945.969970703125,Stayed,Others,Others,0.61,61.0,1,Medium,"Offer an incentive to move to a long-term contract | Offer a personalized pricing or loyalty discount | Offer priority/premium customer support. Key signals: month-to-month contract, high monthly charge, premium support not active.",Medium
18357-JAM,Male,51,No,Jammu & Kashmir,3,23,None,Yes,Yes,Yes,Fiber Optic,No,No,No,No,No,No,No,Yes,Month-to-Month,Yes,Bank Withdrawal,75.44999694824219,75.44999694824219,0.0,0,11.579999923706055,87.02999877929688,Churned,Competitor,Competitor made better offer,1.0,100.0,1,High,"Offer an incentive to move to a long-term contract | Offer priority/premium customer support | Offer a service review or upgrade consultation. Key signals: month-to-month contract, premium support not active, fiber service customer.",High
18385-KAR,Female,42,No,Karnataka,5,12,Deal 5,Yes,Yes,Yes,Fiber Optic,No,No,No,No,Yes,Yes,Yes,Yes,Month-to-Month,No,Credit Card,95.6500015258789,95.6500015258789,0.0,0,32.33000183105469,127.9800033569336,Churned,Attitude,Attitude of service provider,0.99,99.0,1,High,"Offer an incentive to move to a long-term contract | Offer a personalized pricing or loyalty discount | Offer priority/premium customer support. Key signals: month-to-month contract, high monthly charge, premium support not active.",High
18465-MAH,Female,59,No,Maharashtra,3,34,None,Yes,Yes,Yes,Fiber Optic,Yes,No,No,No,Yes,Yes,Yes,Yes,Month-to-Month,Yes,Bank Withdrawal,100.25,1064.6500244140625,0.0,0,244.8000030517578,1309.449951171875,Churned,Price,Price too high,0.75,75.0,1,High,"Offer an incentive to move to a long-term contract | Offer a personalized pricing or loyalty discount | Offer priority/premium customer support. Key signals: month-to-month contract, high monthly charge, premium support not active.",High
25005-HAR,Female,20,Yes,Haryana,6,5,Deal 5,Yes,No,Yes,DSL,No,No,No,No,No,No,Yes,Yes,Month-to-Month,No,Credit Card,44.29999923706055,134.5,0.0,0,133.3800048828125,267.8800048828125,Churned,Price,Extra data charges,0.73,73.0,1,High,"Offer an incentive to move to a long-term contract | Offer an early-tenure loyalty benefit | Offer priority/premium customer support. Key signals: month-to-month contract, short customer tenure, premium support not active.",High
25063-WES,Male,51,No,West Bengal,4,35,Deal 5,Yes,No,Yes,Fiber Optic,No,No,Yes,No,No,No,No,Yes,Month-to-Month,Yes,Bank Withdrawal,73.9000015258789,280.8500061035156,0.0,0,134.60000610351562,415.45001220703125,Churned,Competitor,Competitor had better devices,0.78,78.0,1,High,"Offer an incentive to move to a long-term contract | Offer priority/premium customer support | Offer a service review or upgrade consultation. Key signals: month-to-month contract, premium support not active, fiber service customer.",High
25097-MAH,Male,31,No,Maharashtra,8,8,Deal 5,Yes,Yes,Yes,Fiber Optic,No,No,No,No,Yes,Yes,Yes,Yes,Month-to-Month,Yes,Bank Withdrawal,95.1500015258789,196.89999389648438,0.0,0,77.0199966430664,273.9200134277344,Churned,Competitor,Competitor made better offer,1.0,100.0,1,High,"Offer an incentive to move to a long-term contract | Offer a personalized pricing or loyalty discount | Offer an early-tenure loyalty benefit. Key signals: month-to-month contract, high monthly charge, short customer tenure.",High
25161-DEL,Female,64,Yes,Delhi,11,26,None,Yes,Yes,Yes,Fiber Optic,No,No,Yes,Yes,No,No,No,No,Month-to-Month,Yes,Bank Withdrawal,83.05000305175781,1258.300048828125,0.0,110,661.9500122070312,2030.25,Churned,Competitor,Competitor made better offer,0.54,54.0,1,Medium,"Offer an incentive to move to a long-term contract | Offer a personalized pricing or loyalty discount | Offer a service review or upgrade consultation. Key signals: month-to-month contract, high monthly charge, fiber service customer.",Medium
28976-PUN,Female,64,No,Punjab,0,18,None,Yes,Yes,Yes,Fiber Optic,No,Yes,No,No,Yes,Yes,Yes,Yes,Month-to-Month,Yes,Bank Withdrawal,98.8499984741211,3089.60009765625,0.0,0,769.280029296875,3858.8798828125,Stayed,Others,Others,0.66,66.0,1,Medium,"Offer an incentive to move to a long-term contract | Offer a personalized pricing or loyalty discount | Offer priority/premium customer support. Key signals: month-to-month contract, high monthly charge, premium support not active.",Medium
28998-GUJ,Female,71,Yes,Gujarat,15,10,None,Yes,Yes,Yes,Cable,No,No,Yes,No,Yes,Yes,No,No,Month-to-Month,Yes,Bank Withdrawal,100.6500015258789,5688.0498046875,0.0,130,1893.3599853515625,7711.41015625,Churned,Attitude,Attitude of support person,0.59,59.0,1,Medium,"Offer an incentive to move to a long-term contract | Offer a personalized pricing or loyalty discount | Offer an early-tenure loyalty benefit. Key signals: month-to-month contract, high monthly charge, short customer tenure.",Medium
29045-JAM,Female,69,Yes,Jammu & Kashmir,5,32,None,Yes,No,Yes,Fiber Optic,Yes,No,Yes,No,Yes,Yes,No,Yes,Month-to-Month,Yes,Bank Withdrawal,101.25,2754.449951171875,0.0,0,1237.1400146484375,3991.590087890625,Churned,Attitude,Attitude of service provider,0.62,62.0,1,Medium,"Offer an incentive to move to a long-term contract | Offer a personalized pricing or loyalty discount | Offer priority/premium customer support. Key signals: month-to-month contract, high monthly charge, premium support not active.",Medium
29090-UTT,Female,55,No,Uttar Pradesh,1,3,Deal 5,Yes,No,Yes,Fiber Optic,Yes,Yes,No,No,No,No,No,Yes,Month-to-Month,Yes,Bank Withdrawal,79.0999984741211,246.5,0.0,0,97.29000091552734,343.7900085449219,Churned,Attitude,Attitude of support person,0.78,78.0,1,High,"Offer an incentive to move to a long-term contract | Offer an early-tenure loyalty benefit | Offer priority/premium customer support. Key signals: month-to-month contract, short customer tenure, premium support not active.",High
29100-MAH,Male,28,Yes,Maharashtra,11,9,Deal 5,Yes,No,Yes,DSL,No,No,No,No,Yes,No,Yes,Yes,Month-to-Month,No,Credit Card,55.150001525878906,159.14999389648438,0.0,0,68.30999755859375,227.4600067138672,Churned,Dissatisfaction,Network reliability,0.82,82.0,1,High,"Offer an incentive to move to a long-term contract | Offer an early-tenure loyalty benefit | Offer priority/premium customer support. Key signals: month-to-month contract, short customer tenure, premium support not active.",High
29149-ODI,Male,74,Yes,Odisha,0,29,None,No,No,Yes,DSL,Yes,No,No,No,No,Yes,No,Yes,Month-to-Month,No,Bank Withdrawal,39.099998474121094,971.2999877929688,0.0,0,0.0,971.2999877929688,Churned,Competitor,Competitor had better devices,0.63,63.0,1,Medium,"Offer an incentive to move to a long-term contract | Offer priority/premium customer support | Evaluate eligibility for a value plan. Key signals: month-to-month contract, premium support not active, no value deal assigned.",Medium
29172-BIH,Female,39,Yes,Bihar,15,34,None,Yes,No,Yes,Fiber Optic,No,No,No,No,No,No,No,Yes,Month-to-Month,Yes,Bank Withdrawal,70.0999984741211,70.0999984741211,0.0,0,17.3700008392334,87.47000122070312,Churned,Competitor,Competitor had better devices,1.0,100.0,1,High,"Offer an incentive to move to a long-term contract | Offer priority/premium customer support | Offer a service review or upgrade consultation. Key signals: month-to-month contract, premium support not active, fiber service customer.",High
29217-KAR,Female,68,Yes,Karnataka,6,1,Deal 4,Yes,No,Yes,Cable,Yes,No,No,No,No,No,No,Yes,Month-to-Month,Yes,Bank Withdrawal,49.79999923706055,1049.050048828125,0.0,0,693.6599731445312,1742.7099609375,Stayed,Others,Others,0.61,61.0,1,Medium,"Offer an incentive to move to a long-term contract | Offer an early-tenure loyalty benefit | Offer priority/premium customer support. Key signals: month-to-month contract, short customer tenure, premium support not active.",Medium
33601-UTT,Male,29,No,Uttar Pradesh,2,34,Deal 5,Yes,No,Yes,Fiber Optic,No,No,No,No,No,No,No,Yes,Month-to-Month,Yes,Bank Withdrawal,70.5,597.9000244140625,0.0,0,366.3900146484375,964.2899780273438,Stayed,Others,Others,0.53,53.0,1,Medium,"Offer an incentive to move to a long-term contract | Offer priority/premium customer support | Offer a service review or upgrade consultation. Key signals: month-to-month contract, premium support not active, fiber service customer.",Medium
33602-WES,Male,39,Yes,West Bengal,10,36,None,Yes,No,Yes,DSL,No,No,No,Yes,No,Yes,Yes,Yes,Month-to-Month,No,Credit Card,61.45000076293945,229.5500030517578,0.0,0,108.95999908447266,338.510009765625,Churned,Price,Price too high,0.64,64.0,1,Medium,"Offer an incentive to move to a long-term contract | Evaluate eligibility for a value plan. Key signals: month-to-month contract, no value deal assigned.",Medium
33672-JAM,Male,62,Yes,Jammu & Kashmir,9,4,None,Yes,Yes,Yes,Fiber Optic,No,Yes,Yes,No,Yes,Yes,Yes,Yes,Month-to-Month,Yes,Bank Withdrawal,103.4000015258789,6603.0,0.0,0,3083.85009765625,9686.849609375,Churned,Competitor,Competitor made better offer,0.65,65.0,1,Medium,"Offer an incentive to move to a long-term contract | Offer a personalized pricing or loyalty discount | Offer an early-tenure loyalty benefit. Key signals: month-to-month contract, high monthly charge, short customer tenure.",Medium
33710-GUJ,Female,37,No,Gujarat,0,8,None,Yes,No,Yes,Fiber Optic,No,No,Yes,No,No,No,No,Yes,Month-to-Month,Yes,Bank Withdrawal,75.1500015258789,496.8999938964844,0.0,0,60.83000183105469,557.72998046875,Churned,Dissatisfaction,Service dissatisfaction,0.65,65.0,1,Medium,"Offer an incentive to move to a long-term contract | Offer an early-tenure loyalty benefit | Offer priority/premium customer support. Key signals: month-to-month contract, short customer tenure, premium support not active.",Medium
33715-AND,Male,61,No,Andhra Pradesh,11,31,None,Yes,No,Yes,Fiber Optic,No,No,Yes,No,No,Yes,Yes,No,Month-to-Month,Yes,Credit Card,83.80000305175781,4331.39990234375,0.0,70,307.8399963378906,4709.240234375,Stayed,Others,Others,0.54,54.0,1,Medium,"Offer an incentive to move to a long-term contract | Offer a personalized pricing or loyalty discount | Offer priority/premium customer support. Key signals: month-to-month contract, high monthly charge, premium support not active.",Medium
33720-BIH,Female,84,Yes,Bihar,9,24,Deal 2,Yes,Yes,Yes,Fiber Optic,No,Yes,No,No,Yes,No,No,No,Month-to-Month,Yes,Bank Withdrawal,88.05000305175781,4367.35009765625,0.0,100,1856.0,6323.35009765625,Churned,Competitor,Competitor made better offer,0.7,70.0,1,High,"Offer an incentive to move to a long-term contract | Offer a personalized pricing or loyalty discount | Offer priority/premium customer support. Key signals: month-to-month contract, high monthly charge, premium support not active.",High
33761-HAR,Female,45,Yes,Haryana,5,11,Deal 5,Yes,No,Yes,Fiber Optic,No,No,No,No,No,Yes,Yes,Yes,Month-to-Month,Yes,Bank Withdrawal,81.94999694824219,81.94999694824219,0.0,0,44.939998626708984,126.88999938964844,Churned,Competitor,Competitor had better devices,1.0,100.0,1,High,"Offer an incentive to move to a long-term contract | Offer a personalized pricing or loyalty discount | Offer an early-tenure loyalty benefit. Key signals: month-to-month contract, high monthly charge, short customer tenure.",High
33772-DEL,Female,76,Yes,Delhi,0,27,None,Yes,Yes,Yes,Fiber Optic,No,No,No,No,No,No,No,Yes,Month-to-Month,No,Bank Withdrawal,74.0,3919.14990234375,0.0,0,1898.6400146484375,5817.7900390625,Stayed,Others,Others,0.61,61.0,1,Medium,"Offer an incentive to move to a long-term contract | Offer priority/premium customer support | Offer a service review or upgrade consultation. Key signals: month-to-month contract, premium support not active, fiber service customer.",Medium
37071-KER,Female,48,No,Kerala,6,33,Deal 5,No,No,Yes,Cable,Yes,No,No,No,No,No,No,Yes,Month-to-Month,No,Credit Card,-4.0,91.69999694824219,0.0,0,0.0,91.69999694824219,Churned,Attitude,Attitude of support person,0.74,74.0,1,High,"Offer an incentive to move to a long-term contract | Offer priority/premium customer support. Key signals: month-to-month contract, premium support not active.",High
37148-BIH,Female,42,No,Bihar,6,2,None,Yes,No,Yes,Fiber Optic,No,No,No,No,No,No,No,Yes,Month-to-Month,Yes,Bank Withdrawal,70.05000305175781,70.05000305175781,0.0,0,27.889999389648438,97.94000244140625,Churned,Attitude,Attitude of support person,1.0,100.0,1,High,"Offer an incentive to move to a long-term contract | Offer an early-tenure loyalty benefit | Offer priority/premium customer support. Key signals: month-to-month contract, short customer tenure, premium support not active.",High
37230-TEL,Female,19,No,Telangana,10,9,None,Yes,Yes,Yes,DSL,No,No,No,No,No,No,No,Yes,Month-to-Month,No,Bank Withdrawal,50.70000076293945,214.5500030517578,39.91999816894531,0,65.0,239.6300048828125,Stayed,Others,Others,0.62,62.0,1,Medium,"Offer an incentive to move to a long-term contract | Offer an early-tenure loyalty benefit | Offer priority/premium customer support. Key signals: month-to-month contract, short customer tenure, premium support not active.",Medium
37270-MAH,Male,36,No,Maharashtra,10,18,None,No,No,Yes,DSL,No,No,No,No,No,Yes,Yes,Yes,Month-to-Month,Yes,Bank Withdrawal,35.54999923706055,35.54999923706055,0.0,0,0.0,35.54999923706055,Churned,Other,Don't know,1.0,100.0,1,High,"Offer an incentive to move to a long-term contract | Offer priority/premium customer support | Evaluate eligibility for a value plan. Key signals: month-to-month contract, premium support not active, no value deal assigned.",High
37338-RAJ,Male,48,Yes,Rajasthan,7,9,None,Yes,No,Yes,Fiber Optic,No,No,Yes,No,Yes,Yes,Yes,No,Month-to-Month,Yes,Bank Withdrawal,94.69999694824219,740.2999877929688,0.0,80,155.9199981689453,976.219970703125,Churned,Competitor,Competitor offered more data,0.67,67.0,1,Medium,"Offer an incentive to move to a long-term contract | Offer a personalized pricing or loyalty discount | Offer an early-tenure loyalty benefit. Key signals: month-to-month contract, high monthly charge, short customer tenure.",Medium
37350-HAR,Male,30,Yes,Haryana,4,18,Deal 5,Yes,Yes,Yes,Fiber Optic,Yes,No,No,No,No,No,No,Yes,Month-to-Month,Yes,Bank Withdrawal,80.1500015258789,319.8500061035156,0.0,0,26.0,345.8500061035156,Stayed,Others,Others,0.7,70.0,1,High,"Offer an incentive to move to a long-term contract | Offer a personalized pricing or loyalty discount | Offer priority/premium customer support. Key signals: month-to-month contract, high monthly charge, premium support not active.",High
37396-DEL,Female,40,No,Delhi,1,32,None,Yes,Yes,Yes,Fiber Optic,No,Yes,Yes,No,Yes,No,No,Yes,Month-to-Month,Yes,Credit Card,94.05000305175781,518.75,0.0,0,247.74000549316406,766.489990234375,Stayed,Others,Others,0.69,69.0,1,Medium,"Offer an incentive to move to a long-term contract | Offer a personalized pricing or loyalty discount | Offer priority/premium customer support. Key signals: month-to-month contract, high monthly charge, premium support not active.",Medium
41816-JAM,Female,71,Yes,Jammu & Kashmir,7,10,None,Yes,Yes,Yes,Fiber Optic,Yes,Yes,Yes,No,No,No,No,Yes,Month-to-Month,No,Credit Card,91.69999694824219,2758.14990234375,0.0,0,1376.4000244140625,4134.5498046875,Churned,Competitor,Competitor made better offer,0.53,53.0,1,Medium,"Offer an incentive to move to a long-term contract | Offer a personalized pricing or loyalty discount | Offer an early-tenure loyalty benefit. Key signals: month-to-month contract, high monthly charge, short customer tenure.",Medium
41835-MAH,Female,20,Yes,Maharashtra,1,12,Deal 5,No,No,Yes,Cable,No,No,No,No,No,No,Yes,Yes,Month-to-Month,Yes,Bank Withdrawal,25.049999237060547,56.349998474121094,0.0,0,0.0,56.349998474121094,Churned,Dissatisfaction,Product dissatisfaction,0.96,96.0,1,High,"Offer an incentive to move to a long-term contract | Offer priority/premium customer support. Key signals: month-to-month contract, premium support not active.",High
41916-WES,Female,62,No,West Bengal,9,14,None,Yes,Yes,Yes,Fiber Optic,No,No,No,No,No,Yes,No,Yes,Month-to-Month,Yes,Credit Card,84.4000015258789,732.5,0.0,0,277.20001220703125,1009.7000122070312,Churned,Attitude,Attitude of support person,0.77,77.0,1,High,"Offer an incentive to move to a long-term contract | Offer a personalized pricing or loyalty discount | Offer priority/premium customer support. Key signals: month-to-month contract, high monthly charge, premium support not active.",High
41924-RAJ,Female,57,No,Rajasthan,9,11,None,Yes,No,Yes,DSL,No,No,No,No,No,No,No,Yes,Month-to-Month,No,Mailed Check,46.0,221.6999969482422,0.0,0,119.44999694824219,341.1499938964844,Churned,Competitor,Competitor had better devices,0.54,54.0,1,Medium,"Offer an incentive to move to a long-term contract | Offer an early-tenure loyalty benefit | Offer priority/premium customer support. Key signals: month-to-month contract, short customer tenure, premium support not active.",Medium
41944-UTT,Female,57,Yes,Uttar Pradesh,10,28,Deal 5,Yes,Yes,Yes,Fiber Optic,No,No,No,No,No,Yes,Yes,Yes,Month-to-Month,Yes,Bank Withdrawal,86.0,165.4499969482422,0.0,0,86.94000244140625,252.38999938964844,Churned,Attitude,Attitude of support person,0.99,99.0,1,High,"Offer an incentive to move to a long-term contract | Offer a personalized pricing or loyalty discount | Offer priority/premium customer support. Key signals: month-to-month contract, high monthly charge, premium support not active.",High
42264-UTT,Female,73,No,Uttar Pradesh,6,21,None,Yes,Yes,Yes,Cable,No,No,No,No,No,Yes,No,Yes,Month-to-Month,Yes,Bank Withdrawal,84.5999984741211,360.1000061035156,0.0,0,26.719999313354492,386.82000732421875,Churned,Competitor,Competitor had better devices,0.83,83.0,1,High,"Offer an incentive to move to a long-term contract | Offer a personalized pricing or loyalty discount | Offer priority/premium customer support. Key signals: month-to-month contract, high monthly charge, premium support not active.",High
46097-AND,Male,28,Yes,Andhra Pradesh,11,33,Deal 5,Yes,Yes,Yes,Fiber Optic,No,No,No,No,No,No,Yes,Yes,Month-to-Month,Yes,Bank Withdrawal,74.9000015258789,74.9000015258789,0.0,0,1.840000033378601,76.73999786376953,Churned,Other,Moved,1.0,100.0,1,High,"Offer an incentive to move to a long-term contract | Offer priority/premium customer support | Offer a service review or upgrade consultation. Key signals: month-to-month contract, premium support not active, fiber service customer.",High
46143-JHA,Male,30,No,Jharkhand,0,6,None,Yes,No,Yes,Fiber Optic,No,No,No,No,No,No,No,Yes,Month-to-Month,Yes,Bank Withdrawal,70.4000015258789,1214.050048828125,0.0,0,232.55999755859375,1446.6099853515625,Churned,Competitor,Competitor had better devices,0.6,60.0,1,Medium,"Offer an incentive to move to a long-term contract | Offer an early-tenure loyalty benefit | Offer priority/premium customer support. Key signals: month-to-month contract, short customer tenure, premium support not active.",Medium
46162-AND,Female,76,Yes,Andhra Pradesh,4,11,Deal 4,Yes,No,Yes,Fiber Optic,No,No,No,No,No,Yes,No,Yes,Month-to-Month,Yes,Bank Withdrawal,79.25,793.5499877929688,0.0,0,75.0999984741211,868.6500244140625,Churned,Competitor,Competitor had better devices,0.79,79.0,1,High,"Offer an incentive to move to a long-term contract | Offer an early-tenure loyalty benefit | Offer priority/premium customer support. Key signals: month-to-month contract, short customer tenure, premium support not active.",High
46172-ASS,Male,60,Yes,Assam,1,20,None,Yes,No,Yes,Fiber Optic,No,No,No,Yes,Yes,Yes,Yes,Yes,Month-to-Month,Yes,Bank Withdrawal,96.0999984741211,453.3999938964844,0.0,0,155.4499969482422,608.8499755859375,Churned,Competitor,Competitor made better offer,0.6,60.0,1,Medium,"Offer an incentive to move to a long-term contract | Offer a personalized pricing or loyalty discount | Offer a service review or upgrade consultation. Key signals: month-to-month contract, high monthly charge, fiber service customer.",Medium
49724-TEL,Male,64,No,Telangana,5,27,None,Yes,No,Yes,Fiber Optic,No,No,No,No,No,No,No,Yes,Month-to-Month,Yes,Bank Withdrawal,69.75,69.75,0.0,0,33.84000015258789,103.58999633789062,Churned,Competitor,Competitor had better devices,1.0,100.0,1,High,"Offer an incentive to move to a long-term contract | Offer priority/premium customer support | Offer a service review or upgrade consultation. Key signals: month-to-month contract, premium support not active, fiber service customer.",High
49834-ODI,Female,63,No,Odisha,7,19,None,Yes,No,Yes,Fiber Optic,No,No,No,No,Yes,No,No,Yes,Month-to-Month,Yes,Bank Withdrawal,78.8499984741211,292.79998779296875,0.0,0,147.72000122070312,440.5199890136719,Churned,Other,Moved,0.82,82.0,1,High,"Offer an incentive to move to a long-term contract | Offer priority/premium customer support | Offer a service review or upgrade consultation. Key signals: month-to-month contract, premium support not active, fiber service customer.",High
49885-MAH,Male,75,Yes,Maharashtra,2,33,None,No,No,Yes,Cable,No,No,No,No,Yes,Yes,Yes,Yes,Month-to-Month,Yes,Bank Withdrawal,44.849998474121094,2572.949951171875,12.069999694824219,0,0.0,2560.8798828125,Churned,Attitude,Attitude of support person,0.52,52.0,1,Medium,"Offer an incentive to move to a long-term contract | Offer priority/premium customer support | Evaluate eligibility for a value plan. Key signals: month-to-month contract, premium support not active, no value deal assigned.",Medium
49908-KER,Female,18,No,Kerala,1,2,Deal 4,Yes,Yes,Yes,Fiber Optic,No,No,No,No,Yes,No,No,Yes,Month-to-Month,No,Bank Withdrawal,84.30000305175781,1537.9000244140625,0.0,0,40.68000030517578,1578.5799560546875,Stayed,Others,Others,0.54,54.0,1,Medium,"Offer an incentive to move to a long-term contract | Offer a personalized pricing or loyalty discount | Offer an early-tenure loyalty benefit. Key signals: month-to-month contract, high monthly charge, short customer tenure.",Medium
49927-PUN,Male,52,Yes,Punjab,5,12,None,Yes,Yes,Yes,Fiber Optic,No,Yes,No,No,No,Yes,Yes,Yes,Month-to-Month,Yes,Bank Withdrawal,90.75,512.25,0.0,0,140.10000610351562,652.3499755859375,Stayed,Others,Others,0.84,84.0,1,High,"Offer an incentive to move to a long-term contract | Offer a personalized pricing or loyalty discount | Offer priority/premium customer support. Key signals: month-to-month contract, high monthly charge, premium support not active.",High
49975-MAD,Female,77,Yes,Madhya Pradesh,3,25,Deal 3,Yes,Yes,Yes,Fiber Optic,No,No,No,Yes,Yes,Yes,No,Yes,Month-to-Month,Yes,Bank Withdrawal,99.55000305175781,3734.25,0.0,0,1800.8199462890625,5535.06982421875,Churned,Dissatisfaction,Service dissatisfaction,0.5,50.0,1,Medium,"Offer an incentive to move to a long-term contract | Offer a personalized pricing or loyalty discount | Offer a service review or upgrade consultation. Key signals: month-to-month contract, high monthly charge, fiber service customer.",Medium
49995-TEL,Male,44,Yes,Telangana,11,23,None,Yes,Yes,Yes,Fiber Optic,No,No,No,No,No,Yes,Yes,Yes,Month-to-Month,Yes,Bank Withdrawal,85.94999694824219,1215.6500244140625,0.0,0,379.7300109863281,1595.3800048828125,Stayed,Others,Others,0.59,59.0,1,Medium,"Offer an incentive to move to a long-term contract | Offer a personalized pricing or loyalty discount | Offer priority/premium customer support. Key signals: month-to-month contract, high monthly charge, premium support not active.",Medium
51098-DEL,Female,61,Yes,Delhi,9,32,Deal 4,Yes,Yes,Yes,Fiber Optic,No,No,No,No,No,Yes,No,Yes,Month-to-Month,Yes,Credit Card,85.3499984741211,1375.1500244140625,0.0,0,158.8800048828125,1534.030029296875,Churned,Dissatisfaction,Limited range of services,0.67,67.0,1,Medium,"Offer an incentive to move to a long-term contract | Offer a personalized pricing or loyalty discount | Offer priority/premium customer support. Key signals: month-to-month contract, high monthly charge, premium support not active.",Medium
51123-HAR,Female,28,Yes,Haryana,4,7,None,Yes,No,Yes,Fiber Optic,No,No,No,No,Yes,No,No,No,Month-to-Month,Yes,Bank Withdrawal,80.6500015258789,144.14999389648438,0.0,20,11.699999809265137,175.85000610351562,Churned,Competitor,Competitor had better devices,0.96,96.0,1,High,"Offer an incentive to move to a long-term contract | Offer a personalized pricing or loyalty discount | Offer an early-tenure loyalty benefit. Key signals: month-to-month contract, high monthly charge, short customer tenure.",High
51140-ASS,Male,80,Yes,Assam,9,4,Deal 5,Yes,No,Yes,Cable,No,No,No,No,No,No,No,Yes,Month-to-Month,Yes,Bank Withdrawal,69.25,69.25,0.0,0,29.68000030517578,98.93000030517578,Churned,Attitude,Attitude of support person,1.0,100.0,1,High,"Offer an incentive to move to a long-term contract | Offer an early-tenure loyalty benefit | Offer priority/premium customer support. Key signals: month-to-month contract, short customer tenure, premium support not active.",High
55103-WES,Female,30,Yes,West Bengal,0,9,Deal 5,Yes,No,Yes,Fiber Optic,No,No,Yes,Yes,Yes,No,No,Yes,Month-to-Month,Yes,Credit Card,88.3499984741211,262.04998779296875,0.0,0,148.1999969482422,410.25,Churned,Competitor,Competitor offered more data,0.71,71.0,1,High,"Offer an incentive to move to a long-term contract | Offer a personalized pricing or loyalty discount | Offer an early-tenure loyalty benefit. Key signals: month-to-month contract, high monthly charge, short customer tenure.",High
55106-ASS,Female,29,No,Assam,2,14,Deal 5,Yes,No,No,None,No,No,No,No,No,No,No,No,Month-to-Month,No,Credit Card,20.100000381469727,20.100000381469727,0.0,0,16.809999465942383,36.90999984741211,Churned,Competitor,Competitor made better offer,0.96,96.0,1,High,"Offer an incentive to move to a long-term contract | Offer priority/premium customer support. Key signals: month-to-month contract, premium support not active.",High
55235-KAR,Female,26,Yes,Karnataka,1,36,Deal 5,Yes,No,Yes,Fiber Optic,No,No,No,No,No,No,No,Yes,Month-to-Month,Yes,Bank Withdrawal,70.25,70.25,0.0,0,23.0,93.25,Churned,Competitor,Competitor had better devices,0.96,96.0,1,High,"Offer an incentive to move to a long-term contract | Offer priority/premium customer support | Offer a service review or upgrade consultation. Key signals: month-to-month contract, premium support not active, fiber service customer.",High
55246-CHH,Female,53,No,Chhattisgarh,11,18,Deal 5,Yes,No,Yes,Fiber Optic,No,No,Yes,No,No,No,No,Yes,Month-to-Month,Yes,Bank Withdrawal,74.9000015258789,490.54998779296875,0.0,0,242.1300048828125,732.6799926757812,Stayed,Others,Others,0.56,56.0,1,Medium,"Offer an incentive to move to a long-term contract | Offer priority/premium customer support | Offer a service review or upgrade consultation. Key signals: month-to-month contract, premium support not active, fiber service customer.",Medium
55330-WES,Female,59,Yes,West Bengal,14,23,None,Yes,Yes,Yes,DSL,Yes,No,No,No,No,No,No,Yes,Month-to-Month,No,Credit Card,56.70000076293945,113.55000305175781,0.0,0,11.34000015258789,124.88999938964844,Churned,Competitor,Competitor offered higher download speeds,0.78,78.0,1,High,"Offer an incentive to move to a long-term contract | Offer priority/premium customer support | Evaluate eligibility for a value plan. Key signals: month-to-month contract, premium support not active, no value deal assigned.",High
55339-TAM,Female,70,Yes,Tamil Nadu,9,7,Deal 5,Yes,No,Yes,Cable,Yes,No,No,No,No,No,No,Yes,Month-to-Month,Yes,Bank Withdrawal,49.54999923706055,49.54999923706055,0.0,0,24.239999771118164,73.79000091552734,Churned,Dissatisfaction,Limited range of services,0.98,98.0,1,High,"Offer an incentive to move to a long-term contract | Offer an early-tenure loyalty benefit | Offer priority/premium customer support. Key signals: month-to-month contract, short customer tenure, premium support not active.",High
59029-PUN,Female,45,No,Punjab,8,31,None,Yes,No,Yes,Fiber Optic,No,No,No,No,No,No,No,No,Month-to-Month,Yes,Credit Card,70.44999694824219,70.44999694824219,0.0,10,42.869998931884766,123.31999969482422,Churned,Competitor,Competitor had better devices,1.0,100.0,1,High,"Offer an incentive to move to a long-term contract | Offer priority/premium customer support | Offer a service review or upgrade consultation. Key signals: month-to-month contract, premium support not active, fiber service customer.",High
59202-BIH,Female,18,No,Bihar,5,5,None,Yes,No,Yes,DSL,No,No,No,No,Yes,No,Yes,Yes,Month-to-Month,No,Credit Card,55.20000076293945,55.20000076293945,0.0,0,35.599998474121094,90.80000305175781,Churned,Dissatisfaction,Poor expertise of online support,0.96,96.0,1,High,"Offer an incentive to move to a long-term contract | Offer an early-tenure loyalty benefit | Offer priority/premium customer support. Key signals: month-to-month contract, short customer tenure, premium support not active.",High
59209-MAH,Male,31,No,Maharashtra,6,29,Deal 4,Yes,Yes,Yes,Fiber Optic,No,No,Yes,Yes,Yes,Yes,Yes,Yes,Month-to-Month,Yes,Bank Withdrawal,106.0999984741211,2249.949951171875,0.0,0,458.42999267578125,2708.3798828125,Churned,Price,Long distance charges,0.65,65.0,1,Medium,"Offer an incentive to move to a long-term contract | Offer a personalized pricing or loyalty discount | Offer a service review or upgrade consultation. Key signals: month-to-month contract, high monthly charge, fiber service customer.",Medium
59386-JAM,Female,28,No,Jammu & Kashmir,1,13,None,No,No,Yes,Cable,No,No,No,No,Yes,Yes,Yes,Yes,Month-to-Month,No,Bank Withdrawal,44.599998474121094,97.0999984741211,0.0,0,0.0,97.0999984741211,Churned,Competitor,Competitor made better offer,0.87,87.0,1,High,"Offer an incentive to move to a long-term contract | Offer priority/premium customer support | Evaluate eligibility for a value plan. Key signals: month-to-month contract, premium support not active, no value deal assigned.",High
59387-MAH,Female,68,No,Maharashtra,14,1,Deal 5,Yes,No,Yes,Fiber Optic,No,No,No,No,No,No,No,Yes,Month-to-Month,Yes,Bank Withdrawal,71.6500015258789,71.6500015258789,0.0,0,28.459999084472656,100.11000061035156,Churned,Competitor,Competitor offered more data,1.0,100.0,1,High,"Offer an incentive to move to a long-term contract | Offer an early-tenure loyalty benefit | Offer priority/premium customer support. Key signals: month-to-month contract, short customer tenure, premium support not active.",High
59433-BIH,Female,65,No,Bihar,8,29,Deal 5,Yes,No,Yes,Fiber Optic,No,No,No,No,Yes,Yes,No,Yes,Month-to-Month,Yes,Bank Withdrawal,89.30000305175781,89.30000305175781,0.0,0,30.229999542236328,119.52999877929688,Churned,Competitor,Competitor had better devices,1.0,100.0,1,High,"Offer an incentive to move to a long-term contract | Offer a personalized pricing or loyalty discount | Offer priority/premium customer support. Key signals: month-to-month contract, high monthly charge, premium support not active.",High
64204-PUN,Male,28,Yes,Punjab,14,2,Deal 5,Yes,Yes,Yes,Fiber Optic,No,Yes,No,No,No,No,No,Yes,Month-to-Month,Yes,Bank Withdrawal,81.30000305175781,416.29998779296875,0.0,0,125.55000305175781,541.8499755859375,Churned,Attitude,Attitude of service provider,0.75,75.0,1,High,"Offer an incentive to move to a long-term contract | Offer a personalized pricing or loyalty discount | Offer an early-tenure loyalty benefit. Key signals: month-to-month contract, high monthly charge, short customer tenure.",High
64223-UTT,Male,40,Yes,Uttar Pradesh,1,27,Deal 5,Yes,No,Yes,Fiber Optic,No,Yes,Yes,No,No,No,No,Yes,Month-to-Month,Yes,Bank Withdrawal,79.9000015258789,741.7000122070312,0.0,0,172.6199951171875,914.3200073242188,Churned,Price,Extra data charges,0.67,67.0,1,Medium,"Offer an incentive to move to a long-term contract | Offer priority/premium customer support | Offer a service review or upgrade consultation. Key signals: month-to-month contract, premium support not active, fiber service customer.",Medium
64255-TAM,Female,20,Yes,Tamil Nadu,2,5,None,Yes,No,Yes,DSL,No,No,No,No,Yes,No,No,Yes,Month-to-Month,Yes,Mailed Check,53.5,53.5,0.0,0,14.579999923706055,68.08000183105469,Churned,Dissatisfaction,Product dissatisfaction,0.95,95.0,1,High,"Offer an incentive to move to a long-term contract | Offer an early-tenure loyalty benefit | Offer priority/premium customer support. Key signals: month-to-month contract, short customer tenure, premium support not active.",High
64297-MAD,Male,23,Yes,Madhya Pradesh,7,7,Deal 5,Yes,No,Yes,Fiber Optic,No,No,No,No,Yes,Yes,Yes,Yes,Month-to-Month,Yes,Bank Withdrawal,90.75,90.75,0.0,0,23.059999465942383,113.80999755859375,Churned,Attitude,Attitude of support person,0.99,99.0,1,High,"Offer an incentive to move to a long-term contract | Offer a personalized pricing or loyalty discount | Offer an early-tenure loyalty benefit. Key signals: month-to-month contract, high monthly charge, short customer tenure.",High
64339-GUJ,Female,67,No,Gujarat,5,20,None,Yes,Yes,Yes,Fiber Optic,No,No,No,Yes,Yes,No,No,No,Month-to-Month,Yes,Credit Card,91.5,3236.35009765625,40.790000915527344,90,834.75,4120.31005859375,Stayed,Others,Others,0.6,60.0,1,Medium,"Offer an incentive to move to a long-term contract | Offer a personalized pricing or loyalty discount | Offer a service review or upgrade consultation. Key signals: month-to-month contract, high monthly charge, fiber service customer.",Medium
64348-TEL,Female,66,Yes,Telangana,2,35,Deal 3,Yes,Yes,Yes,Fiber Optic,No,No,Yes,No,Yes,Yes,No,Yes,Month-to-Month,Yes,Bank Withdrawal,101.4000015258789,3496.300048828125,0.0,0,1389.1500244140625,4885.4501953125,Churned,Competitor,Competitor offered more data,0.58,58.0,1,Medium,"Offer an incentive to move to a long-term contract | Offer a personalized pricing or loyalty discount | Offer priority/premium customer support. Key signals: month-to-month contract, high monthly charge, premium support not active.",Medium
64394-TAM,Male,76,Yes,Tamil Nadu,0,34,Deal 5,Yes,Yes,Yes,DSL,Yes,No,No,No,No,No,No,Yes,Month-to-Month,No,Bank Withdrawal,54.54999923706055,494.04998779296875,0.0,0,22.049999237060547,516.0999755859375,Churned,Dissatisfaction,Network reliability,0.55,55.0,1,Medium,"Offer an incentive to move to a long-term contract | Offer priority/premium customer support. Key signals: month-to-month contract, premium support not active.",Medium
64415-AND,Female,63,Yes,Andhra Pradesh,6,30,None,Yes,Yes,Yes,Fiber Optic,No,No,No,No,Yes,No,No,Yes,Month-to-Month,Yes,Bank Withdrawal,85.69999694824219,85.69999694824219,0.0,0,45.810001373291016,131.50999450683594,Churned,Competitor,Competitor had better devices,1.0,100.0,1,High,"Offer an incentive to move to a long-term contract | Offer a personalized pricing or loyalty discount | Offer priority/premium customer support. Key signals: month-to-month contract, high monthly charge, premium support not active.",High
64439-UTT,Female,19,No,Uttar Pradesh,13,5,None,Yes,Yes,Yes,Fiber Optic,No,No,No,No,No,No,No,Yes,Month-to-Month,Yes,Bank Withdrawal,74.6500015258789,301.3999938964844,0.0,0,194.55999755859375,495.9599914550781,Churned,Dissatisfaction,Product dissatisfaction,0.58,58.0,1,Medium,"Offer an incentive to move to a long-term contract | Offer an early-tenure loyalty benefit | Offer priority/premium customer support. Key signals: month-to-month contract, short customer tenure, premium support not active.",Medium
67482-JAM,Male,39,No,Jammu & Kashmir,13,27,Deal 5,No,No,Yes,DSL,No,Yes,No,Yes,No,No,No,Yes,Month-to-Month,Yes,Mailed Check,36.849998474121094,108.69999694824219,0.0,0,0.0,108.69999694824219,Churned,Competitor,Competitor made better offer,0.78,78.0,1,High,Offer an incentive to move to a long-term contract. Key signals: month-to-month contract.,High
67551-PUN,Female,61,No,Punjab,6,5,Deal 5,Yes,No,Yes,Fiber Optic,No,No,No,No,No,No,No,Yes,Month-to-Month,No,Bank Withdrawal,69.05000305175781,651.5,0.0,0,268.8299865722656,920.3300170898438,Stayed,Others,Others,0.52,52.0,1,Medium,"Offer an incentive to move to a long-term contract | Offer an early-tenure loyalty benefit | Offer priority/premium customer support. Key signals: month-to-month contract, short customer tenure, premium support not active.",Medium
67567-TAM,Male,70,No,Tamil Nadu,8,1,None,Yes,No,Yes,Fiber Optic,No,Yes,No,No,No,No,No,Yes,Month-to-Month,Yes,Bank Withdrawal,74.69999694824219,165.39999389648438,0.0,0,13.020000457763672,178.4199981689453,Churned,Competitor,Competitor made better offer,0.97,97.0,1,High,"Offer an incentive to move to a long-term contract | Offer an early-tenure loyalty benefit | Offer priority/premium customer support. Key signals: month-to-month contract, short customer tenure, premium support not active.",High
67594-BIH,Female,70,No,Bihar,3,21,None,Yes,Yes,Yes,Fiber Optic,No,No,No,No,Yes,Yes,Yes,Yes,Month-to-Month,Yes,Bank Withdrawal,95.1500015258789,997.6500244140625,0.0,0,39.81999969482422,1037.469970703125,Churned,Price,Extra data charges,0.85,85.0,1,High,"Offer an incentive to move to a long-term contract | Offer a personalized pricing or loyalty discount | Offer priority/premium customer support. Key signals: month-to-month contract, high monthly charge, premium support not active.",High
67642-TEL,Female,47,Yes,Telangana,12,20,None,Yes,No,Yes,Fiber Optic,No,No,Yes,No,Yes,Yes,Yes,Yes,Month-to-Month,Yes,Bank Withdrawal,96.0,1062.0999755859375,0.0,0,306.4800109863281,1368.5799560546875,Churned,Dissatisfaction,Product dissatisfaction,0.71,71.0,1,High,"Offer an incentive to move to a long-term contract | Offer a personalized pricing or loyalty discount | Offer priority/premium customer support. Key signals: month-to-month contract, high monthly charge, premium support not active.",High
67856-AND,Male,67,No,Andhra Pradesh,2,5,None,Yes,No,Yes,Fiber Optic,No,No,No,No,No,No,No,Yes,Month-to-Month,Yes,Credit Card,70.25,331.8999938964844,12.479999542236328,0,11.350000381469727,330.7699890136719,Churned,Price,Price too high,0.73,73.0,1,High,"Offer an incentive to move to a long-term contract | Offer an early-tenure loyalty benefit | Offer priority/premium customer support. Key signals: month-to-month contract, short customer tenure, premium support not active.",High
72603-TAM,Female,75,No,Tamil Nadu,2,30,None,Yes,Yes,Yes,Fiber Optic,No,Yes,Yes,No,No,No,No,Yes,Month-to-Month,Yes,Credit Card,83.8499984741211,2716.300048828125,0.0,0,1271.489990234375,3987.7900390625,Churned,Competitor,Competitor made better offer,0.59,59.0,1,Medium,"Offer an incentive to move to a long-term contract | Offer a personalized pricing or loyalty discount | Offer priority/premium customer support. Key signals: month-to-month contract, high monthly charge, premium support not active.",Medium
72648-JAM,Female,70,Yes,Jammu & Kashmir,13,15,Deal 5,Yes,Yes,Yes,Fiber Optic,No,Yes,No,No,No,No,No,No,Month-to-Month,Yes,Bank Withdrawal,81.0,371.6499938964844,40.63999938964844,10,236.39999389648438,577.4099731445312,Churned,Competitor,Competitor made better offer,0.82,82.0,1,High,"Offer an incentive to move to a long-term contract | Offer a personalized pricing or loyalty discount | Offer priority/premium customer support. Key signals: month-to-month contract, high monthly charge, premium support not active.",High
72666-JAM,Female,56,No,Jammu & Kashmir,12,11,Deal 5,Yes,No,Yes,DSL,No,No,No,Yes,No,No,No,Yes,Month-to-Month,Yes,Credit Card,50.79999923706055,202.3000030517578,0.0,0,7.519999980926514,209.82000732421875,Stayed,Others,Others,0.75,75.0,1,High,"Offer an incentive to move to a long-term contract | Offer an early-tenure loyalty benefit. Key signals: month-to-month contract, short customer tenure.",High
72667-HAR,Female,19,No,Haryana,15,5,None,Yes,No,Yes,Cable,No,No,Yes,No,No,No,Yes,Yes,Month-to-Month,No,Bank Withdrawal,48.95000076293945,48.95000076293945,0.0,0,34.400001525878906,83.3499984741211,Churned,Competitor,Competitor offered higher download speeds,0.98,98.0,1,High,"Offer an incentive to move to a long-term contract | Offer an early-tenure loyalty benefit | Offer priority/premium customer support. Key signals: month-to-month contract, short customer tenure, premium support not active.",High
72700-UTT,Male,77,No,Uttarakhand,13,31,Deal 5,Yes,No,Yes,Fiber Optic,No,No,No,No,Yes,No,No,Yes,Month-to-Month,Yes,Bank Withdrawal,80.4000015258789,224.0500030517578,0.0,0,9.869999885559082,233.9199981689453,Churned,Attitude,Attitude of service provider,0.91,91.0,1,High,"Offer an incentive to move to a long-term contract | Offer a personalized pricing or loyalty discount | Offer priority/premium customer support. Key signals: month-to-month contract, high monthly charge, premium support not active.",High
72746-AND,Male,47,Yes,Andhra Pradesh,6,15,Deal 4,Yes,No,Yes,Fiber Optic,No,Yes,Yes,No,No,Yes,Yes,Yes,Month-to-Month,Yes,Credit Card,90.94999694824219,1612.199951171875,0.0,0,594.6599731445312,2206.860107421875,Stayed,Others,Others,0.55,55.0,1,Medium,"Offer an incentive to move to a long-term contract | Offer a personalized pricing or loyalty discount | Offer priority/premium customer support. Key signals: month-to-month contract, high monthly charge, premium support not active.",Medium
72784-UTT,Female,28,No,Uttar Pradesh,4,33,Deal 5,Yes,No,Yes,Fiber Optic,No,No,No,No,No,No,No,Yes,Month-to-Month,No,Bank Withdrawal,70.0,153.0500030517578,0.0,0,75.5199966430664,228.57000732421875,Churned,Other,Moved,0.95,95.0,1,High,"Offer an incentive to move to a long-term contract | Offer priority/premium customer support | Offer a service review or upgrade consultation. Key signals: month-to-month contract, premium support not active, fiber service customer.",High
72817-AND,Female,27,Yes,Andhra Pradesh,3,21,Deal 4,Yes,Yes,Yes,Fiber Optic,Yes,No,No,No,No,No,No,Yes,Month-to-Month,Yes,Bank Withdrawal,79.0,929.2999877929688,0.0,0,110.66000366210938,1039.9599609375,Stayed,Others,Others,0.5,50.0,1,Medium,"Offer an incentive to move to a long-term contract | Offer priority/premium customer support | Offer a service review or upgrade consultation. Key signals: month-to-month contract, premium support not active, fiber service customer.",Medium
76984-MAD,Female,49,Yes,Madhya Pradesh,15,22,Deal 4,Yes,Yes,Yes,Fiber Optic,No,Yes,No,No,Yes,Yes,Yes,Yes,Month-to-Month,Yes,Bank Withdrawal,99.94999694824219,1931.75,0.0,0,41.61000061035156,1973.3599853515625,Churned,Competitor,Competitor had better devices,0.61,61.0,1,Medium,"Offer an incentive to move to a long-term contract | Offer a personalized pricing or loyalty discount | Offer priority/premium customer support. Key signals: month-to-month contract, high monthly charge, premium support not active.",Medium
77099-KAR,Female,19,No,Karnataka,11,1,Deal 5,Yes,No,Yes,Cable,No,Yes,Yes,No,No,No,Yes,Yes,Month-to-Month,Yes,Mailed Check,56.150001525878906,168.14999389648438,0.0,0,87.87000274658203,256.0199890136719,Churned,Competitor,Competitor had better devices,0.62,62.0,1,Medium,"Offer an incentive to move to a long-term contract | Offer an early-tenure loyalty benefit | Offer priority/premium customer support. Key signals: month-to-month contract, short customer tenure, premium support not active.",Medium
77101-RAJ,Female,26,No,Rajasthan,4,33,None,Yes,No,Yes,Fiber Optic,No,Yes,No,No,No,Yes,Yes,Yes,Month-to-Month,Yes,Credit Card,85.94999694824219,514.5999755859375,0.0,0,243.83999633789062,758.4400024414062,Stayed,Others,Others,0.63,63.0,1,Medium,"Offer an incentive to move to a long-term contract | Offer a personalized pricing or loyalty discount | Offer priority/premium customer support. Key signals: month-to-month contract, high monthly charge, premium support not active.",Medium
81650-UTT,Male,46,No,Uttar Pradesh,5,22,Deal 5,Yes,Yes,Yes,Fiber Optic,No,Yes,Yes,No,Yes,Yes,Yes,Yes,Month-to-Month,Yes,Bank Withdrawal,105.3499984741211,323.25,0.0,0,41.4900016784668,364.739990234375,Churned,Dissatisfaction,Poor expertise of online support,0.94,94.0,1,High,"Offer an incentive to move to a long-term contract | Offer a personalized pricing or loyalty discount | Offer priority/premium customer support. Key signals: month-to-month contract, high monthly charge, premium support not active.",High
81710-TAM,Male,73,No,Tamil Nadu,7,2,None,Yes,Yes,Yes,Fiber Optic,No,No,Yes,No,Yes,Yes,No,Yes,Month-to-Month,No,Bank Withdrawal,101.3499984741211,780.5,0.0,0,351.8399963378906,1132.3399658203125,Churned,Attitude,Attitude of support person,0.76,76.0,1,High,"Offer an incentive to move to a long-term contract | Offer a personalized pricing or loyalty discount | Offer an early-tenure loyalty benefit. Key signals: month-to-month contract, high monthly charge, short customer tenure.",High
81940-MAH,Female,63,No,Maharashtra,9,5,None,Yes,Yes,Yes,Fiber Optic,Yes,No,No,No,Yes,No,No,Yes,Month-to-Month,Yes,Bank Withdrawal,90.05000305175781,2169.800048828125,27.3799991607666,0,81.6500015258789,2224.070068359375,Churned,Competitor,Competitor offered higher download speeds,0.56,56.0,1,Medium,"Offer an incentive to move to a long-term contract | Offer a personalized pricing or loyalty discount | Offer an early-tenure loyalty benefit. Key signals: month-to-month contract, high monthly charge, short customer tenure.",Medium
81946-TAM,Female,55,Yes,Tamil Nadu,7,3,None,Yes,No,Yes,Fiber Optic,No,Yes,No,No,Yes,No,No,Yes,Month-to-Month,Yes,Bank Withdrawal,83.19999694824219,1130.0,0.0,0,156.4499969482422,1286.449951171875,Stayed,Others,Others,0.74,74.0,1,High,"Offer an incentive to move to a long-term contract | Offer a personalized pricing or loyalty discount | Offer an early-tenure loyalty benefit. Key signals: month-to-month contract, high monthly charge, short customer tenure.",High
82267-JHA,Female,33,No,Jharkhand,12,7,None,No,No,Yes,DSL,No,No,No,No,Yes,Yes,Yes,No,Month-to-Month,Yes,Bank Withdrawal,45.25,85.5,0.0,10,0.0,95.5,Churned,Dissatisfaction,Product dissatisfaction,0.99,99.0,1,High,"Offer an incentive to move to a long-term contract | Offer an early-tenure loyalty benefit | Offer priority/premium customer support. Key signals: month-to-month contract, short customer tenure, premium support not active.",High
85763-TEL,Male,36,No,Telangana,11,13,None,Yes,Yes,Yes,Fiber Optic,No,No,No,No,Yes,Yes,Yes,Yes,Month-to-Month,Yes,Bank Withdrawal,95.0999984741211,2162.60009765625,0.0,0,245.3000030517578,2407.89990234375,Stayed,Others,Others,0.7,70.0,1,High,"Offer an incentive to move to a long-term contract | Offer a personalized pricing or loyalty discount | Offer priority/premium customer support. Key signals: month-to-month contract, high monthly charge, premium support not active.",High
85778-ODI,Male,63,No,Odisha,9,24,None,Yes,No,Yes,Fiber Optic,No,Yes,No,No,No,No,No,Yes,Month-to-Month,Yes,Bank Withdrawal,76.44999694824219,1233.4000244140625,0.0,0,17.850000381469727,1251.25,Churned,Competitor,Competitor had better devices,0.59,59.0,1,Medium,"Offer an incentive to move to a long-term contract | Offer priority/premium customer support | Offer a service review or upgrade consultation. Key signals: month-to-month contract, premium support not active, fiber service customer.",Medium
85923-PUN,Female,66,No,Punjab,10,31,Deal 3,Yes,Yes,Yes,Fiber Optic,No,No,Yes,No,Yes,No,No,Yes,Month-to-Month,Yes,Credit Card,88.94999694824219,2072.75,0.0,0,1058.1600341796875,3130.909912109375,Stayed,Others,Others,0.52,52.0,1,Medium,"Offer an incentive to move to a long-term contract | Offer a personalized pricing or loyalty discount | Offer priority/premium customer support. Key signals: month-to-month contract, high monthly charge, premium support not active.",Medium
85928-AND,Female,26,No,Andhra Pradesh,3,32,Deal 5,Yes,No,Yes,Fiber Optic,No,Yes,No,No,Yes,Yes,Yes,Yes,Month-to-Month,Yes,Bank Withdrawal,94.25,669.0,0.0,0,84.3499984741211,753.3499755859375,Churned,Dissatisfaction,Network reliability,0.6,60.0,1,Medium,"Offer an incentive to move to a long-term contract | Offer a personalized pricing or loyalty discount | Offer priority/premium customer support. Key signals: month-to-month contract, high monthly charge, premium support not active.",Medium
85946-WES,Female,81,Yes,West Bengal,4,30,None,Yes,No,Yes,Fiber Optic,Yes,No,No,No,No,Yes,Yes,Yes,Month-to-Month,No,Bank Withdrawal,85.0,3969.39990234375,0.0,0,1691.8800048828125,5661.27978515625,Churned,Attitude,Attitude of support person,0.57,57.0,1,Medium,"Offer an incentive to move to a long-term contract | Offer a personalized pricing or loyalty discount | Offer priority/premium customer support. Key signals: month-to-month contract, high monthly charge, premium support not active.",Medium
85993-KAR,Female,42,Yes,Karnataka,11,1,Deal 5,Yes,No,Yes,Fiber Optic,No,No,No,No,No,No,No,Yes,Month-to-Month,No,Mailed Check,70.9000015258789,70.9000015258789,0.0,0,39.810001373291016,110.70999908447266,Churned,Competitor,Competitor had better devices,1.0,100.0,1,High,"Offer an incentive to move to a long-term contract | Offer an early-tenure loyalty benefit | Offer priority/premium customer support. Key signals: month-to-month contract, short customer tenure, premium support not active.",High
89920-KER,Male,22,Yes,Kerala,0,9,Deal 5,No,No,Yes,DSL,No,No,Yes,No,Yes,Yes,Yes,Yes,Month-to-Month,Yes,Bank Withdrawal,49.25,90.3499984741211,0.0,0,0.0,90.3499984741211,Churned,Dissatisfaction,Limited range of services,0.99,99.0,1,High,"Offer an incentive to move to a long-term contract | Offer an early-tenure loyalty benefit | Offer priority/premium customer support. Key signals: month-to-month contract, short customer tenure, premium support not active.",High
89938-JAM,Female,35,No,Jammu & Kashmir,9,27,Deal 5,Yes,No,Yes,Fiber Optic,No,No,Yes,No,No,No,No,Yes,Month-to-Month,Yes,Bank Withdrawal,75.80000305175781,160.75,0.0,0,48.619998931884766,209.3699951171875,Churned,Competitor,Competitor had better devices,0.98,98.0,1,High,"Offer an incentive to move to a long-term contract | Offer priority/premium customer support | Offer a service review or upgrade consultation. Key signals: month-to-month contract, premium support not active, fiber service customer.",High
89942-UTT,Female,28,No,Uttar Pradesh,1,26,None,Yes,Yes,Yes,Fiber Optic,No,No,No,No,No,No,No,Yes,Month-to-Month,Yes,Bank Withdrawal,75.4000015258789,1189.4000244140625,0.0,0,413.2799987792969,1602.6800537109375,Stayed,Others,Others,0.52,52.0,1,Medium,"Offer an incentive to move to a long-term contract | Offer priority/premium customer support | Offer a service review or upgrade consultation. Key signals: month-to-month contract, premium support not active, fiber service customer.",Medium
91027-CHH,Male,42,No,Chhattisgarh,4,20,None,Yes,Yes,Yes,Fiber Optic,No,No,No,No,Yes,Yes,Yes,Yes,Month-to-Month,Yes,Bank Withdrawal,94.69999694824219,2362.10009765625,0.0,0,872.0,3234.10009765625,Churned,Competitor,Competitor had better devices,0.59,59.0,1,Medium,"Offer an incentive to move to a long-term contract | Offer a personalized pricing or loyalty discount | Offer priority/premium customer support. Key signals: month-to-month contract, high monthly charge, premium support not active.",Medium
95169-GUJ,Female,43,No,Gujarat,1,13,Deal 5,Yes,No,Yes,Fiber Optic,No,No,No,No,No,No,No,No,Month-to-Month,Yes,Mailed Check,69.4000015258789,69.4000015258789,0.0,10,33.459999084472656,112.86000061035156,Churned,Competitor,Competitor had better devices,1.0,100.0,1,High,"Offer an incentive to move to a long-term contract | Offer priority/premium customer support | Offer a service review or upgrade consultation. Key signals: month-to-month contract, premium support not active, fiber service customer.",High
95287-TAM,Male,72,Yes,Tamil Nadu,2,28,Deal 2,Yes,Yes,Yes,Fiber Optic,No,Yes,Yes,No,Yes,Yes,No,Yes,Month-to-Month,Yes,Bank Withdrawal,104.3499984741211,6578.5498046875,0.0,0,558.3499755859375,7136.89990234375,Stayed,Others,Others,0.57,57.0,1,Medium,"Offer an incentive to move to a long-term contract | Offer a personalized pricing or loyalty discount | Offer priority/premium customer support. Key signals: month-to-month contract, high monthly charge, premium support not active.",Medium
95288-JHA,Female,75,Yes,Jharkhand,3,14,None,Yes,No,Yes,Fiber Optic,No,No,Yes,No,No,No,No,Yes,Month-to-Month,Yes,Bank Withdrawal,74.30000305175781,940.3499755859375,0.0,0,524.8099975585938,1465.1600341796875,Churned,Competitor,Competitor had better devices,0.76,76.0,1,High,"Offer an incentive to move to a long-term contract | Offer priority/premium customer support | Offer a service review or upgrade consultation. Key signals: month-to-month contract, premium support not active, fiber service customer.",High
95305-BIH,Male,72,No,Bihar,15,31,Deal 2,Yes,Yes,Yes,Fiber Optic,No,Yes,Yes,Yes,Yes,Yes,No,Yes,Month-to-Month,Yes,Bank Withdrawal,110.75,4687.89990234375,0.0,0,624.3599853515625,5312.259765625,Churned,Competitor,Competitor made better offer,0.54,54.0,1,Medium,"Offer an incentive to move to a long-term contract | Offer a personalized pricing or loyalty discount | Offer a service review or upgrade consultation. Key signals: month-to-month contract, high monthly charge, fiber service customer.",Medium
95331-UTT,Male,76,Yes,Uttarakhand,11,25,Deal 5,Yes,No,Yes,DSL,No,Yes,No,No,No,No,No,Yes,Month-to-Month,No,Credit Card,50.150001525878906,115.0999984741211,0.0,0,13.720000267028809,128.82000732421875,Churned,Competitor,Competitor had better devices,0.87,87.0,1,High,"Offer an incentive to move to a long-term contract | Offer priority/premium customer support. Key signals: month-to-month contract, premium support not active.",High
95445-AND,Female,35,No,Andhra Pradesh,3,10,Deal 5,No,No,Yes,DSL,No,Yes,No,No,No,No,No,No,Month-to-Month,Yes,Bank Withdrawal,29.950000762939453,248.9499969482422,0.0,10,0.0,258.95001220703125,Churned,Competitor,Competitor offered more data,0.52,52.0,1,Medium,"Offer an incentive to move to a long-term contract | Offer an early-tenure loyalty benefit | Offer priority/premium customer support. Key signals: month-to-month contract, short customer tenure, premium support not active.",Medium
98812-MAH,Male,57,Yes,Maharashtra,3,10,Deal 5,No,No,Yes,DSL,No,Yes,No,No,No,No,No,Yes,Month-to-Month,No,Bank Withdrawal,29.950000762939453,29.950000762939453,0.0,0,0.0,29.950000762939453,Churned,Competitor,Competitor had better devices,1.0,100.0,1,High,"Offer an incentive to move to a long-term contract | Offer an early-tenure loyalty benefit | Offer priority/premium customer support. Key signals: month-to-month contract, short customer tenure, premium support not active.",High
98901-KAR,Female,52,No,Karnataka,12,30,None,Yes,No,Yes,Fiber Optic,No,No,No,No,No,No,No,Yes,Month-to-Month,No,Bank Withdrawal,70.5,70.5,0.0,0,41.38999938964844,111.88999938964844,Churned,Competitor,Competitor offered higher download speeds,1.0,100.0,1,High,"Offer an incentive to move to a long-term contract | Offer priority/premium customer support | Offer a service review or upgrade consultation. Key signals: month-to-month contract, premium support not active, fiber service customer.",High
13079-JAM,Female,19,No,Jammu & Kashmir,10,8,Deal 5,Yes,No,Yes,Fiber Optic,No,No,No,No,Yes,Yes,Yes,Yes,Month-to-Month,Yes,Credit Card,88.4000015258789,788.5999755859375,0.0,0,319.04998779296875,1107.6500244140625,Stayed,Others,Others,0.69,69.0,1,Medium,"Offer an incentive to move to a long-term contract | Offer a personalized pricing or loyalty discount | Offer an early-tenure loyalty benefit. Key signals: month-to-month contract, high monthly charge, short customer tenure.",Medium
13086-KAR,Female,29,No,Karnataka,14,20,Deal 5,Yes,No,Yes,DSL,No,No,No,No,No,No,Yes,Yes,Month-to-Month,Yes,Bank Withdrawal,45.099998474121094,45.099998474121094,0.0,0,11.0600004196167,56.15999984741211,Churned,Other,Don't know,0.99,99.0,1,High,"Offer an incentive to move to a long-term contract | Offer priority/premium customer support. Key signals: month-to-month contract, premium support not active.",High
13096-AND,Male,53,Yes,Andhra Pradesh,8,32,None,Yes,Yes,Yes,Fiber Optic,No,No,No,No,No,Yes,Yes,No,Month-to-Month,Yes,Bank Withdrawal,83.3499984741211,2757.85009765625,0.0,40,669.5700073242188,3467.419921875,Churned,Price,Price too high,0.53,53.0,1,Medium,"Offer an incentive to move to a long-term contract | Offer a personalized pricing or loyalty discount | Offer priority/premium customer support. Key signals: month-to-month contract, high monthly charge, premium support not active.",Medium
13179-MAD,Male,80,Yes,Madhya Pradesh,8,24,None,Yes,Yes,Yes,Fiber Optic,No,Yes,No,No,Yes,Yes,Yes,Yes,Month-to-Month,Yes,Bank Withdrawal,98.25,560.5999755859375,0.0,0,284.1000061035156,844.7000122070312,Churned,Attitude,Attitude of support person,0.82,82.0,1,High,"Offer an incentive to move to a long-term contract | Offer a personalized pricing or loyalty discount | Offer priority/premium customer support. Key signals: month-to-month contract, high monthly charge, premium support not active.",High
14319-TAM,Male,69,Yes,Tamil Nadu,13,15,Deal 5,Yes,No,Yes,Cable,Yes,No,Yes,No,No,No,No,Yes,Month-to-Month,Yes,Bank Withdrawal,55.79999923706055,55.79999923706055,0.0,0,26.219999313354492,82.0199966430664,Churned,Dissatisfaction,Service dissatisfaction,0.99,99.0,1,High,"Offer an incentive to move to a long-term contract | Offer priority/premium customer support. Key signals: month-to-month contract, premium support not active.",High
14373-RAJ,Male,69,Yes,Rajasthan,4,31,None,Yes,No,Yes,Fiber Optic,No,No,No,No,No,Yes,Yes,Yes,Month-to-Month,Yes,Credit Card,80.8499984741211,80.8499984741211,0.0,0,14.90999984741211,95.76000213623047,Churned,Competitor,Competitor had better devices,1.0,100.0,1,High,"Offer an incentive to move to a long-term contract | Offer a personalized pricing or loyalty discount | Offer priority/premium customer support. Key signals: month-to-month contract, high monthly charge, premium support not active.",High
14446-JAM,Female,73,Yes,Jammu & Kashmir,13,32,Deal 5,Yes,Yes,Yes,Fiber Optic,No,No,No,No,No,No,No,Yes,Month-to-Month,Yes,Bank Withdrawal,74.3499984741211,334.79998779296875,0.0,0,228.8000030517578,563.5999755859375,Churned,Dissatisfaction,Product dissatisfaction,0.86,86.0,1,High,"Offer an incentive to move to a long-term contract | Offer priority/premium customer support | Offer a service review or upgrade consultation. Key signals: month-to-month contract, premium support not active, fiber service customer.",High
18034-KER,Male,33,Yes,Kerala,2,15,None,Yes,No,Yes,Fiber Optic,No,No,No,No,No,No,No,Yes,Month-to-Month,Yes,Bank Withdrawal,69.80000305175781,69.80000305175781,0.0,0,11.079999923706055,80.87999725341797,Churned,Dissatisfaction,Service dissatisfaction,1.0,100.0,1,High,"Offer an incentive to move to a long-term contract | Offer priority/premium customer support | Offer a service review or upgrade consultation. Key signals: month-to-month contract, premium support not active, fiber service customer.",High
18036-TAM,Male,34,No,Tamil Nadu,8,13,None,Yes,No,Yes,DSL,No,No,Yes,No,No,No,No,Yes,Month-to-Month,Yes,Bank Withdrawal,50.5,50.5,0.0,0,39.58000183105469,90.08000183105469,Churned,Competitor,Competitor made better offer,1.0,100.0,1,High,"Offer an incentive to move to a long-term contract | Offer priority/premium customer support | Evaluate eligibility for a value plan. Key signals: month-to-month contract, premium support not active, no value deal assigned.",High
18063-TEL,Female,43,Yes,Telangana,3,18,Deal 4,Yes,No,Yes,Fiber Optic,No,No,No,No,Yes,Yes,Yes,Yes,Month-to-Month,Yes,Bank Withdrawal,92.9000015258789,1337.449951171875,0.0,0,389.20001220703125,1726.6500244140625,Stayed,Others,Others,0.54,54.0,1,Medium,"Offer an incentive to move to a long-term contract | Offer a personalized pricing or loyalty discount | Offer priority/premium customer support. Key signals: month-to-month contract, high monthly charge, premium support not active.",Medium
18064-MAH,Female,21,Yes,Maharashtra,4,10,None,Yes,Yes,Yes,Fiber Optic,No,No,No,No,Yes,Yes,Yes,Yes,Month-to-Month,No,Bank Withdrawal,96.19999694824219,639.7000122070312,0.0,0,321.510009765625,961.2100219726562,Stayed,Others,Others,0.58,58.0,1,Medium,"Offer an incentive to move to a long-term contract | Offer a personalized pricing or loyalty discount | Offer an early-tenure loyalty benefit. Key signals: month-to-month contract, high monthly charge, short customer tenure.",Medium
18228-AND,Female,32,Yes,Andhra Pradesh,6,21,None,Yes,No,Yes,DSL,Yes,No,No,No,No,No,No,Yes,Month-to-Month,Yes,Credit Card,48.54999923706055,48.54999923706055,0.0,0,11.350000381469727,59.900001525878906,Churned,Attitude,Attitude of support person,0.97,97.0,1,High,"Offer an incentive to move to a long-term contract | Offer priority/premium customer support | Evaluate eligibility for a value plan. Key signals: month-to-month contract, premium support not active, no value deal assigned.",High
18238-JAM,Female,69,Yes,Jammu & Kashmir,1,14,Deal 4,Yes,Yes,Yes,Fiber Optic,No,Yes,No,No,No,Yes,Yes,Yes,Month-to-Month,Yes,Bank Withdrawal,90.9000015258789,1259.0,0.0,0,190.9600067138672,1449.9599609375,Churned,Competitor,Competitor made better offer,0.8,80.0,1,High,"Offer an incentive to move to a long-term contract | Offer a personalized pricing or loyalty discount | Offer priority/premium customer support. Key signals: month-to-month contract, high monthly charge, premium support not active.",High
24721-MAH,Female,61,No,Maharashtra,2,1,Deal 5,Yes,No,No,None,No,No,No,No,No,No,No,No,Month-to-Month,Yes,Credit Card,20.200000762939453,20.200000762939453,0.0,0,48.25,68.44999694824219,Churned,Price,Long distance charges,0.96,96.0,1,High,"Offer an incentive to move to a long-term contract | Offer an early-tenure loyalty benefit | Offer priority/premium customer support. Key signals: month-to-month contract, short customer tenure, premium support not active.",High
24757-UTT,Female,32,No,Uttar Pradesh,9,1,Deal 5,Yes,No,Yes,Cable,No,No,No,No,No,No,Yes,No,Month-to-Month,No,Bank Withdrawal,46.04999923706055,80.3499984741211,0.0,10,59.380001068115234,149.72999572753906,Churned,Attitude,Attitude of service provider,0.94,94.0,1,High,"Offer an incentive to move to a long-term contract | Offer an early-tenure loyalty benefit | Offer priority/premium customer support. Key signals: month-to-month contract, short customer tenure, premium support not active.",High
24768-UTT,Female,30,No,Uttar Pradesh,15,6,None,Yes,No,Yes,Fiber Optic,Yes,No,No,No,No,No,No,Yes,Month-to-Month,No,Mailed Check,75.30000305175781,75.30000305175781,0.0,0,4.130000114440918,79.43000030517578,Churned,Competitor,Competitor had better devices,0.98,98.0,1,High,"Offer an incentive to move to a long-term contract | Offer an early-tenure loyalty benefit | Offer priority/premium customer support. Key signals: month-to-month contract, short customer tenure, premium support not active.",High
24881-HAR,Female,47,Yes,Haryana,7,33,None,Yes,Yes,Yes,Cable,No,No,Yes,No,Yes,Yes,Yes,Yes,Month-to-Month,Yes,Bank Withdrawal,97.8499984741211,1105.4000244140625,0.0,0,303.2699890136719,1408.6700439453125,Churned,Competitor,Competitor offered more data,0.77,77.0,1,High,"Offer an incentive to move to a long-term contract | Offer a personalized pricing or loyalty discount | Offer priority/premium customer support. Key signals: month-to-month contract, high monthly charge, premium support not active.",High
25268-TAM,Male,67,Yes,Tamil Nadu,15,21,Deal 5,Yes,No,Yes,Fiber Optic,No,No,No,No,No,No,No,Yes,Month-to-Month,Yes,Bank Withdrawal,68.94999694824219,68.94999694824219,0.0,0,21.649999618530273,90.5999984741211,Churned,Dissatisfaction,Limited range of services,1.0,100.0,1,High,"Offer an incentive to move to a long-term contract | Offer priority/premium customer support | Offer a service review or upgrade consultation. Key signals: month-to-month contract, premium support not active, fiber service customer.",High
25282-RAJ,Male,63,No,Rajasthan,0,4,Deal 4,Yes,No,Yes,Fiber Optic,No,No,Yes,No,Yes,Yes,Yes,Yes,Month-to-Month,No,Bank Withdrawal,97.0,1334.449951171875,0.0,0,572.6500244140625,1907.0999755859375,Stayed,Others,Others,0.51,51.0,1,Medium,"Offer an incentive to move to a long-term contract | Offer a personalized pricing or loyalty discount | Offer an early-tenure loyalty benefit. Key signals: month-to-month contract, high monthly charge, short customer tenure.",Medium
25421-PUD,Female,19,No,Puducherry,2,12,Deal 5,Yes,No,Yes,Fiber Optic,No,Yes,No,No,No,No,Yes,Yes,Month-to-Month,Yes,Bank Withdrawal,74.69999694824219,74.69999694824219,0.0,0,44.11000061035156,118.80999755859375,Churned,Competitor,Competitor offered more data,0.99,99.0,1,High,"Offer an incentive to move to a long-term contract | Offer priority/premium customer support | Offer a service review or upgrade consultation. Key signals: month-to-month contract, premium support not active, fiber service customer.",High
25448-PUN,Male,54,No,Punjab,6,8,None,Yes,No,Yes,Fiber Optic,No,No,No,No,No,No,No,No,Month-to-Month,Yes,Bank Withdrawal,69.80000305175781,69.80000305175781,0.0,10,22.860000610351562,102.66000366210938,Churned,Dissatisfaction,Network reliability,0.99,99.0,1,High,"Offer an incentive to move to a long-term contract | Offer an early-tenure loyalty benefit | Offer priority/premium customer support. Key signals: month-to-month contract, short customer tenure, premium support not active.",High
29403-UTT,Male,59,Yes,Uttar Pradesh,14,23,None,Yes,No,Yes,Fiber Optic,No,No,No,No,No,No,No,Yes,Month-to-Month,Yes,Credit Card,70.3499984741211,2552.89990234375,0.0,0,1067.0799560546875,3619.97998046875,Stayed,Others,Others,0.5,50.0,1,Medium,"Offer an incentive to move to a long-term contract | Offer priority/premium customer support | Offer a service review or upgrade consultation. Key signals: month-to-month contract, premium support not active, fiber service customer.",Medium
29412-ASS,Female,27,Yes,Assam,12,19,None,Yes,Yes,Yes,Fiber Optic,Yes,No,No,Yes,Yes,Yes,Yes,No,Month-to-Month,No,Bank Withdrawal,106.4000015258789,3211.89990234375,0.0,60,1274.699951171875,4546.60009765625,Stayed,Others,Others,0.51,51.0,1,Medium,"Offer an incentive to move to a long-term contract | Offer a personalized pricing or loyalty discount | Offer a service review or upgrade consultation. Key signals: month-to-month contract, high monthly charge, fiber service customer.",Medium
29416-JAM,Female,28,Yes,Jammu & Kashmir,15,5,None,Yes,Yes,Yes,Fiber Optic,No,No,Yes,No,Yes,No,Yes,Yes,Month-to-Month,Yes,Mailed Check,89.8499984741211,2165.050048828125,0.0,0,671.280029296875,2836.330078125,Churned,Competitor,Competitor made better offer,0.6,60.0,1,Medium,"Offer an incentive to move to a long-term contract | Offer a personalized pricing or loyalty discount | Offer an early-tenure loyalty benefit. Key signals: month-to-month contract, high monthly charge, short customer tenure.",Medium
29432-TEL,Female,68,No,Telangana,2,8,None,Yes,No,Yes,Fiber Optic,No,No,Yes,No,No,Yes,No,Yes,Month-to-Month,Yes,Bank Withdrawal,85.0,85.0,0.0,0,42.5,127.5,Churned,Dissatisfaction,Network reliability,1.0,100.0,1,High,"Offer an incentive to move to a long-term contract | Offer a personalized pricing or loyalty discount | Offer an early-tenure loyalty benefit. Key signals: month-to-month contract, high monthly charge, short customer tenure.",High
33799-CHH,Female,23,No,Chhattisgarh,10,2,Deal 5,Yes,No,Yes,Fiber Optic,No,Yes,No,Yes,Yes,No,Yes,Yes,Month-to-Month,No,Bank Withdrawal,91.69999694824219,91.69999694824219,0.0,0,17.229999542236328,108.93000030517578,Churned,Attitude,Attitude of service provider,0.95,95.0,1,High,"Offer an incentive to move to a long-term contract | Offer a personalized pricing or loyalty discount | Offer an early-tenure loyalty benefit. Key signals: month-to-month contract, high monthly charge, short customer tenure.",High
33855-HAR,Female,25,No,Haryana,10,16,None,No,No,Yes,DSL,No,Yes,No,No,No,No,No,Yes,Month-to-Month,No,Bank Withdrawal,30.200000762939453,30.200000762939453,0.0,0,0.0,30.200000762939453,Churned,Competitor,Competitor had better devices,0.97,97.0,1,High,"Offer an incentive to move to a long-term contract | Offer priority/premium customer support | Evaluate eligibility for a value plan. Key signals: month-to-month contract, premium support not active, no value deal assigned.",High
33911-TEL,Female,47,No,Telangana,12,1,None,Yes,No,Yes,Fiber Optic,No,No,No,No,Yes,Yes,Yes,Yes,Month-to-Month,Yes,Bank Withdrawal,88.8499984741211,929.4500122070312,0.0,0,327.6000061035156,1257.050048828125,Stayed,Others,Others,0.67,67.0,1,Medium,"Offer an incentive to move to a long-term contract | Offer a personalized pricing or loyalty discount | Offer an early-tenure loyalty benefit. Key signals: month-to-month contract, high monthly charge, short customer tenure.",Medium
33916-JAM,Female,39,Yes,Jammu & Kashmir,7,21,None,Yes,No,Yes,Fiber Optic,No,No,No,No,No,Yes,Yes,Yes,Month-to-Month,Yes,Bank Withdrawal,80.25,846.0,0.0,0,271.0,1117.0,Churned,Competitor,Competitor made better offer,0.75,75.0,1,High,"Offer an incentive to move to a long-term contract | Offer a personalized pricing or loyalty discount | Offer priority/premium customer support. Key signals: month-to-month contract, high monthly charge, premium support not active.",High
33928-MAH,Female,70,No,Maharashtra,11,18,None,Yes,Yes,Yes,Fiber Optic,No,No,Yes,No,No,Yes,Yes,Yes,Month-to-Month,Yes,Bank Withdrawal,88.55000305175781,179.25,0.0,0,43.13999938964844,222.38999938964844,Churned,Competitor,Competitor had better devices,0.92,92.0,1,High,"Offer an incentive to move to a long-term contract | Offer a personalized pricing or loyalty discount | Offer priority/premium customer support. Key signals: month-to-month contract, high monthly charge, premium support not active.",High
34005-UTT,Female,74,Yes,Uttar Pradesh,2,35,Deal 3,Yes,Yes,Yes,Fiber Optic,No,No,No,No,Yes,Yes,No,No,Month-to-Month,Yes,Bank Withdrawal,95.6500015258789,3759.050048828125,0.0,150,1635.27001953125,5544.31982421875,Churned,Other,Don't know,0.74,74.0,1,High,"Offer an incentive to move to a long-term contract | Offer a personalized pricing or loyalty discount | Offer priority/premium customer support. Key signals: month-to-month contract, high monthly charge, premium support not active.",High
37453-JAM,Male,73,No,Jammu & Kashmir,13,2,Deal 3,Yes,No,Yes,Cable,No,No,Yes,No,Yes,Yes,Yes,Yes,Month-to-Month,Yes,Bank Withdrawal,93.1500015258789,2231.050048828125,0.0,0,386.3999938964844,2617.449951171875,Churned,Competitor,Competitor made better offer,0.66,66.0,1,Medium,"Offer an incentive to move to a long-term contract | Offer a personalized pricing or loyalty discount | Offer an early-tenure loyalty benefit. Key signals: month-to-month contract, high monthly charge, short customer tenure.",Medium
37529-MAH,Female,72,No,Maharashtra,6,4,None,Yes,Yes,Yes,Fiber Optic,No,No,No,No,No,No,No,Yes,Month-to-Month,Yes,Bank Withdrawal,77.0,237.75,0.0,0,145.02000427246094,382.7699890136719,Churned,Competitor,Competitor had better devices,0.89,89.0,1,High,"Offer an incentive to move to a long-term contract | Offer an early-tenure loyalty benefit | Offer priority/premium customer support. Key signals: month-to-month contract, short customer tenure, premium support not active.",High
37569-KER,Male,34,Yes,Kerala,9,32,Deal 5,Yes,Yes,Yes,Fiber Optic,Yes,No,No,No,No,Yes,Yes,Yes,Month-to-Month,Yes,Bank Withdrawal,89.1500015258789,413.25,0.0,0,78.69999694824219,491.95001220703125,Stayed,Others,Others,0.56,56.0,1,Medium,"Offer an incentive to move to a long-term contract | Offer a personalized pricing or loyalty discount | Offer priority/premium customer support. Key signals: month-to-month contract, high monthly charge, premium support not active.",Medium
37577-PUN,Male,70,Yes,Punjab,7,6,None,Yes,No,Yes,DSL,Yes,No,Yes,No,Yes,No,No,Yes,Month-to-Month,No,Bank Withdrawal,66.4000015258789,1286.050048828125,0.0,0,578.3599853515625,1864.4100341796875,Stayed,Others,Others,0.54,54.0,1,Medium,"Offer an incentive to move to a long-term contract | Offer an early-tenure loyalty benefit | Offer priority/premium customer support. Key signals: month-to-month contract, short customer tenure, premium support not active.",Medium
42556-JAM,Male,50,Yes,Jammu & Kashmir,9,27,None,Yes,No,Yes,Fiber Optic,No,No,No,No,No,No,No,Yes,Month-to-Month,Yes,Mailed Check,69.9000015258789,69.9000015258789,0.0,0,4.989999771118164,74.88999938964844,Churned,Competitor,Competitor made better offer,0.99,99.0,1,High,"Offer an incentive to move to a long-term contract | Offer priority/premium customer support | Offer a service review or upgrade consultation. Key signals: month-to-month contract, premium support not active, fiber service customer.",High
42965-UTT,Male,64,No,Uttarakhand,5,33,None,Yes,Yes,Yes,Fiber Optic,No,No,Yes,No,Yes,Yes,No,Yes,Month-to-Month,Yes,Bank Withdrawal,100.05000305175781,4871.0498046875,0.0,0,421.5899963378906,5292.64013671875,Churned,Attitude,Attitude of support person,0.7,70.0,1,High,"Offer an incentive to move to a long-term contract | Offer a personalized pricing or loyalty discount | Offer priority/premium customer support. Key signals: month-to-month contract, high monthly charge, premium support not active.",High
43023-BIH,Male,69,No,Bihar,4,11,None,Yes,Yes,Yes,Fiber Optic,No,No,No,No,Yes,No,No,Yes,Month-to-Month,Yes,Bank Withdrawal,86.05000305175781,86.05000305175781,0.0,0,38.779998779296875,124.83000183105469,Churned,Competitor,Competitor had better devices,0.99,99.0,1,High,"Offer an incentive to move to a long-term contract | Offer a personalized pricing or loyalty discount | Offer an early-tenure loyalty benefit. Key signals: month-to-month contract, high monthly charge, short customer tenure.",High
43073-UTT,Male,73,No,Uttar Pradesh,1,11,None,Yes,Yes,Yes,Fiber Optic,No,Yes,Yes,No,Yes,Yes,No,Yes,Month-to-Month,No,Bank Withdrawal,106.3499984741211,3520.75,0.0,0,253.44000244140625,3774.18994140625,Churned,Other,Moved,0.66,66.0,1,Medium,"Offer an incentive to move to a long-term contract | Offer a personalized pricing or loyalty discount | Offer an early-tenure loyalty benefit. Key signals: month-to-month contract, high monthly charge, short customer tenure.",Medium
47952-JHA,Female,18,No,Jharkhand,6,5,None,Yes,No,Yes,Fiber Optic,Yes,No,No,No,Yes,No,Yes,No,Month-to-Month,No,Bank Withdrawal,86.19999694824219,1270.199951171875,0.0,100,300.45001220703125,1670.6500244140625,Churned,Dissatisfaction,Lack of self-service on Website,0.54,54.0,1,Medium,"Offer an incentive to move to a long-term contract | Offer a personalized pricing or loyalty discount | Offer an early-tenure loyalty benefit. Key signals: month-to-month contract, high monthly charge, short customer tenure.",Medium
47967-TAM,Female,26,Yes,Tamil Nadu,8,32,None,Yes,Yes,Yes,Fiber Optic,No,Yes,Yes,No,No,No,Yes,Yes,Month-to-Month,No,Bank Withdrawal,84.05000305175781,333.54998779296875,0.0,0,166.8800048828125,500.42999267578125,Churned,Competitor,Competitor offered higher download speeds,0.67,67.0,1,Medium,"Offer an incentive to move to a long-term contract | Offer a personalized pricing or loyalty discount | Offer priority/premium customer support. Key signals: month-to-month contract, high monthly charge, premium support not active.",Medium
48001-GUJ,Female,57,No,Gujarat,5,33,None,Yes,Yes,Yes,Fiber Optic,No,Yes,Yes,Yes,Yes,Yes,Yes,Yes,Month-to-Month,Yes,Bank Withdrawal,107.5,3242.5,0.0,0,736.7999877929688,3979.300048828125,Stayed,Others,Others,0.59,59.0,1,Medium,"Offer an incentive to move to a long-term contract | Offer a personalized pricing or loyalty discount | Offer a service review or upgrade consultation. Key signals: month-to-month contract, high monthly charge, fiber service customer.",Medium
48033-MAH,Male,79,No,Maharashtra,1,20,None,Yes,Yes,Yes,Fiber Optic,No,Yes,Yes,No,Yes,Yes,Yes,No,Month-to-Month,Yes,Bank Withdrawal,104.44999694824219,2184.85009765625,0.0,60,1039.8299560546875,3284.679931640625,Stayed,Others,Others,0.76,76.0,1,High,"Offer an incentive to move to a long-term contract | Offer a personalized pricing or loyalty discount | Offer priority/premium customer support. Key signals: month-to-month contract, high monthly charge, premium support not active.",High
48059-AND,Male,50,Yes,Andhra Pradesh,15,15,None,Yes,No,Yes,Fiber Optic,No,No,Yes,Yes,No,Yes,Yes,Yes,Month-to-Month,Yes,Bank Withdrawal,90.4000015258789,356.6499938964844,0.0,0,127.68000030517578,484.3299865722656,Stayed,Others,Others,0.84,84.0,1,High,"Offer an incentive to move to a long-term contract | Offer a personalized pricing or loyalty discount | Offer a service review or upgrade consultation. Key signals: month-to-month contract, high monthly charge, fiber service customer.",High
52976-PUN,Female,72,Yes,Punjab,4,8,None,Yes,Yes,Yes,Fiber Optic,No,No,No,No,No,No,No,Yes,Month-to-Month,Yes,Credit Card,75.05000305175781,256.25,0.0,0,71.45999908447266,327.7099914550781,Churned,Competitor,Competitor had better devices,0.92,92.0,1,High,"Offer an incentive to move to a long-term contract | Offer an early-tenure loyalty benefit | Offer priority/premium customer support. Key signals: month-to-month contract, short customer tenure, premium support not active.",High
53044-ODI,Female,26,Yes,Odisha,1,8,Deal 5,Yes,Yes,Yes,Fiber Optic,No,Yes,No,No,Yes,No,Yes,Yes,Month-to-Month,Yes,Bank Withdrawal,90.80000305175781,455.5,0.0,0,7.449999809265137,462.95001220703125,Churned,Competitor,Competitor offered more data,0.86,86.0,1,High,"Offer an incentive to move to a long-term contract | Offer a personalized pricing or loyalty discount | Offer an early-tenure loyalty benefit. Key signals: month-to-month contract, high monthly charge, short customer tenure.",High
53134-UTT,Male,69,No,Uttar Pradesh,4,25,None,Yes,Yes,Yes,Fiber Optic,No,No,No,No,No,No,No,Yes,Month-to-Month,Yes,Bank Withdrawal,76.05000305175781,231.8000030517578,0.0,0,90.75,322.54998779296875,Churned,Competitor,Competitor had better devices,0.92,92.0,1,High,"Offer an incentive to move to a long-term contract | Offer priority/premium customer support | Offer a service review or upgrade consultation. Key signals: month-to-month contract, premium support not active, fiber service customer.",High
53253-GUJ,Female,44,No,Gujarat,1,36,None,Yes,No,Yes,Fiber Optic,No,Yes,No,No,Yes,No,No,No,Month-to-Month,Yes,Bank Withdrawal,86.0999984741211,2723.75,0.0,130,853.1199951171875,3706.8701171875,Stayed,Others,Others,0.5,50.0,1,Medium,"Offer an incentive to move to a long-term contract | Offer a personalized pricing or loyalty discount | Offer priority/premium customer support. Key signals: month-to-month contract, high monthly charge, premium support not active.",Medium
57326-JAM,Female,24,Yes,Jammu & Kashmir,5,9,None,Yes,No,Yes,Fiber Optic,Yes,No,No,No,No,No,Yes,Yes,Month-to-Month,Yes,Credit Card,73.5999984741211,73.5999984741211,0.0,0,6.190000057220459,79.79000091552734,Churned,Competitor,Competitor made better offer,1.0,100.0,1,High,"Offer an incentive to move to a long-term contract | Offer an early-tenure loyalty benefit | Offer priority/premium customer support. Key signals: month-to-month contract, short customer tenure, premium support not active.",High
57338-TAM,Female,54,No,Tamil Nadu,11,14,Deal 5,Yes,No,Yes,Cable,No,No,No,No,No,No,No,Yes,Month-to-Month,No,Credit Card,43.95000076293945,43.95000076293945,0.0,0,34.47999954223633,78.43000030517578,Churned,Attitude,Attitude of service provider,1.0,100.0,1,High,"Offer an incentive to move to a long-term contract | Offer priority/premium customer support. Key signals: month-to-month contract, premium support not active.",High
57402-PUD,Male,26,No,Puducherry,9,4,None,Yes,Yes,Yes,Fiber Optic,No,No,No,No,No,No,Yes,Yes,Month-to-Month,No,Credit Card,75.0,209.10000610351562,0.0,0,103.47000122070312,312.57000732421875,Churned,Dissatisfaction,Limited range of services,0.88,88.0,1,High,"Offer an incentive to move to a long-term contract | Offer an early-tenure loyalty benefit | Offer priority/premium customer support. Key signals: month-to-month contract, short customer tenure, premium support not active.",High
57405-TAM,Female,49,Yes,Tamil Nadu,12,27,None,Yes,No,Yes,Fiber Optic,No,Yes,No,No,Yes,No,No,Yes,Month-to-Month,Yes,Bank Withdrawal,87.1500015258789,183.75,0.0,0,12.399999618530273,196.14999389648438,Churned,Other,Don't know,0.97,97.0,1,High,"Offer an incentive to move to a long-term contract | Offer a personalized pricing or loyalty discount | Offer priority/premium customer support. Key signals: month-to-month contract, high monthly charge, premium support not active.",High
57417-WES,Female,41,No,West Bengal,6,6,None,No,No,Yes,Cable,No,No,No,No,No,No,No,Yes,Month-to-Month,Yes,Mailed Check,24.450000762939453,24.450000762939453,0.0,0,0.0,24.450000762939453,Churned,Price,Extra data charges,0.95,95.0,1,High,"Offer an incentive to move to a long-term contract | Offer an early-tenure loyalty benefit | Offer priority/premium customer support. Key signals: month-to-month contract, short customer tenure, premium support not active.",High
57456-CHH,Male,72,Yes,Chhattisgarh,15,6,Deal 5,Yes,Yes,Yes,Fiber Optic,No,No,Yes,No,No,No,No,Yes,Month-to-Month,Yes,Bank Withdrawal,78.55000305175781,149.5500030517578,0.0,0,87.91999816894531,237.47000122070312,Churned,Competitor,Competitor made better offer,0.94,94.0,1,High,"Offer an incentive to move to a long-term contract | Offer an early-tenure loyalty benefit | Offer priority/premium customer support. Key signals: month-to-month contract, short customer tenure, premium support not active.",High
57477-WES,Male,74,Yes,West Bengal,6,31,None,Yes,Yes,Yes,Fiber Optic,No,Yes,Yes,No,Yes,Yes,No,Yes,Month-to-Month,Yes,Bank Withdrawal,102.94999694824219,7101.5,15.239999771118164,0,1221.5,8307.759765625,Churned,Competitor,Competitor had better devices,0.57,57.0,1,Medium,"Offer an incentive to move to a long-term contract | Offer a personalized pricing or loyalty discount | Offer priority/premium customer support. Key signals: month-to-month contract, high monthly charge, premium support not active.",Medium
57488-KAR,Female,73,Yes,Karnataka,9,19,Deal 5,No,No,Yes,DSL,No,No,No,No,No,No,No,Yes,Month-to-Month,No,Bank Withdrawal,25.25,25.25,0.0,0,0.0,25.25,Churned,Price,Price too high,0.98,98.0,1,High,"Offer an incentive to move to a long-term contract | Offer priority/premium customer support. Key signals: month-to-month contract, premium support not active.",High
62343-TEL,Female,49,No,Telangana,2,29,Deal 4,Yes,No,Yes,Fiber Optic,No,Yes,No,Yes,No,No,No,Yes,Month-to-Month,Yes,Credit Card,80.05000305175781,1112.300048828125,0.0,0,23.65999984741211,1135.9599609375,Stayed,Others,Others,0.54,54.0,1,Medium,"Offer an incentive to move to a long-term contract | Offer a personalized pricing or loyalty discount | Offer a service review or upgrade consultation. Key signals: month-to-month contract, high monthly charge, fiber service customer.",Medium
62375-JAM,Female,62,Yes,Jammu & Kashmir,3,25,Deal 5,Yes,No,Yes,Fiber Optic,No,No,No,No,Yes,Yes,Yes,Yes,Month-to-Month,Yes,Bank Withdrawal,89.5,573.2999877929688,0.0,0,287.5199890136719,860.8200073242188,Churned,Competitor,Competitor had better devices,0.89,89.0,1,High,"Offer an incentive to move to a long-term contract | Offer a personalized pricing or loyalty discount | Offer priority/premium customer support. Key signals: month-to-month contract, high monthly charge, premium support not active.",High
62386-UTT,Male,44,Yes,Uttar Pradesh,4,26,Deal 5,Yes,No,Yes,Fiber Optic,No,No,No,No,No,No,No,No,Month-to-Month,No,Bank Withdrawal,70.0,70.0,0.0,10,19.149999618530273,99.1500015258789,Churned,Other,Don't know,0.99,99.0,1,High,"Offer an incentive to move to a long-term contract | Offer priority/premium customer support | Offer a service review or upgrade consultation. Key signals: month-to-month contract, premium support not active, fiber service customer.",High
62464-MAD,Female,46,No,Madhya Pradesh,6,8,None,Yes,No,No,None,No,No,No,No,No,No,No,No,Month-to-Month,Yes,Mailed Check,20.5,20.5,0.0,0,34.56999969482422,55.06999969482422,Churned,Price,Long distance charges,0.94,94.0,1,High,"Offer an incentive to move to a long-term contract | Offer an early-tenure loyalty benefit | Offer priority/premium customer support. Key signals: month-to-month contract, short customer tenure, premium support not active.",High
62467-ASS,Female,33,Yes,Assam,6,10,None,Yes,No,Yes,Fiber Optic,Yes,Yes,Yes,No,Yes,Yes,Yes,Yes,Month-to-Month,Yes,Bank Withdrawal,104.4000015258789,1081.449951171875,0.0,0,83.80000305175781,1165.25,Churned,Competitor,Competitor made better offer,0.66,66.0,1,Medium,"Offer an incentive to move to a long-term contract | Offer a personalized pricing or loyalty discount | Offer an early-tenure loyalty benefit. Key signals: month-to-month contract, high monthly charge, short customer tenure.",Medium
62467-GUJ,Female,44,Yes,Gujarat,8,4,Deal 5,Yes,No,Yes,Fiber Optic,No,No,Yes,No,Yes,Yes,Yes,Yes,Month-to-Month,Yes,Bank Withdrawal,95.3499984741211,660.9000244140625,34.290000915527344,0,338.5199890136719,965.1300048828125,Churned,Competitor,Competitor made better offer,0.63,63.0,1,Medium,"Offer an incentive to move to a long-term contract | Offer a personalized pricing or loyalty discount | Offer an early-tenure loyalty benefit. Key signals: month-to-month contract, high monthly charge, short customer tenure.",Medium
65796-DEL,Male,47,Yes,Delhi,14,26,None,Yes,No,Yes,Cable,No,No,No,No,No,No,No,Yes,Month-to-Month,Yes,Mailed Check,46.0,193.60000610351562,0.0,0,60.279998779296875,253.8800048828125,Churned,Dissatisfaction,Lack of self-service on Website,0.72,72.0,1,High,"Offer an incentive to move to a long-term contract | Offer priority/premium customer support | Evaluate eligibility for a value plan. Key signals: month-to-month contract, premium support not active, no value deal assigned.",High
65825-JAM,Female,50,Yes,Jammu & Kashmir,0,10,Deal 5,Yes,No,Yes,Fiber Optic,No,No,Yes,No,No,No,No,Yes,Month-to-Month,Yes,Bank Withdrawal,75.75,655.9000244140625,0.0,0,285.75,941.6500244140625,Churned,Competitor,Competitor made better offer,0.57,57.0,1,Medium,"Offer an incentive to move to a long-term contract | Offer an early-tenure loyalty benefit | Offer priority/premium customer support. Key signals: month-to-month contract, short customer tenure, premium support not active.",Medium
65827-MAD,Female,59,No,Madhya Pradesh,14,1,None,Yes,No,Yes,Fiber Optic,No,No,No,No,No,No,No,Yes,Month-to-Month,Yes,Bank Withdrawal,67.75,116.6500015258789,0.0,0,23.5,140.14999389648438,Churned,Other,Don't know,0.96,96.0,1,High,"Offer an incentive to move to a long-term contract | Offer an early-tenure loyalty benefit | Offer priority/premium customer support. Key signals: month-to-month contract, short customer tenure, premium support not active.",High
65868-RAJ,Female,80,Yes,Rajasthan,4,8,None,Yes,Yes,Yes,Fiber Optic,No,No,Yes,No,No,No,No,No,Month-to-Month,Yes,Bank Withdrawal,-1.0,343.95001220703125,0.0,20,33.29999923706055,397.25,Churned,Competitor,Competitor offered more data,0.58,58.0,1,Medium,"Offer an incentive to move to a long-term contract | Offer an early-tenure loyalty benefit | Offer priority/premium customer support. Key signals: month-to-month contract, short customer tenure, premium support not active.",Medium
65882-UTT,Female,71,No,Uttar Pradesh,8,12,None,Yes,Yes,Yes,Fiber Optic,No,Yes,Yes,No,Yes,Yes,No,Yes,Month-to-Month,Yes,Bank Withdrawal,104.75,4323.4501953125,0.0,0,681.239990234375,5004.68994140625,Churned,Dissatisfaction,Network reliability,0.7,70.0,1,High,"Offer an incentive to move to a long-term contract | Offer a personalized pricing or loyalty discount | Offer priority/premium customer support. Key signals: month-to-month contract, high monthly charge, premium support not active.",High
65899-UTT,Male,45,No,Uttar Pradesh,0,14,None,Yes,Yes,Yes,DSL,No,No,No,No,No,No,No,Yes,Month-to-Month,Yes,Credit Card,50.099998474121094,50.099998474121094,0.0,0,46.4900016784668,96.58999633789062,Churned,Other,Don't know,0.98,98.0,1,High,"Offer an incentive to move to a long-term contract | Offer priority/premium customer support | Evaluate eligibility for a value plan. Key signals: month-to-month contract, premium support not active, no value deal assigned.",High
66239-PUN,Female,76,Yes,Punjab,9,25,Deal 4,Yes,No,Yes,Fiber Optic,No,Yes,No,No,No,No,No,Yes,Month-to-Month,Yes,Credit Card,74.30000305175781,1178.25,0.0,0,417.9200134277344,1596.1700439453125,Churned,Competitor,Competitor had better devices,0.51,51.0,1,Medium,"Offer an incentive to move to a long-term contract | Offer priority/premium customer support | Offer a service review or upgrade consultation. Key signals: month-to-month contract, premium support not active, fiber service customer.",Medium
66343-TEL,Female,42,No,Telangana,8,30,Deal 5,Yes,No,Yes,Cable,No,No,Yes,No,No,No,No,Yes,Month-to-Month,Yes,Mailed Check,50.45000076293945,50.45000076293945,0.0,0,23.700000762939453,74.1500015258789,Churned,Dissatisfaction,Network reliability,1.0,100.0,1,High,"Offer an incentive to move to a long-term contract | Offer priority/premium customer support. Key signals: month-to-month contract, premium support not active.",High
66382-MAH,Male,48,Yes,Maharashtra,0,6,None,Yes,No,Yes,Fiber Optic,No,No,Yes,No,Yes,Yes,Yes,Yes,Month-to-Month,Yes,Bank Withdrawal,94.44999694824219,498.1000061035156,0.0,0,196.8000030517578,694.9000244140625,Churned,Competitor,Competitor had better devices,0.7,70.0,1,High,"Offer an incentive to move to a long-term contract | Offer a personalized pricing or loyalty discount | Offer an early-tenure loyalty benefit. Key signals: month-to-month contract, high monthly charge, short customer tenure.",High
66408-ASS,Male,78,Yes,Assam,12,36,Deal 3,Yes,Yes,Yes,Fiber Optic,Yes,No,No,Yes,Yes,Yes,No,Yes,Month-to-Month,Yes,Bank Withdrawal,104.30000305175781,2867.75,0.0,0,275.1300048828125,3142.8798828125,Churned,Competitor,Competitor made better offer,0.6,60.0,1,Medium,"Offer an incentive to move to a long-term contract | Offer a personalized pricing or loyalty discount | Offer a service review or upgrade consultation. Key signals: month-to-month contract, high monthly charge, fiber service customer.",Medium
71254-UTT,Male,24,Yes,Uttar Pradesh,10,12,Deal 5,Yes,No,Yes,DSL,No,No,No,No,No,No,Yes,Yes,Month-to-Month,No,Credit Card,45.95000076293945,45.95000076293945,0.0,0,5.119999885559082,51.06999969482422,Churned,Attitude,Attitude of support person,0.99,99.0,1,High,"Offer an incentive to move to a long-term contract | Offer priority/premium customer support. Key signals: month-to-month contract, premium support not active.",High
71410-PUN,Male,34,Yes,Punjab,0,35,Deal 4,Yes,Yes,Yes,Fiber Optic,No,No,Yes,No,Yes,Yes,Yes,Yes,Month-to-Month,Yes,Bank Withdrawal,98.5,1037.75,0.0,0,10.899999618530273,1048.6500244140625,Churned,Dissatisfaction,Lack of self-service on Website,0.64,64.0,1,Medium,"Offer an incentive to move to a long-term contract | Offer a personalized pricing or loyalty discount | Offer priority/premium customer support. Key signals: month-to-month contract, high monthly charge, premium support not active.",Medium
74894-BIH,Female,44,Yes,Bihar,13,10,None,Yes,Yes,Yes,Fiber Optic,No,Yes,Yes,No,Yes,Yes,Yes,Yes,Month-to-Month,Yes,Bank Withdrawal,103.94999694824219,7446.89990234375,0.0,0,2566.800048828125,10013.7001953125,Churned,Competitor,Competitor made better offer,0.71,71.0,1,High,"Offer an incentive to move to a long-term contract | Offer a personalized pricing or loyalty discount | Offer an early-tenure loyalty benefit. Key signals: month-to-month contract, high monthly charge, short customer tenure.",High
74924-UTT,Male,73,No,Uttar Pradesh,10,7,Deal 5,Yes,No,Yes,Fiber Optic,No,No,Yes,No,Yes,Yes,No,Yes,Month-to-Month,Yes,Bank Withdrawal,92.0999984741211,729.9500122070312,0.0,0,343.44000244140625,1073.3900146484375,Churned,Competitor,Competitor had better devices,0.72,72.0,1,High,"Offer an incentive to move to a long-term contract | Offer a personalized pricing or loyalty discount | Offer an early-tenure loyalty benefit. Key signals: month-to-month contract, high monthly charge, short customer tenure.",High
75000-BIH,Male,48,Yes,Bihar,6,11,Deal 5,Yes,No,Yes,Fiber Optic,No,No,No,No,Yes,Yes,Yes,Yes,Month-to-Month,Yes,Bank Withdrawal,89.55000305175781,185.5500030517578,0.0,0,17.719999313354492,203.27000427246094,Churned,Competitor,Competitor had better devices,1.0,100.0,1,High,"Offer an incentive to move to a long-term contract | Offer a personalized pricing or loyalty discount | Offer an early-tenure loyalty benefit. Key signals: month-to-month contract, high monthly charge, short customer tenure.",High
75095-TAM,Female,68,No,Tamil Nadu,7,3,Deal 2,Yes,Yes,Yes,Fiber Optic,No,Yes,Yes,No,Yes,No,No,No,Month-to-Month,Yes,Bank Withdrawal,95.05000305175781,4888.7001953125,0.0,50,1578.0,6516.7001953125,Churned,Price,Price too high,0.54,54.0,1,Medium,"Offer an incentive to move to a long-term contract | Offer a personalized pricing or loyalty discount | Offer an early-tenure loyalty benefit. Key signals: month-to-month contract, high monthly charge, short customer tenure.",Medium
75124-MAH,Female,38,Yes,Maharashtra,6,12,None,Yes,No,Yes,Fiber Optic,No,Yes,No,No,No,No,No,Yes,Month-to-Month,Yes,Bank Withdrawal,76.6500015258789,333.6000061035156,0.0,0,96.36000061035156,429.9599914550781,Churned,Other,Moved,0.78,78.0,1,High,"Offer an incentive to move to a long-term contract | Offer priority/premium customer support | Offer a service review or upgrade consultation. Key signals: month-to-month contract, premium support not active, fiber service customer.",High
78890-UTT,Female,81,No,Uttar Pradesh,2,25,None,Yes,Yes,Yes,Fiber Optic,No,Yes,No,Yes,Yes,No,No,Yes,Month-to-Month,Yes,Bank Withdrawal,95.05000305175781,4504.5498046875,0.0,0,668.3400268554688,5172.89013671875,Churned,Competitor,Competitor offered higher download speeds,0.5,50.0,1,Medium,"Offer an incentive to move to a long-term contract | Offer a personalized pricing or loyalty discount | Offer a service review or upgrade consultation. Key signals: month-to-month contract, high monthly charge, fiber service customer.",Medium
78909-TAM,Female,74,No,Tamil Nadu,5,30,Deal 2,Yes,Yes,Yes,Fiber Optic,No,Yes,Yes,No,Yes,Yes,No,Yes,Month-to-Month,Yes,Bank Withdrawal,103.0,4414.2998046875,0.0,0,749.489990234375,5163.7900390625,Churned,Competitor,Competitor had better devices,0.69,69.0,1,Medium,"Offer an incentive to move to a long-term contract | Offer a personalized pricing or loyalty discount | Offer priority/premium customer support. Key signals: month-to-month contract, high monthly charge, premium support not active.",Medium
78962-TAM,Male,34,Yes,Tamil Nadu,7,6,Deal 5,Yes,No,Yes,Cable,Yes,Yes,No,No,No,No,No,No,Month-to-Month,No,Mailed Check,55.150001525878906,322.8999938964844,0.0,0,41.880001068115234,364.7799987792969,Stayed,Others,Others,0.52,52.0,1,Medium,"Offer an incentive to move to a long-term contract | Offer an early-tenure loyalty benefit | Offer priority/premium customer support. Key signals: month-to-month contract, short customer tenure, premium support not active.",Medium
83690-AND,Male,63,No,Andhra Pradesh,11,6,None,Yes,Yes,Yes,Fiber Optic,No,No,No,No,Yes,No,No,Yes,Month-to-Month,Yes,Bank Withdrawal,84.9000015258789,3369.050048828125,0.0,0,713.2000122070312,4082.25,Stayed,Others,Others,0.64,64.0,1,Medium,"Offer an incentive to move to a long-term contract | Offer a personalized pricing or loyalty discount | Offer an early-tenure loyalty benefit. Key signals: month-to-month contract, high monthly charge, short customer tenure.",Medium
83717-AND,Female,34,No,Andhra Pradesh,14,25,Deal 5,No,No,Yes,DSL,No,No,No,No,No,No,No,Yes,Month-to-Month,No,Credit Card,24.299999237060547,100.19999694824219,0.0,0,0.0,100.19999694824219,Stayed,Others,Others,0.77,77.0,1,High,"Offer an incentive to move to a long-term contract | Offer priority/premium customer support. Key signals: month-to-month contract, premium support not active.",High
83811-KAR,Female,44,No,Karnataka,2,35,None,Yes,No,Yes,Fiber Optic,No,No,No,Yes,Yes,Yes,Yes,Yes,Month-to-Month,Yes,Bank Withdrawal,94.19999694824219,167.5,0.0,0,37.58000183105469,205.0800018310547,Churned,Other,Don't know,0.98,98.0,1,High,"Offer an incentive to move to a long-term contract | Offer a personalized pricing or loyalty discount | Offer a service review or upgrade consultation. Key signals: month-to-month contract, high monthly charge, fiber service customer.",High
83908-DEL,Female,47,Yes,Delhi,15,28,Deal 5,Yes,No,Yes,Fiber Optic,No,No,No,No,No,No,No,Yes,Month-to-Month,Yes,Bank Withdrawal,70.8499984741211,70.8499984741211,0.0,0,27.049999237060547,97.9000015258789,Churned,Dissatisfaction,Network reliability,1.0,100.0,1,High,"Offer an incentive to move to a long-term contract | Offer priority/premium customer support | Offer a service review or upgrade consultation. Key signals: month-to-month contract, premium support not active, fiber service customer.",High
87950-TAM,Female,32,Yes,Tamil Nadu,13,26,Deal 5,Yes,No,Yes,Fiber Optic,No,No,No,No,No,No,Yes,Yes,Month-to-Month,Yes,Bank Withdrawal,69.55000305175781,69.55000305175781,0.0,0,49.43000030517578,118.9800033569336,Churned,Attitude,Attitude of support person,0.99,99.0,1,High,"Offer an incentive to move to a long-term contract | Offer priority/premium customer support | Offer a service review or upgrade consultation. Key signals: month-to-month contract, premium support not active, fiber service customer.",High
88050-GUJ,Female,44,Yes,Gujarat,8,15,Deal 4,Yes,Yes,Yes,Fiber Optic,No,No,No,No,No,No,No,Yes,Month-to-Month,Yes,Bank Withdrawal,76.5999984741211,893.0,0.0,0,313.55999755859375,1206.56005859375,Stayed,Others,Others,0.56,56.0,1,Medium,"Offer an incentive to move to a long-term contract | Offer priority/premium customer support | Offer a service review or upgrade consultation. Key signals: month-to-month contract, premium support not active, fiber service customer.",Medium
88107-KAR,Female,31,No,Karnataka,4,28,None,Yes,No,No,None,No,No,No,No,No,No,No,No,Month-to-Month,Yes,Credit Card,19.100000381469727,19.100000381469727,0.0,0,34.790000915527344,53.88999938964844,Churned,Competitor,Competitor made better offer,0.9,90.0,1,High,"Offer an incentive to move to a long-term contract | Offer priority/premium customer support | Evaluate eligibility for a value plan. Key signals: month-to-month contract, premium support not active, no value deal assigned.",High
88126-JAM,Female,20,Yes,Jammu & Kashmir,11,5,None,Yes,Yes,Yes,Fiber Optic,No,No,Yes,No,No,Yes,Yes,Yes,Month-to-Month,Yes,Bank Withdrawal,89.19999694824219,2698.35009765625,0.0,0,116.0,2814.35009765625,Churned,Competitor,Competitor made better offer,0.59,59.0,1,Medium,"Offer an incentive to move to a long-term contract | Offer a personalized pricing or loyalty discount | Offer an early-tenure loyalty benefit. Key signals: month-to-month contract, high monthly charge, short customer tenure.",Medium
88152-TEL,Male,31,Yes,Telangana,6,15,Deal 5,Yes,No,No,None,No,No,No,No,No,No,No,No,Month-to-Month,No,Credit Card,20.149999618530273,20.149999618530273,0.0,0,40.5099983215332,60.65999984741211,Churned,Price,Long distance charges,0.98,98.0,1,High,"Offer an incentive to move to a long-term contract | Offer priority/premium customer support. Key signals: month-to-month contract, premium support not active.",High
92374-TAM,Female,23,No,Tamil Nadu,12,12,None,Yes,No,Yes,Fiber Optic,No,No,No,No,No,No,Yes,Yes,Month-to-Month,Yes,Bank Withdrawal,69.5999984741211,69.5999984741211,0.0,0,46.209999084472656,115.80999755859375,Churned,Competitor,Competitor made better offer,1.0,100.0,1,High,"Offer an incentive to move to a long-term contract | Offer priority/premium customer support | Offer a service review or upgrade consultation. Key signals: month-to-month contract, premium support not active, fiber service customer.",High
92454-KAR,Male,32,No,Karnataka,9,14,Deal 5,Yes,No,Yes,Fiber Optic,No,No,No,No,Yes,No,No,Yes,Month-to-Month,Yes,Bank Withdrawal,79.4000015258789,244.64999389648438,0.0,0,139.8000030517578,384.45001220703125,Churned,Competitor,Competitor offered higher download speeds,0.92,92.0,1,High,"Offer an incentive to move to a long-term contract | Offer priority/premium customer support | Offer a service review or upgrade consultation. Key signals: month-to-month contract, premium support not active, fiber service customer.",High
92515-DEL,Male,74,No,Delhi,14,1,Deal 2,Yes,Yes,Yes,Fiber Optic,No,No,Yes,Yes,Yes,Yes,No,Yes,Month-to-Month,Yes,Bank Withdrawal,104.94999694824219,5222.35009765625,0.0,0,882.5,6104.85009765625,Stayed,Others,Others,0.59,59.0,1,Medium,"Offer an incentive to move to a long-term contract | Offer a personalized pricing or loyalty discount | Offer an early-tenure loyalty benefit. Key signals: month-to-month contract, high monthly charge, short customer tenure.",Medium
92524-AND,Male,65,No,Andhra Pradesh,13,22,Deal 5,No,No,Yes,DSL,No,No,No,No,Yes,No,No,Yes,Month-to-Month,Yes,Credit Card,36.45000076293945,93.69999694824219,0.0,0,0.0,93.69999694824219,Churned,Competitor,Competitor had better devices,0.8,80.0,1,High,"Offer an incentive to move to a long-term contract | Offer priority/premium customer support. Key signals: month-to-month contract, premium support not active.",High
92549-HAR,Male,39,No,Haryana,3,11,None,Yes,No,Yes,Fiber Optic,No,No,No,No,Yes,No,No,Yes,Month-to-Month,Yes,Bank Withdrawal,78.9000015258789,2384.14990234375,0.0,0,1285.5699462890625,3669.719970703125,Churned,Price,Extra data charges,0.58,58.0,1,Medium,"Offer an incentive to move to a long-term contract | Offer an early-tenure loyalty benefit | Offer priority/premium customer support. Key signals: month-to-month contract, short customer tenure, premium support not active.",Medium
96754-TEL,Female,77,Yes,Telangana,10,18,Deal 5,Yes,Yes,Yes,Fiber Optic,No,No,Yes,No,No,No,No,Yes,Month-to-Month,No,Bank Withdrawal,79.19999694824219,172.85000610351562,0.0,0,35.459999084472656,208.30999755859375,Churned,Price,Price too high,0.97,97.0,1,High,"Offer an incentive to move to a long-term contract | Offer priority/premium customer support | Offer a service review or upgrade consultation. Key signals: month-to-month contract, premium support not active, fiber service customer.",High
96778-JAM,Female,71,No,Jammu & Kashmir,14,26,Deal 5,Yes,No,Yes,Fiber Optic,No,No,No,No,No,No,No,Yes,Month-to-Month,Yes,Bank Withdrawal,70.3499984741211,139.0500030517578,0.0,0,26.34000015258789,165.38999938964844,Churned,Other,Don't know,1.0,100.0,1,High,"Offer an incentive to move to a long-term contract | Offer priority/premium customer support | Offer a service review or upgrade consultation. Key signals: month-to-month contract, premium support not active, fiber service customer.",High
96805-RAJ,Male,70,No,Rajasthan,1,22,None,Yes,Yes,Yes,Fiber Optic,No,Yes,No,No,No,Yes,No,Yes,Month-to-Month,Yes,Bank Withdrawal,89.80000305175781,502.6000061035156,0.0,0,181.8000030517578,684.4000244140625,Churned,Other,Moved,0.88,88.0,1,High,"Offer an incentive to move to a long-term contract | Offer a personalized pricing or loyalty discount | Offer priority/premium customer support. Key signals: month-to-month contract, high monthly charge, premium support not active.",High
96872-TAM,Male,42,No,Tamil Nadu,12,31,Deal 5,Yes,No,Yes,Fiber Optic,No,No,No,No,No,No,No,Yes,Month-to-Month,No,Bank Withdrawal,70.4000015258789,70.4000015258789,0.0,0,29.6299991607666,100.02999877929688,Churned,Competitor,Competitor had better devices,1.0,100.0,1,High,"Offer an incentive to move to a long-term contract | Offer priority/premium customer support | Offer a service review or upgrade consultation. Key signals: month-to-month contract, premium support not active, fiber service customer.",High
96903-BIH,Female,37,No,Bihar,14,27,Deal 3,Yes,Yes,Yes,Fiber Optic,No,Yes,No,No,Yes,Yes,Yes,Yes,Month-to-Month,Yes,Bank Withdrawal,99.6500015258789,2404.85009765625,0.0,0,616.3200073242188,3021.169921875,Stayed,Others,Others,0.52,52.0,1,Medium,"Offer an incentive to move to a long-term contract | Offer a personalized pricing or loyalty discount | Offer priority/premium customer support. Key signals: month-to-month contract, high monthly charge, premium support not active.",Medium
96927-ASS,Female,45,Yes,Assam,0,28,Deal 5,Yes,No,Yes,Fiber Optic,No,No,No,No,No,Yes,Yes,Yes,Month-to-Month,Yes,Bank Withdrawal,79.1500015258789,317.25,0.0,0,147.63999938964844,464.8900146484375,Churned,Competitor,Competitor made better offer,0.9,90.0,1,High,"Offer an incentive to move to a long-term contract | Offer priority/premium customer support | Offer a service review or upgrade consultation. Key signals: month-to-month contract, premium support not active, fiber service customer.",High
97003-ODI,Female,28,Yes,Odisha,11,19,None,Yes,Yes,Yes,Fiber Optic,No,No,No,Yes,Yes,Yes,Yes,No,Month-to-Month,Yes,Bank Withdrawal,98.5,1058.25,0.0,110,145.3000030517578,1313.550048828125,Churned,Competitor,Competitor had better devices,0.69,69.0,1,Medium,"Offer an incentive to move to a long-term contract | Offer a personalized pricing or loyalty discount | Offer a service review or upgrade consultation. Key signals: month-to-month contract, high monthly charge, fiber service customer.",Medium
97033-BIH,Female,74,Yes,Bihar,0,9,Deal 3,Yes,Yes,Yes,Fiber Optic,No,No,No,Yes,Yes,Yes,No,Yes,Month-to-Month,Yes,Bank Withdrawal,101.5,2917.64990234375,0.0,0,1440.5999755859375,4358.25,Stayed,Others,Others,0.66,66.0,1,Medium,"Offer an incentive to move to a long-term contract | Offer a personalized pricing or loyalty discount | Offer an early-tenure loyalty benefit. Key signals: month-to-month contract, high monthly charge, short customer tenure.",Medium
97045-UTT,Female,36,No,Uttar Pradesh,9,27,Deal 5,No,No,Yes,DSL,Yes,No,No,No,No,No,No,Yes,Month-to-Month,Yes,Bank Withdrawal,29.049999237060547,129.60000610351562,0.0,0,0.0,129.60000610351562,Stayed,Others,Others,0.73,73.0,1,High,"Offer an incentive to move to a long-term contract | Offer priority/premium customer support. Key signals: month-to-month contract, premium support not active.",High
97143-JAM,Female,78,No,Jammu & Kashmir,6,16,None,Yes,Yes,Yes,Fiber Optic,No,No,No,No,No,No,No,No,Month-to-Month,Yes,Bank Withdrawal,74.4000015258789,1692.5999755859375,0.0,0,111.9800033569336,1804.5799560546875,Churned,Competitor,Competitor had better devices,0.82,82.0,1,High,"Offer an incentive to move to a long-term contract | Offer priority/premium customer support | Offer a service review or upgrade consultation. Key signals: month-to-month contract, premium support not active, fiber service customer.",High
97198-ASS,Male,35,Yes,Assam,10,24,None,Yes,No,Yes,Fiber Optic,No,No,No,No,No,Yes,Yes,Yes,Month-to-Month,Yes,Bank Withdrawal,80.80000305175781,713.0999755859375,0.0,0,183.05999755859375,896.1599731445312,Churned,Competitor,Competitor offered more data,0.67,67.0,1,Medium,"Offer an incentive to move to a long-term contract | Offer a personalized pricing or loyalty discount | Offer priority/premium customer support. Key signals: month-to-month contract, high monthly charge, premium support not active.",Medium
13183-JAM,Female,70,No,Jammu & Kashmir,5,24,None,Yes,Yes,Yes,Fiber Optic,No,Yes,No,No,Yes,No,No,Yes,Month-to-Month,Yes,Bank Withdrawal,89.5,2196.14990234375,0.0,0,461.5,2657.64990234375,Churned,Competitor,Competitor had better devices,0.88,88.0,1,High,"Offer an incentive to move to a long-term contract | Offer a personalized pricing or loyalty discount | Offer priority/premium customer support. Key signals: month-to-month contract, high monthly charge, premium support not active.",High
14010-GUJ,Female,30,No,Gujarat,9,26,None,Yes,No,Yes,Fiber Optic,No,Yes,Yes,No,Yes,Yes,Yes,Yes,Month-to-Month,Yes,Bank Withdrawal,99.5,2369.050048828125,19.5,0,1210.5,3560.050048828125,Churned,Competitor,Competitor offered more data,0.5,50.0,1,Medium,"Offer an incentive to move to a long-term contract | Offer a personalized pricing or loyalty discount | Offer priority/premium customer support. Key signals: month-to-month contract, high monthly charge, premium support not active.",Medium
14158-MAH,Male,60,No,Maharashtra,9,33,None,No,No,Yes,DSL,No,No,No,No,No,No,No,Yes,Month-to-Month,No,Bank Withdrawal,25.25,58.900001525878906,0.0,0,0.0,58.900001525878906,Churned,Competitor,Competitor had better devices,0.99,99.0,1,High,"Offer an incentive to move to a long-term contract | Offer priority/premium customer support | Evaluate eligibility for a value plan. Key signals: month-to-month contract, premium support not active, no value deal assigned.",High
14178-MAH,Male,82,Yes,Maharashtra,0,7,None,Yes,Yes,Yes,Fiber Optic,No,Yes,No,No,Yes,Yes,No,Yes,Month-to-Month,Yes,Bank Withdrawal,96.5,3436.10009765625,0.0,0,597.9600219726562,4034.06005859375,Churned,Price,Lack of affordable download/upload speed,0.69,69.0,1,Medium,"Offer an incentive to move to a long-term contract | Offer a personalized pricing or loyalty discount | Offer an early-tenure loyalty benefit. Key signals: month-to-month contract, high monthly charge, short customer tenure.",Medium
14268-UTT,Male,68,Yes,Uttar Pradesh,7,18,Deal 5,Yes,No,Yes,Fiber Optic,No,Yes,No,No,No,Yes,Yes,Yes,Month-to-Month,Yes,Bank Withdrawal,86.0,86.0,0.0,0,28.81999969482422,114.81999969482422,Churned,Competitor,Competitor made better offer,1.0,100.0,1,High,"Offer an incentive to move to a long-term contract | Offer a personalized pricing or loyalty discount | Offer priority/premium customer support. Key signals: month-to-month contract, high monthly charge, premium support not active.",High
14291-PUN,Female,40,No,Punjab,6,33,Deal 5,Yes,No,Yes,DSL,No,No,No,No,No,No,No,Yes,Month-to-Month,No,Mailed Check,44.400001525878906,44.400001525878906,0.0,0,32.439998626708984,76.83999633789062,Churned,Competitor,Competitor had better devices,0.98,98.0,1,High,"Offer an incentive to move to a long-term contract | Offer priority/premium customer support. Key signals: month-to-month contract, premium support not active.",High
14583-DEL,Female,33,Yes,Delhi,6,24,Deal 4,Yes,Yes,Yes,Fiber Optic,Yes,Yes,No,No,Yes,No,No,Yes,Month-to-Month,Yes,Bank Withdrawal,96.6500015258789,1244.5,0.0,0,221.25999450683594,1465.760009765625,Churned,Competitor,Competitor made better offer,0.56,56.0,1,Medium,"Offer an incentive to move to a long-term contract | Offer a personalized pricing or loyalty discount | Offer priority/premium customer support. Key signals: month-to-month contract, high monthly charge, premium support not active.",Medium
14622-PUN,Female,49,Yes,Punjab,9,15,None,No,No,Yes,DSL,No,Yes,No,Yes,No,No,No,Yes,Month-to-Month,No,Bank Withdrawal,34.25,163.5500030517578,0.0,0,0.0,163.5500030517578,Stayed,Others,Others,0.53,53.0,1,Medium,"Offer an incentive to move to a long-term contract | Evaluate eligibility for a value plan. Key signals: month-to-month contract, no value deal assigned.",Medium
14654-MAH,Female,66,Yes,Maharashtra,2,9,None,Yes,Yes,Yes,Fiber Optic,No,No,No,No,No,No,No,Yes,Month-to-Month,Yes,Bank Withdrawal,74.55000305175781,622.9000244140625,33.25,0,158.0399932861328,747.6900024414062,Churned,Competitor,Competitor had better devices,0.73,73.0,1,High,"Offer an incentive to move to a long-term contract | Offer an early-tenure loyalty benefit | Offer priority/premium customer support. Key signals: month-to-month contract, short customer tenure, premium support not active.",High
14658-RAJ,Female,65,No,Rajasthan,12,24,None,Yes,No,Yes,Fiber Optic,No,Yes,No,No,Yes,No,No,Yes,Month-to-Month,Yes,Bank Withdrawal,83.55000305175781,1329.1500244140625,0.0,0,384.3699951171875,1713.52001953125,Stayed,Others,Others,0.57,57.0,1,Medium,"Offer an incentive to move to a long-term contract | Offer a personalized pricing or loyalty discount | Offer priority/premium customer support. Key signals: month-to-month contract, high monthly charge, premium support not active.",Medium
14698-PUN,Male,25,No,Punjab,4,13,Deal 5,Yes,No,Yes,Fiber Optic,No,No,No,No,Yes,Yes,Yes,Yes,Month-to-Month,Yes,Bank Withdrawal,89.9000015258789,89.9000015258789,0.0,0,32.849998474121094,122.75,Churned,Other,Don't know,1.0,100.0,1,High,"Offer an incentive to move to a long-term contract | Offer a personalized pricing or loyalty discount | Offer priority/premium customer support. Key signals: month-to-month contract, high monthly charge, premium support not active.",High
14750-KAR,Female,77,Yes,Karnataka,15,31,None,Yes,No,Yes,Fiber Optic,No,Yes,No,No,Yes,No,No,Yes,Month-to-Month,Yes,Bank Withdrawal,87.0999984741211,713.5999755859375,0.0,0,312.0799865722656,1025.6800537109375,Stayed,Others,Others,0.83,83.0,1,High,"Offer an incentive to move to a long-term contract | Offer a personalized pricing or loyalty discount | Offer priority/premium customer support. Key signals: month-to-month contract, high monthly charge, premium support not active.",High
17783-TAM,Female,74,No,Tamil Nadu,0,32,Deal 5,Yes,Yes,Yes,Fiber Optic,No,No,No,No,Yes,No,No,Yes,Month-to-Month,Yes,Bank Withdrawal,85.55000305175781,187.4499969482422,0.0,0,10.979999542236328,198.42999267578125,Churned,Dissatisfaction,Network reliability,0.97,97.0,1,High,"Offer an incentive to move to a long-term contract | Offer a personalized pricing or loyalty discount | Offer priority/premium customer support. Key signals: month-to-month contract, high monthly charge, premium support not active.",High
17845-TEL,Female,79,No,Telangana,8,12,None,Yes,No,Yes,Fiber Optic,No,No,No,No,No,No,No,Yes,Month-to-Month,Yes,Bank Withdrawal,69.55000305175781,69.55000305175781,0.0,0,12.460000038146973,82.01000213623047,Churned,Dissatisfaction,Network reliability,1.0,100.0,1,High,"Offer an incentive to move to a long-term contract | Offer priority/premium customer support | Offer a service review or upgrade consultation. Key signals: month-to-month contract, premium support not active, fiber service customer.",High
17866-HAR,Female,60,Yes,Haryana,5,35,None,Yes,Yes,Yes,Fiber Optic,No,No,No,No,Yes,No,No,No,Month-to-Month,Yes,Bank Withdrawal,86.5,582.5,0.0,20,158.27000427246094,760.77001953125,Churned,Competitor,Competitor offered higher download speeds,0.78,78.0,1,High,"Offer an incentive to move to a long-term contract | Offer a personalized pricing or loyalty discount | Offer priority/premium customer support. Key signals: month-to-month contract, high monthly charge, premium support not active.",High
17893-TAM,Male,67,No,Tamil Nadu,13,16,None,Yes,Yes,Yes,Fiber Optic,No,No,Yes,No,No,No,No,Yes,Month-to-Month,Yes,Bank Withdrawal,81.25,585.9500122070312,0.0,0,40.15999984741211,626.1099853515625,Churned,Price,Price too high,0.79,79.0,1,High,"Offer an incentive to move to a long-term contract | Offer a personalized pricing or loyalty discount | Offer priority/premium customer support. Key signals: month-to-month contract, high monthly charge, premium support not active.",High
17901-TEL,Female,75,Yes,Telangana,7,26,Deal 5,No,No,Yes,DSL,No,Yes,No,No,No,No,No,Yes,Month-to-Month,No,Bank Withdrawal,28.450000762939453,131.0500030517578,0.0,0,0.0,131.0500030517578,Churned,Dissatisfaction,Limited range of services,0.51,51.0,1,Medium,"Offer an incentive to move to a long-term contract | Offer priority/premium customer support. Key signals: month-to-month contract, premium support not active.",Medium
17908-HAR,Female,75,No,Haryana,14,21,None,Yes,Yes,Yes,Fiber Optic,No,No,No,No,No,No,No,Yes,Month-to-Month,Yes,Bank Withdrawal,73.9000015258789,2217.14990234375,0.0,0,478.3299865722656,2695.47998046875,Churned,Attitude,Attitude of support person,0.76,76.0,1,High,"Offer an incentive to move to a long-term contract | Offer priority/premium customer support | Offer a service review or upgrade consultation. Key signals: month-to-month contract, premium support not active, fiber service customer.",High
25564-KER,Female,37,No,Kerala,14,9,Deal 5,Yes,No,Yes,Cable,No,No,No,No,No,No,No,Yes,Month-to-Month,Yes,Credit Card,44.599998474121094,80.55000305175781,0.0,0,60.380001068115234,140.92999267578125,Churned,Price,Lack of affordable download/upload speed,0.93,93.0,1,High,"Offer an incentive to move to a long-term contract | Offer an early-tenure loyalty benefit | Offer priority/premium customer support. Key signals: month-to-month contract, short customer tenure, premium support not active.",High
25566-BIH,Female,28,Yes,Bihar,13,16,Deal 5,Yes,No,Yes,DSL,No,No,No,No,No,No,No,Yes,Month-to-Month,No,Credit Card,45.25,155.35000610351562,0.0,0,140.36000061035156,295.7099914550781,Stayed,Others,Others,0.74,74.0,1,High,"Offer an incentive to move to a long-term contract | Offer priority/premium customer support. Key signals: month-to-month contract, premium support not active.",High
25646-RAJ,Male,51,Yes,Rajasthan,2,2,None,Yes,Yes,Yes,Fiber Optic,No,No,No,No,No,No,No,Yes,Month-to-Month,Yes,Bank Withdrawal,74.9000015258789,469.79998779296875,0.0,0,37.91999816894531,507.7200012207031,Churned,Dissatisfaction,Service dissatisfaction,0.78,78.0,1,High,"Offer an incentive to move to a long-term contract | Offer an early-tenure loyalty benefit | Offer priority/premium customer support. Key signals: month-to-month contract, short customer tenure, premium support not active.",High
25658-JAM,Female,52,Yes,Jammu & Kashmir,11,2,None,Yes,Yes,Yes,Cable,No,No,No,No,No,No,No,Yes,Month-to-Month,Yes,Bank Withdrawal,74.94999694824219,1710.449951171875,0.0,0,662.4000244140625,2372.85009765625,Churned,Competitor,Competitor made better offer,0.55,55.0,1,Medium,"Offer an incentive to move to a long-term contract | Offer an early-tenure loyalty benefit | Offer priority/premium customer support. Key signals: month-to-month contract, short customer tenure, premium support not active.",Medium
29539-HAR,Male,62,Yes,Haryana,6,4,Deal 5,Yes,No,Yes,Fiber Optic,No,No,Yes,No,Yes,Yes,No,Yes,Month-to-Month,Yes,Credit Card,94.44999694824219,742.9500122070312,0.0,0,41.68000030517578,784.6300048828125,Churned,Competitor,Competitor had better devices,0.63,63.0,1,Medium,"Offer an incentive to move to a long-term contract | Offer a personalized pricing or loyalty discount | Offer an early-tenure loyalty benefit. Key signals: month-to-month contract, high monthly charge, short customer tenure.",Medium
29609-AND,Male,55,No,Andhra Pradesh,13,16,None,Yes,No,Yes,Fiber Optic,No,No,No,No,No,No,No,Yes,Month-to-Month,No,Mailed Check,70.75,70.75,0.0,0,26.0,96.75,Churned,Dissatisfaction,Service dissatisfaction,0.99,99.0,1,High,"Offer an incentive to move to a long-term contract | Offer priority/premium customer support | Offer a service review or upgrade consultation. Key signals: month-to-month contract, premium support not active, fiber service customer.",High
29708-KAR,Male,36,Yes,Karnataka,7,7,None,Yes,No,Yes,Cable,No,No,No,No,No,No,No,Yes,Month-to-Month,Yes,Bank Withdrawal,45.29999923706055,45.29999923706055,0.0,0,26.40999984741211,71.70999908447266,Churned,Competitor,Competitor had better devices,1.0,100.0,1,High,"Offer an incentive to move to a long-term contract | Offer an early-tenure loyalty benefit | Offer priority/premium customer support. Key signals: month-to-month contract, short customer tenure, premium support not active.",High
29740-AND,Male,51,No,Andhra Pradesh,4,1,None,Yes,Yes,Yes,Fiber Optic,Yes,No,No,No,Yes,Yes,Yes,No,Month-to-Month,No,Mailed Check,98.1500015258789,1230.25,0.0,40,43.68000030517578,1313.9300537109375,Churned,Price,Long distance charges,0.65,65.0,1,Medium,"Offer an incentive to move to a long-term contract | Offer a personalized pricing or loyalty discount | Offer an early-tenure loyalty benefit. Key signals: month-to-month contract, high monthly charge, short customer tenure.",Medium
29866-ASS,Female,55,No,Assam,10,25,None,No,No,Yes,DSL,No,No,No,No,No,No,No,Yes,Month-to-Month,Yes,Credit Card,24.399999618530273,36.54999923706055,0.0,0,0.0,36.54999923706055,Churned,Dissatisfaction,Lack of self-service on Website,0.93,93.0,1,High,"Offer an incentive to move to a long-term contract | Offer priority/premium customer support | Evaluate eligibility for a value plan. Key signals: month-to-month contract, premium support not active, no value deal assigned.",High
29871-DEL,Male,58,Yes,Delhi,3,34,None,Yes,Yes,Yes,Fiber Optic,No,Yes,No,No,Yes,Yes,Yes,Yes,Month-to-Month,Yes,Bank Withdrawal,100.19999694824219,420.20001220703125,0.0,0,112.87999725341797,533.0800170898438,Churned,Dissatisfaction,Service dissatisfaction,0.87,87.0,1,High,"Offer an incentive to move to a long-term contract | Offer a personalized pricing or loyalty discount | Offer priority/premium customer support. Key signals: month-to-month contract, high monthly charge, premium support not active.",High
31049-TAM,Female,61,No,Tamil Nadu,7,8,Deal 5,Yes,No,Yes,Fiber Optic,No,No,Yes,No,No,Yes,Yes,Yes,Month-to-Month,Yes,Bank Withdrawal,85.8499984741211,167.3000030517578,0.0,0,28.280000686645508,195.5800018310547,Churned,Competitor,Competitor made better offer,0.99,99.0,1,High,"Offer an incentive to move to a long-term contract | Offer a personalized pricing or loyalty discount | Offer an early-tenure loyalty benefit. Key signals: month-to-month contract, high monthly charge, short customer tenure.",High
34205-UTT,Male,50,No,Uttar Pradesh,5,29,Deal 5,Yes,No,Yes,Fiber Optic,No,No,No,No,No,No,No,Yes,Month-to-Month,No,Bank Withdrawal,69.94999694824219,330.1499938964844,0.0,0,85.4000015258789,415.54998779296875,Churned,Attitude,Attitude of service provider,0.74,74.0,1,High,"Offer an incentive to move to a long-term contract | Offer priority/premium customer support | Offer a service review or upgrade consultation. Key signals: month-to-month contract, premium support not active, fiber service customer.",High
34237-HAR,Female,73,Yes,Haryana,8,30,Deal 3,Yes,Yes,Yes,DSL,No,Yes,Yes,Yes,Yes,Yes,Yes,Yes,Month-to-Month,No,Bank Withdrawal,83.8499984741211,2310.199951171875,0.0,0,92.61000061035156,2402.81005859375,Stayed,Others,Others,0.57,57.0,1,Medium,"Offer an incentive to move to a long-term contract | Offer a personalized pricing or loyalty discount. Key signals: month-to-month contract, high monthly charge.",Medium
34278-UTT,Female,56,No,Uttar Pradesh,13,32,Deal 4,Yes,No,Yes,Fiber Optic,No,Yes,No,Yes,No,Yes,Yes,No,Month-to-Month,Yes,Credit Card,89.6500015258789,1208.3499755859375,0.0,120,106.68000030517578,1435.030029296875,Churned,Competitor,Competitor had better devices,0.6,60.0,1,Medium,"Offer an incentive to move to a long-term contract | Offer a personalized pricing or loyalty discount | Offer a service review or upgrade consultation. Key signals: month-to-month contract, high monthly charge, fiber service customer.",Medium
34284-UTT,Female,82,No,Uttar Pradesh,5,25,Deal 3,Yes,Yes,Yes,Fiber Optic,No,No,No,No,No,No,No,Yes,Month-to-Month,Yes,Bank Withdrawal,76.25,2841.550048828125,0.0,0,997.1500244140625,3838.699951171875,Churned,Other,Don't know,0.72,72.0,1,High,"Offer an incentive to move to a long-term contract | Offer priority/premium customer support | Offer a service review or upgrade consultation. Key signals: month-to-month contract, premium support not active, fiber service customer.",High
34402-MAD,Female,44,No,Madhya Pradesh,5,36,Deal 5,Yes,Yes,Yes,Fiber Optic,No,No,No,No,Yes,Yes,Yes,Yes,Month-to-Month,Yes,Bank Withdrawal,93.55000305175781,536.4000244140625,0.0,0,262.79998779296875,799.2000122070312,Churned,Other,Moved,0.7,70.0,1,High,"Offer an incentive to move to a long-term contract | Offer a personalized pricing or loyalty discount | Offer priority/premium customer support. Key signals: month-to-month contract, high monthly charge, premium support not active.",High
34444-PUN,Female,39,Yes,Punjab,6,31,None,Yes,Yes,Yes,Fiber Optic,No,Yes,No,No,Yes,Yes,Yes,Yes,Month-to-Month,Yes,Bank Withdrawal,100.0,3320.60009765625,0.0,0,546.8099975585938,3867.409912109375,Stayed,Others,Others,0.53,53.0,1,Medium,"Offer an incentive to move to a long-term contract | Offer a personalized pricing or loyalty discount | Offer priority/premium customer support. Key signals: month-to-month contract, high monthly charge, premium support not active.",Medium
37816-JAM,Female,73,No,Jammu & Kashmir,2,3,Deal 4,Yes,No,Yes,Fiber Optic,No,Yes,No,No,Yes,Yes,No,Yes,Month-to-Month,Yes,Bank Withdrawal,94.75,2293.60009765625,0.0,0,716.9099731445312,3010.510009765625,Churned,Competitor,Competitor made better offer,0.75,75.0,1,High,"Offer an incentive to move to a long-term contract | Offer a personalized pricing or loyalty discount | Offer an early-tenure loyalty benefit. Key signals: month-to-month contract, high monthly charge, short customer tenure.",High
37857-KAR,Male,64,No,Karnataka,3,27,None,Yes,No,Yes,Fiber Optic,No,Yes,Yes,No,Yes,Yes,Yes,Yes,Month-to-Month,Yes,Credit Card,99.30000305175781,2431.35009765625,0.0,0,1079.0400390625,3510.389892578125,Churned,Competitor,Competitor offered more data,0.57,57.0,1,Medium,"Offer an incentive to move to a long-term contract | Offer a personalized pricing or loyalty discount | Offer priority/premium customer support. Key signals: month-to-month contract, high monthly charge, premium support not active.",Medium
37882-WES,Female,78,Yes,West Bengal,1,11,Deal 3,Yes,Yes,Yes,Fiber Optic,No,Yes,Yes,No,Yes,Yes,No,Yes,Month-to-Month,Yes,Bank Withdrawal,106.1500015258789,3152.5,0.0,0,270.760009765625,3423.260009765625,Churned,Competitor,Competitor offered more data,0.69,69.0,1,Medium,"Offer an incentive to move to a long-term contract | Offer a personalized pricing or loyalty discount | Offer an early-tenure loyalty benefit. Key signals: month-to-month contract, high monthly charge, short customer tenure.",Medium
37901-PUN,Female,29,No,Punjab,7,6,Deal 5,Yes,No,Yes,Fiber Optic,No,No,No,No,Yes,No,No,No,Month-to-Month,No,Bank Withdrawal,79.25,267.6000061035156,0.0,10,149.27999877929688,426.8800048828125,Churned,Competitor,Competitor offered higher download speeds,0.81,81.0,1,High,"Offer an incentive to move to a long-term contract | Offer an early-tenure loyalty benefit | Offer priority/premium customer support. Key signals: month-to-month contract, short customer tenure, premium support not active.",High
42571-JAM,Female,27,No,Jammu & Kashmir,8,32,Deal 5,Yes,Yes,Yes,Fiber Optic,No,No,No,No,No,Yes,Yes,Yes,Month-to-Month,No,Credit Card,85.80000305175781,85.80000305175781,0.0,0,34.470001220703125,120.2699966430664,Churned,Competitor,Competitor made better offer,0.99,99.0,1,High,"Offer an incentive to move to a long-term contract | Offer a personalized pricing or loyalty discount | Offer priority/premium customer support. Key signals: month-to-month contract, high monthly charge, premium support not active.",High
42735-WES,Female,76,Yes,West Bengal,7,35,None,Yes,Yes,Yes,Fiber Optic,No,Yes,No,No,Yes,Yes,No,Yes,Month-to-Month,Yes,Bank Withdrawal,99.94999694824219,3186.64990234375,0.0,0,1220.1600341796875,4406.81005859375,Churned,Competitor,Competitor made better offer,0.65,65.0,1,Medium,"Offer an incentive to move to a long-term contract | Offer a personalized pricing or loyalty discount | Offer priority/premium customer support. Key signals: month-to-month contract, high monthly charge, premium support not active.",Medium
42776-TAM,Male,44,No,Tamil Nadu,7,2,None,Yes,Yes,Yes,Fiber Optic,No,No,No,No,No,No,No,Yes,Month-to-Month,Yes,Bank Withdrawal,74.5,74.5,0.0,0,36.439998626708984,110.94000244140625,Churned,Attitude,Attitude of service provider,0.99,99.0,1,High,"Offer an incentive to move to a long-term contract | Offer an early-tenure loyalty benefit | Offer priority/premium customer support. Key signals: month-to-month contract, short customer tenure, premium support not active.",High
42804-AND,Female,47,Yes,Andhra Pradesh,9,3,None,Yes,Yes,Yes,Cable,No,No,No,No,No,No,No,Yes,Month-to-Month,Yes,Bank Withdrawal,49.95000076293945,49.95000076293945,0.0,0,43.4900016784668,93.44000244140625,Churned,Competitor,Competitor had better devices,1.0,100.0,1,High,"Offer an incentive to move to a long-term contract | Offer an early-tenure loyalty benefit | Offer priority/premium customer support. Key signals: month-to-month contract, short customer tenure, premium support not active.",High
42870-TAM,Male,84,Yes,Tamil Nadu,4,30,None,Yes,Yes,Yes,Fiber Optic,No,No,No,No,No,No,No,Yes,Month-to-Month,Yes,Bank Withdrawal,75.75,75.75,0.0,0,8.350000381469727,84.0999984741211,Churned,Competitor,Competitor made better offer,0.99,99.0,1,High,"Offer an incentive to move to a long-term contract | Offer priority/premium customer support | Offer a service review or upgrade consultation. Key signals: month-to-month contract, premium support not active, fiber service customer.",High
42909-KER,Female,35,No,Kerala,0,4,None,Yes,Yes,Yes,Fiber Optic,No,No,No,No,No,No,No,No,Month-to-Month,Yes,Bank Withdrawal,77.1500015258789,77.1500015258789,0.0,10,27.700000762939453,114.8499984741211,Churned,Dissatisfaction,Limited range of services,0.99,99.0,1,High,"Offer an incentive to move to a long-term contract | Offer an early-tenure loyalty benefit | Offer priority/premium customer support. Key signals: month-to-month contract, short customer tenure, premium support not active.",High
42918-PUN,Male,71,No,Punjab,10,13,None,Yes,Yes,Yes,Fiber Optic,No,No,No,No,No,No,No,Yes,Month-to-Month,Yes,Bank Withdrawal,75.55000305175781,2425.39990234375,0.0,0,70.37999725341797,2495.780029296875,Stayed,Others,Others,0.73,73.0,1,High,"Offer an incentive to move to a long-term contract | Offer priority/premium customer support | Offer a service review or upgrade consultation. Key signals: month-to-month contract, premium support not active, fiber service customer.",High
46363-GUJ,Male,51,No,Gujarat,14,6,None,Yes,No,Yes,Cable,Yes,No,No,No,No,No,No,Yes,Month-to-Month,No,Credit Card,50.599998474121094,50.599998474121094,0.0,0,11.859999656677246,62.459999084472656,Churned,Dissatisfaction,Service dissatisfaction,0.98,98.0,1,High,"Offer an incentive to move to a long-term contract | Offer an early-tenure loyalty benefit | Offer priority/premium customer support. Key signals: month-to-month contract, short customer tenure, premium support not active.",High
46518-MAH,Male,74,No,Maharashtra,0,5,None,Yes,No,Yes,Fiber Optic,No,No,No,No,No,Yes,No,Yes,Month-to-Month,No,Bank Withdrawal,81.5,1329.199951171875,0.0,0,161.5,1490.699951171875,Churned,Competitor,Competitor made better offer,0.8,80.0,1,High,"Offer an incentive to move to a long-term contract | Offer a personalized pricing or loyalty discount | Offer an early-tenure loyalty benefit. Key signals: month-to-month contract, high monthly charge, short customer tenure.",High
46549-TAM,Male,72,Yes,Tamil Nadu,3,20,Deal 5,Yes,No,Yes,Fiber Optic,No,No,No,No,No,No,No,Yes,Month-to-Month,Yes,Bank Withdrawal,70.4000015258789,204.6999969482422,0.0,0,6.78000020980835,211.47999572753906,Churned,Other,Don't know,0.93,93.0,1,High,"Offer an incentive to move to a long-term contract | Offer priority/premium customer support | Offer a service review or upgrade consultation. Key signals: month-to-month contract, premium support not active, fiber service customer.",High
46577-MAH,Female,36,Yes,Maharashtra,13,8,None,Yes,Yes,Yes,Fiber Optic,No,Yes,Yes,No,No,Yes,Yes,Yes,Month-to-Month,Yes,Bank Withdrawal,94.8499984741211,953.4500122070312,0.0,0,432.6000061035156,1386.050048828125,Churned,Competitor,Competitor offered more data,0.7,70.0,1,High,"Offer an incentive to move to a long-term contract | Offer a personalized pricing or loyalty discount | Offer an early-tenure loyalty benefit. Key signals: month-to-month contract, high monthly charge, short customer tenure.",High
46624-WES,Female,26,Yes,West Bengal,13,27,Deal 5,Yes,Yes,Yes,Fiber Optic,No,Yes,No,No,No,No,No,Yes,Month-to-Month,Yes,Mailed Check,80.19999694824219,80.19999694824219,0.0,0,1.2300000190734863,81.43000030517578,Churned,Price,Lack of affordable download/upload speed,0.97,97.0,1,High,"Offer an incentive to move to a long-term contract | Offer a personalized pricing or loyalty discount | Offer priority/premium customer support. Key signals: month-to-month contract, high monthly charge, premium support not active.",High
51301-WES,Female,24,Yes,West Bengal,13,6,Deal 5,No,No,Yes,DSL,No,No,Yes,No,No,No,Yes,Yes,Month-to-Month,Yes,Bank Withdrawal,29.649999618530273,118.5,0.0,0,0.0,118.5,Churned,Dissatisfaction,Limited range of services,0.65,65.0,1,Medium,"Offer an incentive to move to a long-term contract | Offer an early-tenure loyalty benefit | Offer priority/premium customer support. Key signals: month-to-month contract, short customer tenure, premium support not active.",Medium
51329-UTT,Male,30,Yes,Uttarakhand,7,19,Deal 5,Yes,No,No,None,No,No,No,No,No,No,No,No,Month-to-Month,Yes,Bank Withdrawal,20.200000762939453,20.200000762939453,0.0,0,10.979999542236328,31.18000030517578,Churned,Price,Long distance charges,0.96,96.0,1,High,"Offer an incentive to move to a long-term contract | Offer priority/premium customer support. Key signals: month-to-month contract, premium support not active.",High
51365-JHA,Female,32,No,Jharkhand,1,27,None,Yes,Yes,Yes,Fiber Optic,Yes,No,No,No,No,No,No,No,Month-to-Month,Yes,Bank Withdrawal,78.94999694824219,927.3499755859375,0.0,80,304.0799865722656,1311.4300537109375,Churned,Attitude,Attitude of support person,0.53,53.0,1,Medium,"Offer an incentive to move to a long-term contract | Offer priority/premium customer support | Offer a service review or upgrade consultation. Key signals: month-to-month contract, premium support not active, fiber service customer.",Medium
51432-BIH,Male,83,Yes,Bihar,4,29,None,Yes,No,Yes,DSL,No,No,Yes,No,Yes,No,No,Yes,Month-to-Month,Yes,Bank Withdrawal,60.04999923706055,1236.1500244140625,0.0,0,727.02001953125,1963.1700439453125,Churned,Competitor,Competitor had better devices,0.51,51.0,1,Medium,"Offer an incentive to move to a long-term contract | Offer priority/premium customer support | Evaluate eligibility for a value plan. Key signals: month-to-month contract, premium support not active, no value deal assigned.",Medium
51472-MAH,Female,82,Yes,Maharashtra,6,13,Deal 2,Yes,Yes,Yes,Fiber Optic,No,No,Yes,No,Yes,Yes,No,Yes,Month-to-Month,Yes,Bank Withdrawal,98.4000015258789,4187.75,0.0,0,1724.4599609375,5912.2099609375,Churned,Competitor,Competitor had better devices,0.74,74.0,1,High,"Offer an incentive to move to a long-term contract | Offer a personalized pricing or loyalty discount | Offer priority/premium customer support. Key signals: month-to-month contract, high monthly charge, premium support not active.",High
51481-UTT,Female,50,No,Uttar Pradesh,7,30,None,Yes,No,Yes,Fiber Optic,No,No,No,No,No,No,No,Yes,Month-to-Month,No,Bank Withdrawal,69.75,144.5500030517578,0.0,0,52.880001068115234,197.42999267578125,Churned,Competitor,Competitor had better devices,0.93,93.0,1,High,"Offer an incentive to move to a long-term contract | Offer priority/premium customer support | Offer a service review or upgrade consultation. Key signals: month-to-month contract, premium support not active, fiber service customer.",High
55046-BIH,Female,51,Yes,Bihar,3,6,Deal 4,Yes,Yes,Yes,Fiber Optic,No,Yes,No,No,No,No,No,Yes,Month-to-Month,Yes,Credit Card,81.0,818.0499877929688,0.0,0,495.0,1313.050048828125,Churned,Attitude,Attitude of support person,0.51,51.0,1,Medium,"Offer an incentive to move to a long-term contract | Offer a personalized pricing or loyalty discount | Offer an early-tenure loyalty benefit. Key signals: month-to-month contract, high monthly charge, short customer tenure.",Medium
55554-UTT,Male,31,Yes,Uttar Pradesh,14,1,Deal 5,Yes,Yes,Yes,Fiber Optic,No,No,Yes,Yes,Yes,Yes,Yes,Yes,Month-to-Month,Yes,Bank Withdrawal,104.4000015258789,242.8000030517578,45.439998626708984,0,23.020000457763672,220.3800048828125,Churned,Attitude,Attitude of support person,0.81,81.0,1,High,"Offer an incentive to move to a long-term contract | Offer a personalized pricing or loyalty discount | Offer an early-tenure loyalty benefit. Key signals: month-to-month contract, high monthly charge, short customer tenure.",High
55568-MAD,Female,49,No,Madhya Pradesh,0,15,Deal 5,No,No,Yes,Cable,No,No,No,No,Yes,No,No,Yes,Month-to-Month,Yes,Bank Withdrawal,35.75,35.75,0.0,0,0.0,35.75,Churned,Price,Price too high,0.99,99.0,1,High,"Offer an incentive to move to a long-term contract | Offer priority/premium customer support. Key signals: month-to-month contract, premium support not active.",High
55616-BIH,Female,47,Yes,Bihar,0,7,None,Yes,Yes,Yes,Fiber Optic,No,No,Yes,No,Yes,Yes,Yes,Yes,Month-to-Month,Yes,Bank Withdrawal,100.75,1129.75,0.0,0,535.0399780273438,1664.7900390625,Churned,Price,Long distance charges,0.66,66.0,1,Medium,"Offer an incentive to move to a long-term contract | Offer a personalized pricing or loyalty discount | Offer an early-tenure loyalty benefit. Key signals: month-to-month contract, high monthly charge, short customer tenure.",Medium
59588-JAM,Male,57,Yes,Jammu & Kashmir,2,22,Deal 4,Yes,No,Yes,Fiber Optic,No,No,No,No,Yes,No,No,No,Month-to-Month,Yes,Bank Withdrawal,79.5,868.5,0.0,50,146.6300048828125,1065.1300048828125,Churned,Competitor,Competitor made better offer,0.7,70.0,1,High,"Offer an incentive to move to a long-term contract | Offer priority/premium customer support | Offer a service review or upgrade consultation. Key signals: month-to-month contract, premium support not active, fiber service customer.",High
59649-UTT,Female,39,Yes,Uttar Pradesh,5,20,None,Yes,No,No,None,No,No,No,No,No,No,No,No,Month-to-Month,No,Mailed Check,19.799999237060547,19.799999237060547,0.0,0,9.65999984741211,29.459999084472656,Churned,Price,Long distance charges,0.98,98.0,1,High,"Offer an incentive to move to a long-term contract | Offer priority/premium customer support | Evaluate eligibility for a value plan. Key signals: month-to-month contract, premium support not active, no value deal assigned.",High
59658-JAM,Female,24,No,Jammu & Kashmir,6,10,None,Yes,No,No,None,No,No,No,No,No,No,No,No,Month-to-Month,Yes,Mailed Check,20.100000381469727,20.100000381469727,0.0,0,4.110000133514404,24.209999084472656,Churned,Competitor,Competitor made better offer,0.95,95.0,1,High,"Offer an incentive to move to a long-term contract | Offer an early-tenure loyalty benefit | Offer priority/premium customer support. Key signals: month-to-month contract, short customer tenure, premium support not active.",High
59659-RAJ,Male,74,No,Rajasthan,8,25,None,Yes,Yes,Yes,Fiber Optic,No,No,Yes,No,Yes,Yes,No,Yes,Month-to-Month,Yes,Bank Withdrawal,100.80000305175781,100.80000305175781,0.0,0,17.350000381469727,118.1500015258789,Churned,Attitude,Attitude of service provider,0.99,99.0,1,High,"Offer an incentive to move to a long-term contract | Offer a personalized pricing or loyalty discount | Offer priority/premium customer support. Key signals: month-to-month contract, high monthly charge, premium support not active.",High
59959-KAR,Female,57,No,Karnataka,0,29,None,Yes,Yes,Yes,Cable,No,Yes,No,No,Yes,Yes,Yes,Yes,Month-to-Month,Yes,Bank Withdrawal,100.0,1534.75,0.0,0,605.280029296875,2140.030029296875,Churned,Competitor,Competitor had better devices,0.69,69.0,1,Medium,"Offer an incentive to move to a long-term contract | Offer a personalized pricing or loyalty discount | Offer priority/premium customer support. Key signals: month-to-month contract, high monthly charge, premium support not active.",Medium
61008-KAR,Female,46,Yes,Karnataka,3,33,Deal 5,Yes,No,No,None,No,No,No,No,No,No,No,No,Month-to-Month,No,Mailed Check,19.649999618530273,19.649999618530273,0.0,0,17.25,36.900001525878906,Churned,Dissatisfaction,Service dissatisfaction,0.99,99.0,1,High,"Offer an incentive to move to a long-term contract | Offer priority/premium customer support. Key signals: month-to-month contract, premium support not active.",High
61043-JAM,Female,73,No,Jammu & Kashmir,11,34,None,Yes,No,Yes,Fiber Optic,No,No,No,No,No,No,No,Yes,Month-to-Month,Yes,Bank Withdrawal,70.30000305175781,235.5,0.0,0,16.6200008392334,252.1199951171875,Churned,Competitor,Competitor made better offer,0.85,85.0,1,High,"Offer an incentive to move to a long-term contract | Offer priority/premium customer support | Offer a service review or upgrade consultation. Key signals: month-to-month contract, premium support not active, fiber service customer.",High
61054-ASS,Male,69,Yes,Assam,1,35,None,Yes,Yes,Yes,Fiber Optic,No,Yes,No,No,No,No,No,Yes,Month-to-Month,Yes,Bank Withdrawal,79.1500015258789,79.1500015258789,0.0,0,24.479999542236328,103.62999725341797,Churned,Competitor,Competitor had better devices,0.98,98.0,1,High,"Offer an incentive to move to a long-term contract | Offer priority/premium customer support | Offer a service review or upgrade consultation. Key signals: month-to-month contract, premium support not active, fiber service customer.",High
68200-WES,Male,56,No,West Bengal,14,14,Deal 5,Yes,No,Yes,Fiber Optic,No,No,Yes,No,Yes,Yes,Yes,No,Month-to-Month,No,Mailed Check,94.5,575.4500122070312,0.0,10,99.4800033569336,684.9299926757812,Churned,Dissatisfaction,Network reliability,0.65,65.0,1,Medium,"Offer an incentive to move to a long-term contract | Offer a personalized pricing or loyalty discount | Offer priority/premium customer support. Key signals: month-to-month contract, high monthly charge, premium support not active.",Medium
68296-UTT,Female,71,Yes,Uttar Pradesh,9,31,Deal 3,Yes,Yes,Yes,Fiber Optic,No,Yes,Yes,No,Yes,Yes,No,Yes,Month-to-Month,No,Credit Card,105.94999694824219,2655.25,0.0,0,1158.5,3813.75,Churned,Price,Price too high,0.64,64.0,1,Medium,"Offer an incentive to move to a long-term contract | Offer a personalized pricing or loyalty discount | Offer priority/premium customer support. Key signals: month-to-month contract, high monthly charge, premium support not active.",Medium
68299-JAM,Male,75,No,Jammu & Kashmir,10,14,Deal 3,Yes,Yes,Yes,Fiber Optic,No,No,Yes,No,Yes,Yes,No,Yes,Month-to-Month,Yes,Bank Withdrawal,101.0999984741211,3744.050048828125,0.0,0,1408.219970703125,5152.27001953125,Churned,Competitor,Competitor made better offer,0.82,82.0,1,High,"Offer an incentive to move to a long-term contract | Offer a personalized pricing or loyalty discount | Offer priority/premium customer support. Key signals: month-to-month contract, high monthly charge, premium support not active.",High
68315-TAM,Male,25,Yes,Tamil Nadu,1,30,Deal 5,Yes,No,Yes,Fiber Optic,No,No,No,No,Yes,Yes,Yes,Yes,Month-to-Month,Yes,Bank Withdrawal,90.55000305175781,90.55000305175781,0.0,0,7.150000095367432,97.69999694824219,Churned,Dissatisfaction,Product dissatisfaction,1.0,100.0,1,High,"Offer an incentive to move to a long-term contract | Offer a personalized pricing or loyalty discount | Offer priority/premium customer support. Key signals: month-to-month contract, high monthly charge, premium support not active.",High
68369-UTT,Female,76,No,Uttar Pradesh,6,12,None,Yes,Yes,Yes,Fiber Optic,No,No,No,Yes,Yes,Yes,Yes,Yes,Month-to-Month,Yes,Bank Withdrawal,101.25,3949.14990234375,0.0,0,785.8499755859375,4735.0,Stayed,Others,Others,0.54,54.0,1,Medium,"Offer an incentive to move to a long-term contract | Offer a personalized pricing or loyalty discount | Offer a service review or upgrade consultation. Key signals: month-to-month contract, high monthly charge, fiber service customer.",Medium
68786-RAJ,Female,37,Yes,Rajasthan,2,23,None,Yes,No,Yes,Fiber Optic,No,Yes,Yes,No,No,Yes,Yes,Yes,Month-to-Month,Yes,Bank Withdrawal,91.0,531.0,0.0,0,252.47999572753906,783.47998046875,Churned,Dissatisfaction,Service dissatisfaction,0.76,76.0,1,High,"Offer an incentive to move to a long-term contract | Offer a personalized pricing or loyalty discount | Offer priority/premium customer support. Key signals: month-to-month contract, high monthly charge, premium support not active.",High
72968-BIH,Female,48,Yes,Bihar,14,29,Deal 5,Yes,No,No,None,No,No,No,No,No,No,No,No,Month-to-Month,Yes,Credit Card,20.149999618530273,68.44999694824219,0.0,0,5.199999809265137,73.6500015258789,Stayed,Others,Others,0.82,82.0,1,High,"Offer an incentive to move to a long-term contract | Offer priority/premium customer support. Key signals: month-to-month contract, premium support not active.",High
73015-GUJ,Female,31,No,Gujarat,12,25,None,Yes,No,Yes,Fiber Optic,No,Yes,Yes,No,Yes,Yes,Yes,Yes,Month-to-Month,Yes,Bank Withdrawal,99.80000305175781,4391.25,0.0,0,805.4600219726562,5196.7099609375,Stayed,Others,Others,0.55,55.0,1,Medium,"Offer an incentive to move to a long-term contract | Offer a personalized pricing or loyalty discount | Offer priority/premium customer support. Key signals: month-to-month contract, high monthly charge, premium support not active.",Medium
73015-KER,Male,28,No,Kerala,3,27,None,Yes,No,Yes,Fiber Optic,Yes,No,Yes,No,No,Yes,Yes,Yes,Month-to-Month,Yes,Credit Card,90.3499984741211,434.5,17.329999923706055,0,75.05000305175781,492.2200012207031,Stayed,Others,Others,0.56,56.0,1,Medium,"Offer an incentive to move to a long-term contract | Offer a personalized pricing or loyalty discount | Offer priority/premium customer support. Key signals: month-to-month contract, high monthly charge, premium support not active.",Medium
73036-JAM,Female,66,Yes,Jammu & Kashmir,10,21,None,Yes,No,Yes,DSL,Yes,No,No,No,No,No,No,Yes,Month-to-Month,Yes,Bank Withdrawal,49.25,91.0999984741211,0.0,0,87.9800033569336,179.0800018310547,Churned,Competitor,Competitor made better offer,0.91,91.0,1,High,"Offer an incentive to move to a long-term contract | Offer priority/premium customer support | Evaluate eligibility for a value plan. Key signals: month-to-month contract, premium support not active, no value deal assigned.",High
73069-MAH,Male,73,Yes,Maharashtra,10,28,Deal 5,No,No,Yes,DSL,No,Yes,Yes,No,No,Yes,No,Yes,Month-to-Month,Yes,Bank Withdrawal,43.29999923706055,43.29999923706055,0.0,0,0.0,43.29999923706055,Churned,Dissatisfaction,Poor expertise of online support,0.98,98.0,1,High,"Offer an incentive to move to a long-term contract | Offer priority/premium customer support. Key signals: month-to-month contract, premium support not active.",High
73101-JAM,Male,21,Yes,Jammu & Kashmir,4,3,Deal 5,Yes,Yes,Yes,Cable,No,No,No,No,Yes,No,Yes,Yes,Month-to-Month,Yes,Bank Withdrawal,85.6500015258789,181.5,0.0,0,80.86000061035156,262.3599853515625,Churned,Competitor,Competitor made better offer,0.96,96.0,1,High,"Offer an incentive to move to a long-term contract | Offer a personalized pricing or loyalty discount | Offer an early-tenure loyalty benefit. Key signals: month-to-month contract, high monthly charge, short customer tenure.",High
77286-PUN,Male,29,No,Punjab,7,8,Deal 5,Yes,Yes,Yes,Fiber Optic,No,No,No,No,Yes,No,No,Yes,Month-to-Month,Yes,Bank Withdrawal,85.3499984741211,758.5999755859375,0.0,0,442.260009765625,1200.8599853515625,Churned,Competitor,Competitor offered higher download speeds,0.66,66.0,1,Medium,"Offer an incentive to move to a long-term contract | Offer a personalized pricing or loyalty discount | Offer an early-tenure loyalty benefit. Key signals: month-to-month contract, high monthly charge, short customer tenure.",Medium
77311-KER,Male,31,No,Kerala,13,26,None,No,No,Yes,DSL,No,Yes,No,No,Yes,Yes,Yes,Yes,Month-to-Month,Yes,Bank Withdrawal,48.54999923706055,201.0,0.0,0,0.0,201.0,Churned,Price,Long distance charges,0.67,67.0,1,Medium,"Offer an incentive to move to a long-term contract | Offer priority/premium customer support | Evaluate eligibility for a value plan. Key signals: month-to-month contract, premium support not active, no value deal assigned.",Medium
77336-UTT,Female,37,Yes,Uttar Pradesh,4,10,Deal 5,Yes,No,Yes,Fiber Optic,No,No,No,No,Yes,Yes,Yes,Yes,Month-to-Month,No,Bank Withdrawal,90.5999984741211,90.5999984741211,0.0,0,31.68000030517578,122.27999877929688,Churned,Competitor,Competitor offered higher download speeds,1.0,100.0,1,High,"Offer an incentive to move to a long-term contract | Offer a personalized pricing or loyalty discount | Offer an early-tenure loyalty benefit. Key signals: month-to-month contract, high monthly charge, short customer tenure.",High
77371-BIH,Male,56,Yes,Bihar,12,6,None,Yes,No,Yes,Fiber Optic,No,No,No,No,No,No,No,Yes,Month-to-Month,No,Bank Withdrawal,70.19999694824219,760.0499877929688,0.0,0,11.109999656677246,771.1599731445312,Stayed,Others,Others,0.59,59.0,1,Medium,"Offer an incentive to move to a long-term contract | Offer an early-tenure loyalty benefit | Offer priority/premium customer support. Key signals: month-to-month contract, short customer tenure, premium support not active.",Medium
77462-KAR,Female,46,Yes,Karnataka,7,33,None,Yes,Yes,Yes,Fiber Optic,No,No,No,No,Yes,Yes,Yes,Yes,Month-to-Month,Yes,Bank Withdrawal,94.75,1691.9000244140625,0.0,0,615.0599975585938,2306.9599609375,Stayed,Others,Others,0.54,54.0,1,Medium,"Offer an incentive to move to a long-term contract | Offer a personalized pricing or loyalty discount | Offer priority/premium customer support. Key signals: month-to-month contract, high monthly charge, premium support not active.",Medium
82290-GUJ,Female,76,Yes,Gujarat,2,34,None,Yes,No,Yes,Fiber Optic,No,No,No,No,Yes,No,No,Yes,Month-to-Month,Yes,Bank Withdrawal,80.8499984741211,751.6500244140625,0.0,0,390.05999755859375,1141.7099609375,Churned,Attitude,Attitude of support person,0.7,70.0,1,High,"Offer an incentive to move to a long-term contract | Offer a personalized pricing or loyalty discount | Offer priority/premium customer support. Key signals: month-to-month contract, high monthly charge, premium support not active.",High
82324-KAR,Male,56,No,Karnataka,11,25,Deal 5,Yes,No,Yes,Fiber Optic,No,No,No,No,No,No,No,Yes,Month-to-Month,Yes,Bank Withdrawal,69.0999984741211,435.0,0.0,0,111.9000015258789,546.9000244140625,Stayed,Others,Others,0.52,52.0,1,Medium,"Offer an incentive to move to a long-term contract | Offer priority/premium customer support | Offer a service review or upgrade consultation. Key signals: month-to-month contract, premium support not active, fiber service customer.",Medium
82326-ODI,Female,27,Yes,Odisha,4,4,None,Yes,Yes,Yes,Fiber Optic,No,No,No,No,No,No,No,Yes,Month-to-Month,Yes,Bank Withdrawal,75.55000305175781,166.3000030517578,0.0,0,82.73999786376953,249.0399932861328,Churned,Competitor,Competitor made better offer,0.93,93.0,1,High,"Offer an incentive to move to a long-term contract | Offer an early-tenure loyalty benefit | Offer priority/premium customer support. Key signals: month-to-month contract, short customer tenure, premium support not active.",High
82479-TEL,Female,72,Yes,Telangana,8,26,None,Yes,Yes,Yes,Fiber Optic,No,No,No,No,No,No,No,Yes,Month-to-Month,No,Bank Withdrawal,74.94999694824219,308.70001220703125,0.0,0,112.44000244140625,421.1400146484375,Churned,Competitor,Competitor offered more data,0.8,80.0,1,High,"Offer an incentive to move to a long-term contract | Offer priority/premium customer support | Offer a service review or upgrade consultation. Key signals: month-to-month contract, premium support not active, fiber service customer.",High
82481-TAM,Female,75,Yes,Tamil Nadu,11,1,None,No,No,Yes,DSL,No,No,Yes,No,No,No,No,Yes,Month-to-Month,Yes,Bank Withdrawal,30.399999618530273,78.6500015258789,0.0,0,0.0,78.6500015258789,Churned,Attitude,Attitude of support person,0.97,97.0,1,High,"Offer an incentive to move to a long-term contract | Offer an early-tenure loyalty benefit | Offer priority/premium customer support. Key signals: month-to-month contract, short customer tenure, premium support not active.",High
82483-BIH,Female,80,No,Bihar,14,3,Deal 2,Yes,Yes,Yes,Fiber Optic,No,Yes,Yes,No,Yes,Yes,No,Yes,Month-to-Month,Yes,Bank Withdrawal,104.4000015258789,4133.9501953125,0.0,0,259.5299987792969,4393.47998046875,Stayed,Others,Others,0.61,61.0,1,Medium,"Offer an incentive to move to a long-term contract | Offer a personalized pricing or loyalty discount | Offer an early-tenure loyalty benefit. Key signals: month-to-month contract, high monthly charge, short customer tenure.",Medium
82486-JHA,Female,44,No,Jharkhand,3,1,None,Yes,Yes,Yes,Fiber Optic,No,No,No,No,No,Yes,Yes,Yes,Month-to-Month,Yes,Bank Withdrawal,84.75,264.8500061035156,0.0,0,114.2699966430664,379.1199951171875,Churned,Competitor,Competitor had better devices,0.89,89.0,1,High,"Offer an incentive to move to a long-term contract | Offer a personalized pricing or loyalty discount | Offer an early-tenure loyalty benefit. Key signals: month-to-month contract, high monthly charge, short customer tenure.",High
82558-UTT,Female,51,No,Uttar Pradesh,7,30,None,Yes,No,Yes,DSL,No,No,Yes,No,Yes,Yes,Yes,Yes,Month-to-Month,Yes,Bank Withdrawal,70.05000305175781,346.3999938964844,0.0,0,71.30000305175781,417.70001220703125,Churned,Price,Price too high,0.64,64.0,1,Medium,"Offer an incentive to move to a long-term contract | Offer priority/premium customer support | Evaluate eligibility for a value plan. Key signals: month-to-month contract, premium support not active, no value deal assigned.",Medium
82561-CHH,Female,64,No,Chhattisgarh,1,23,Deal 5,Yes,Yes,Yes,Fiber Optic,No,No,No,No,Yes,No,No,No,Month-to-Month,Yes,Bank Withdrawal,85.6500015258789,321.6499938964844,0.0,10,173.27999877929688,504.92999267578125,Churned,Competitor,Competitor had better devices,0.82,82.0,1,High,"Offer an incentive to move to a long-term contract | Offer a personalized pricing or loyalty discount | Offer priority/premium customer support. Key signals: month-to-month contract, high monthly charge, premium support not active.",High
82678-WES,Female,41,No,West Bengal,2,18,None,Yes,No,Yes,Fiber Optic,No,No,Yes,Yes,Yes,No,No,Yes,Month-to-Month,Yes,Bank Withdrawal,91.0999984741211,964.3499755859375,0.0,0,429.29998779296875,1393.6500244140625,Stayed,Others,Others,0.53,53.0,1,Medium,"Offer an incentive to move to a long-term contract | Offer a personalized pricing or loyalty discount | Offer a service review or upgrade consultation. Key signals: month-to-month contract, high monthly charge, fiber service customer.",Medium
85997-JAM,Female,62,Yes,Jammu & Kashmir,5,17,Deal 5,Yes,No,No,None,No,No,No,No,No,No,No,No,Month-to-Month,Yes,Credit Card,20.100000381469727,20.100000381469727,0.0,0,40.83000183105469,60.93000030517578,Churned,Price,Long distance charges,0.98,98.0,1,High,"Offer an incentive to move to a long-term contract | Offer priority/premium customer support. Key signals: month-to-month contract, premium support not active.",High
86156-TAM,Female,51,Yes,Tamil Nadu,9,9,Deal 5,Yes,Yes,Yes,Fiber Optic,No,Yes,No,No,Yes,Yes,Yes,Yes,Month-to-Month,No,Bank Withdrawal,100.8499984741211,819.5499877929688,0.0,0,26.15999984741211,845.7100219726562,Churned,Attitude,Attitude of service provider,0.64,64.0,1,Medium,"Offer an incentive to move to a long-term contract | Offer a personalized pricing or loyalty discount | Offer an early-tenure loyalty benefit. Key signals: month-to-month contract, high monthly charge, short customer tenure.",Medium
86243-KER,Female,63,Yes,Kerala,15,8,Deal 5,Yes,No,Yes,Fiber Optic,No,No,Yes,No,No,Yes,Yes,Yes,Month-to-Month,Yes,Mailed Check,-5.0,178.6999969482422,0.0,0,48.099998474121094,226.8000030517578,Churned,Attitude,Attitude of service provider,0.82,82.0,1,High,"Offer an incentive to move to a long-term contract | Offer an early-tenure loyalty benefit | Offer priority/premium customer support. Key signals: month-to-month contract, short customer tenure, premium support not active.",High
86378-RAJ,Female,56,Yes,Rajasthan,7,4,None,Yes,Yes,Yes,Fiber Optic,Yes,No,Yes,No,Yes,Yes,Yes,Yes,Month-to-Month,Yes,Bank Withdrawal,102.44999694824219,102.44999694824219,0.0,0,25.8799991607666,128.3300018310547,Churned,Attitude,Attitude of service provider,0.97,97.0,1,High,"Offer an incentive to move to a long-term contract | Offer a personalized pricing or loyalty discount | Offer an early-tenure loyalty benefit. Key signals: month-to-month contract, high monthly charge, short customer tenure.",High
86385-ASS,Male,80,No,Assam,1,16,None,Yes,No,Yes,Fiber Optic,No,No,No,No,No,No,No,No,Month-to-Month,Yes,Bank Withdrawal,69.5,69.5,0.0,80,41.20000076293945,190.6999969482422,Churned,Price,Price too high,0.95,95.0,1,High,"Offer an incentive to move to a long-term contract | Offer priority/premium customer support | Offer a service review or upgrade consultation. Key signals: month-to-month contract, premium support not active, fiber service customer.",High
91093-BIH,Female,37,Yes,Bihar,1,32,None,Yes,Yes,Yes,Fiber Optic,No,Yes,Yes,No,No,Yes,Yes,Yes,Month-to-Month,No,Bank Withdrawal,96.55000305175781,500.1000061035156,0.0,0,195.64999389648438,695.75,Stayed,Others,Others,0.76,76.0,1,High,"Offer an incentive to move to a long-term contract | Offer a personalized pricing or loyalty discount | Offer priority/premium customer support. Key signals: month-to-month contract, high monthly charge, premium support not active.",High
91132-WES,Female,65,No,West Bengal,15,19,Deal 5,Yes,No,Yes,Fiber Optic,No,No,No,No,No,No,No,Yes,Month-to-Month,No,Bank Withdrawal,68.6500015258789,68.6500015258789,0.0,0,12.399999618530273,81.05000305175781,Churned,Price,Price too high,1.0,100.0,1,High,"Offer an incentive to move to a long-term contract | Offer priority/premium customer support | Offer a service review or upgrade consultation. Key signals: month-to-month contract, premium support not active, fiber service customer.",High
91259-AND,Female,55,Yes,Andhra Pradesh,1,8,None,Yes,Yes,Yes,Fiber Optic,No,No,Yes,Yes,No,Yes,Yes,Yes,Month-to-Month,Yes,Bank Withdrawal,95.6500015258789,1640.0,0.0,0,359.3800048828125,1999.3800048828125,Stayed,Others,Others,0.54,54.0,1,Medium,"Offer an incentive to move to a long-term contract | Offer a personalized pricing or loyalty discount | Offer an early-tenure loyalty benefit. Key signals: month-to-month contract, high monthly charge, short customer tenure.",Medium
91278-UTT,Male,45,No,Uttar Pradesh,11,20,None,Yes,No,Yes,Cable,Yes,No,No,No,Yes,Yes,Yes,Yes,Month-to-Month,Yes,Bank Withdrawal,95.0,95.0,0.0,0,12.039999961853027,107.04000091552734,Churned,Dissatisfaction,Network reliability,0.96,96.0,1,High,"Offer an incentive to move to a long-term contract | Offer a personalized pricing or loyalty discount | Offer priority/premium customer support. Key signals: month-to-month contract, high monthly charge, premium support not active.",High
91344-GUJ,Female,59,Yes,Gujarat,0,11,None,Yes,No,Yes,Fiber Optic,No,Yes,No,No,No,Yes,Yes,No,Month-to-Month,Yes,Bank Withdrawal,86.30000305175781,1180.949951171875,0.0,10,410.20001220703125,1601.1500244140625,Churned,Attitude,Attitude of service provider,0.51,51.0,1,Medium,"Offer an incentive to move to a long-term contract | Offer a personalized pricing or loyalty discount | Offer an early-tenure loyalty benefit. Key signals: month-to-month contract, high monthly charge, short customer tenure.",Medium
91425-TEL,Female,40,Yes,Telangana,14,13,None,Yes,No,Yes,Fiber Optic,No,No,No,No,No,No,No,Yes,Month-to-Month,Yes,Bank Withdrawal,70.94999694824219,137.9499969482422,0.0,0,30.65999984741211,168.61000061035156,Churned,Dissatisfaction,Poor expertise of phone support,1.0,100.0,1,High,"Offer an incentive to move to a long-term contract | Offer priority/premium customer support | Offer a service review or upgrade consultation. Key signals: month-to-month contract, premium support not active, fiber service customer.",High
91454-TAM,Female,41,No,Tamil Nadu,4,11,None,Yes,No,Yes,Cable,No,No,No,No,No,No,No,Yes,Month-to-Month,Yes,Bank Withdrawal,45.650001525878906,45.650001525878906,0.0,0,36.9900016784668,82.63999938964844,Churned,Competitor,Competitor offered higher download speeds,1.0,100.0,1,High,"Offer an incentive to move to a long-term contract | Offer an early-tenure loyalty benefit | Offer priority/premium customer support. Key signals: month-to-month contract, short customer tenure, premium support not active.",High
91505-HAR,Female,35,No,Haryana,7,26,Deal 5,Yes,No,Yes,DSL,No,No,No,No,No,No,No,Yes,Month-to-Month,Yes,Bank Withdrawal,44.099998474121094,44.099998474121094,0.0,0,4.409999847412109,48.5099983215332,Churned,Competitor,Competitor made better offer,1.0,100.0,1,High,"Offer an incentive to move to a long-term contract | Offer priority/premium customer support. Key signals: month-to-month contract, premium support not active.",High
91510-ASS,Female,67,No,Assam,9,7,None,Yes,Yes,Yes,Fiber Optic,No,No,No,No,Yes,Yes,No,Yes,Month-to-Month,Yes,Bank Withdrawal,93.19999694824219,2931.0,17.8799991607666,0,1079.6800537109375,3992.800048828125,Churned,Competitor,Competitor made better offer,0.63,63.0,1,Medium,"Offer an incentive to move to a long-term contract | Offer a personalized pricing or loyalty discount | Offer an early-tenure loyalty benefit. Key signals: month-to-month contract, high monthly charge, short customer tenure.",Medium
91510-GUJ,Female,20,No,Gujarat,2,2,None,Yes,No,No,None,No,No,No,No,No,No,No,No,Month-to-Month,No,Credit Card,19.0,73.44999694824219,0.0,0,33.52000045776367,106.97000122070312,Stayed,Others,Others,0.56,56.0,1,Medium,"Offer an incentive to move to a long-term contract | Offer an early-tenure loyalty benefit | Offer priority/premium customer support. Key signals: month-to-month contract, short customer tenure, premium support not active.",Medium
91585-TAM,Male,43,No,Tamil Nadu,9,2,Deal 5,No,No,Yes,DSL,No,No,No,No,No,No,No,Yes,Month-to-Month,Yes,Bank Withdrawal,25.149999618530273,25.149999618530273,0.0,0,0.0,25.149999618530273,Churned,Competitor,Competitor had better devices,0.99,99.0,1,High,"Offer an incentive to move to a long-term contract | Offer an early-tenure loyalty benefit | Offer priority/premium customer support. Key signals: month-to-month contract, short customer tenure, premium support not active.",High
95617-AND,Female,68,No,Andhra Pradesh,14,26,Deal 5,Yes,No,Yes,Cable,No,No,No,No,No,No,No,Yes,Month-to-Month,Yes,Mailed Check,44.45000076293945,44.45000076293945,0.0,0,48.310001373291016,92.76000213623047,Churned,Attitude,Attitude of service provider,1.0,100.0,1,High,"Offer an incentive to move to a long-term contract | Offer priority/premium customer support. Key signals: month-to-month contract, premium support not active.",High
95617-TAM,Female,22,No,Tamil Nadu,6,7,Deal 4,Yes,Yes,Yes,Fiber Optic,No,No,Yes,No,Yes,Yes,Yes,Yes,Month-to-Month,Yes,Bank Withdrawal,100.1500015258789,1164.300048828125,0.0,0,366.4800109863281,1530.780029296875,Churned,Price,Price too high,0.79,79.0,1,High,"Offer an incentive to move to a long-term contract | Offer a personalized pricing or loyalty discount | Offer an early-tenure loyalty benefit. Key signals: month-to-month contract, high monthly charge, short customer tenure.",High
95731-JAM,Female,76,No,Jammu & Kashmir,13,22,Deal 4,Yes,Yes,Yes,Fiber Optic,Yes,No,Yes,No,No,No,No,Yes,Month-to-Month,Yes,Bank Withdrawal,85.3499984741211,1463.449951171875,0.0,0,625.9400024414062,2089.389892578125,Churned,Competitor,Competitor made better offer,0.6,60.0,1,Medium,"Offer an incentive to move to a long-term contract | Offer a personalized pricing or loyalty discount | Offer priority/premium customer support. Key signals: month-to-month contract, high monthly charge, premium support not active.",Medium
95794-RAJ,Male,54,Yes,Rajasthan,13,1,None,Yes,No,Yes,Fiber Optic,No,No,Yes,No,No,No,No,Yes,Month-to-Month,Yes,Bank Withdrawal,74.80000305175781,321.8999938964844,0.0,0,29.040000915527344,350.94000244140625,Churned,Dissatisfaction,Network reliability,0.86,86.0,1,High,"Offer an incentive to move to a long-term contract | Offer an early-tenure loyalty benefit | Offer priority/premium customer support. Key signals: month-to-month contract, short customer tenure, premium support not active.",High
95860-KAR,Male,69,No,Karnataka,5,22,None,Yes,Yes,Yes,Fiber Optic,No,Yes,No,No,Yes,Yes,No,Yes,Month-to-Month,Yes,Bank Withdrawal,101.3499984741211,1218.550048828125,0.0,0,582.0,1800.550048828125,Churned,Dissatisfaction,Product dissatisfaction,0.84,84.0,1,High,"Offer an incentive to move to a long-term contract | Offer a personalized pricing or loyalty discount | Offer priority/premium customer support. Key signals: month-to-month contract, high monthly charge, premium support not active.",High
95873-GUJ,Male,43,No,Gujarat,12,26,Deal 5,Yes,No,Yes,Cable,No,No,No,No,No,No,No,Yes,Month-to-Month,Yes,Bank Withdrawal,-8.0,199.75,0.0,0,135.72000122070312,335.4700012207031,Stayed,Others,Others,0.56,56.0,1,Medium,"Offer an incentive to move to a long-term contract | Offer priority/premium customer support. Key signals: month-to-month contract, premium support not active.",Medium
95902-GUJ,Female,40,No,Gujarat,11,11,None,Yes,Yes,Yes,Fiber Optic,No,No,Yes,No,No,Yes,Yes,Yes,Month-to-Month,Yes,Bank Withdrawal,89.0999984741211,2368.39990234375,0.0,0,581.0,2949.39990234375,Churned,Competitor,Competitor had better devices,0.62,62.0,1,Medium,"Offer an incentive to move to a long-term contract | Offer a personalized pricing or loyalty discount | Offer an early-tenure loyalty benefit. Key signals: month-to-month contract, high monthly charge, short customer tenure.",Medium
99036-KAR,Male,28,Yes,Karnataka,1,11,Deal 4,Yes,Yes,Yes,Fiber Optic,No,Yes,No,No,Yes,No,No,Yes,Month-to-Month,Yes,Bank Withdrawal,91.0,1430.050048828125,0.0,0,453.29998779296875,1883.3499755859375,Stayed,Others,Others,0.52,52.0,1,Medium,"Offer an incentive to move to a long-term contract | Offer a personalized pricing or loyalty discount | Offer an early-tenure loyalty benefit. Key signals: month-to-month contract, high monthly charge, short customer tenure.",Medium
99101-KER,Female,57,Yes,Kerala,9,25,Deal 3,Yes,No,Yes,Fiber Optic,No,No,Yes,Yes,Yes,Yes,Yes,Yes,Month-to-Month,Yes,Credit Card,98.80000305175781,2807.10009765625,0.0,0,1397.800048828125,4204.89990234375,Stayed,Others,Others,0.62,62.0,1,Medium,"Offer an incentive to move to a long-term contract | Offer a personalized pricing or loyalty discount | Offer a service review or upgrade consultation. Key signals: month-to-month contract, high monthly charge, fiber service customer.",Medium
99127-JAM,Female,35,No,Jammu & Kashmir,8,5,None,Yes,Yes,Yes,Fiber Optic,No,Yes,No,No,No,No,No,Yes,Month-to-Month,No,Bank Withdrawal,77.94999694824219,305.54998779296875,0.0,0,123.80000305175781,429.3500061035156,Churned,Competitor,Competitor made better offer,0.69,69.0,1,Medium,"Offer an incentive to move to a long-term contract | Offer an early-tenure loyalty benefit | Offer priority/premium customer support. Key signals: month-to-month contract, short customer tenure, premium support not active.",Medium
99148-MAD,Female,61,No,Madhya Pradesh,3,8,None,Yes,Yes,Yes,Fiber Optic,No,No,No,Yes,No,No,No,Yes,Month-to-Month,Yes,Bank Withdrawal,80.5,502.8500061035156,0.0,0,216.72000122070312,719.5700073242188,Churned,Price,Price too high,0.73,73.0,1,High,"Offer an incentive to move to a long-term contract | Offer a personalized pricing or loyalty discount | Offer an early-tenure loyalty benefit. Key signals: month-to-month contract, high monthly charge, short customer tenure.",High
99203-JAM,Male,72,No,Jammu & Kashmir,0,10,None,No,No,Yes,DSL,No,Yes,No,No,Yes,No,No,Yes,Month-to-Month,Yes,Mailed Check,39.0,679.8499755859375,0.0,0,0.0,679.8499755859375,Churned,Competitor,Competitor had better devices,0.65,65.0,1,Medium,"Offer an incentive to move to a long-term contract | Offer an early-tenure loyalty benefit | Offer priority/premium customer support. Key signals: month-to-month contract, short customer tenure, premium support not active.",Medium
99204-HAR,Male,23,No,Haryana,7,2,None,Yes,No,Yes,Fiber Optic,Yes,No,Yes,Yes,Yes,Yes,Yes,Yes,Month-to-Month,Yes,Bank Withdrawal,105.5,2686.050048828125,0.0,0,260.0,2946.050048828125,Stayed,Others,Others,0.58,58.0,1,Medium,"Offer an incentive to move to a long-term contract | Offer a personalized pricing or loyalty discount | Offer an early-tenure loyalty benefit. Key signals: month-to-month contract, high monthly charge, short customer tenure.",Medium
99306-MAH,Female,46,No,Maharashtra,7,10,None,Yes,No,Yes,Fiber Optic,No,No,No,No,No,Yes,Yes,Yes,Month-to-Month,Yes,Bank Withdrawal,78.0999984741211,1122.4000244140625,0.0,0,62.29999923706055,1184.699951171875,Stayed,Others,Others,0.67,67.0,1,Medium,"Offer an incentive to move to a long-term contract | Offer an early-tenure loyalty benefit | Offer priority/premium customer support. Key signals: month-to-month contract, short customer tenure, premium support not active.",Medium
13495-BIH,Male,70,Yes,Bihar,5,4,Deal 4,Yes,No,Yes,Fiber Optic,No,No,No,No,No,Yes,No,Yes,Month-to-Month,No,Bank Withdrawal,78.55000305175781,1422.6500244140625,0.0,0,89.63999938964844,1512.2900390625,Churned,Attitude,Attitude of support person,0.68,68.0,1,Medium,"Offer an incentive to move to a long-term contract | Offer an early-tenure loyalty benefit | Offer priority/premium customer support. Key signals: month-to-month contract, short customer tenure, premium support not active.",Medium
13542-UTT,Male,71,Yes,Uttar Pradesh,11,20,None,Yes,Yes,Yes,Cable,No,Yes,No,No,Yes,Yes,Yes,Yes,Month-to-Month,Yes,Bank Withdrawal,100.19999694824219,6851.64990234375,0.0,0,1450.43994140625,8302.08984375,Churned,Competitor,Competitor offered more data,0.66,66.0,1,Medium,"Offer an incentive to move to a long-term contract | Offer a personalized pricing or loyalty discount | Offer priority/premium customer support. Key signals: month-to-month contract, high monthly charge, premium support not active.",Medium
13561-JHA,Male,52,No,Jharkhand,6,7,None,Yes,No,Yes,DSL,No,No,No,No,No,No,No,Yes,Month-to-Month,No,Bank Withdrawal,45.29999923706055,45.29999923706055,0.0,0,34.369998931884766,79.66999816894531,Churned,Dissatisfaction,Poor expertise of online support,1.0,100.0,1,High,"Offer an incentive to move to a long-term contract | Offer an early-tenure loyalty benefit | Offer priority/premium customer support. Key signals: month-to-month contract, short customer tenure, premium support not active.",High
13621-JAM,Male,67,No,Jammu & Kashmir,4,8,Deal 3,Yes,Yes,Yes,Fiber Optic,No,Yes,No,No,Yes,No,No,Yes,Month-to-Month,Yes,Bank Withdrawal,89.1500015258789,2277.64990234375,0.0,0,236.33999633789062,2513.989990234375,Churned,Other,Don't know,0.79,79.0,1,High,"Offer an incentive to move to a long-term contract | Offer a personalized pricing or loyalty discount | Offer an early-tenure loyalty benefit. Key signals: month-to-month contract, high monthly charge, short customer tenure.",High
16837-UTT,Female,43,Yes,Uttar Pradesh,15,18,Deal 4,No,No,Yes,Cable,No,No,No,No,No,Yes,Yes,No,Month-to-Month,Yes,Credit Card,35.5,552.7000122070312,0.0,80,0.0,632.7000122070312,Stayed,Others,Others,0.52,52.0,1,Medium,"Offer an incentive to move to a long-term contract | Offer priority/premium customer support. Key signals: month-to-month contract, premium support not active.",Medium
16898-UTT,Male,63,Yes,Uttar Pradesh,6,2,Deal 4,Yes,Yes,Yes,Fiber Optic,Yes,No,No,No,No,No,No,Yes,Month-to-Month,No,Bank Withdrawal,80.3499984741211,1747.199951171875,0.0,0,281.19000244140625,2028.3900146484375,Stayed,Others,Others,0.52,52.0,1,Medium,"Offer an incentive to move to a long-term contract | Offer a personalized pricing or loyalty discount | Offer an early-tenure loyalty benefit. Key signals: month-to-month contract, high monthly charge, short customer tenure.",Medium
16916-AND,Female,70,Yes,Andhra Pradesh,8,18,None,Yes,Yes,Yes,Fiber Optic,No,No,No,No,No,Yes,Yes,Yes,Month-to-Month,Yes,Credit Card,85.25,3132.75,0.0,0,883.4400024414062,4016.18994140625,Churned,Dissatisfaction,Product dissatisfaction,0.65,65.0,1,Medium,"Offer an incentive to move to a long-term contract | Offer a personalized pricing or loyalty discount | Offer priority/premium customer support. Key signals: month-to-month contract, high monthly charge, premium support not active.",Medium
16940-TAM,Male,59,Yes,Tamil Nadu,11,3,None,Yes,No,Yes,Fiber Optic,No,Yes,No,No,No,No,No,Yes,Month-to-Month,Yes,Bank Withdrawal,74.6500015258789,383.6499938964844,0.0,0,164.0500030517578,547.7000122070312,Stayed,Others,Others,0.75,75.0,1,High,"Offer an incentive to move to a long-term contract | Offer an early-tenure loyalty benefit | Offer priority/premium customer support. Key signals: month-to-month contract, short customer tenure, premium support not active.",High
16945-AND,Male,73,No,Andhra Pradesh,5,34,Deal 5,No,No,Yes,Cable,No,No,No,No,No,No,No,Yes,Month-to-Month,No,Bank Withdrawal,25.049999237060547,25.049999237060547,0.0,0,0.0,25.049999237060547,Churned,Competitor,Competitor had better devices,0.98,98.0,1,High,"Offer an incentive to move to a long-term contract | Offer priority/premium customer support. Key signals: month-to-month contract, premium support not active.",High
17002-UTT,Male,51,No,Uttar Pradesh,10,34,None,Yes,Yes,Yes,Fiber Optic,No,No,No,No,Yes,Yes,Yes,Yes,Month-to-Month,No,Bank Withdrawal,95.6500015258789,778.0999755859375,0.0,0,237.27999877929688,1015.3800048828125,Churned,Attitude,Attitude of support person,0.63,63.0,1,Medium,"Offer an incentive to move to a long-term contract | Offer a personalized pricing or loyalty discount | Offer priority/premium customer support. Key signals: month-to-month contract, high monthly charge, premium support not active.",Medium
23829-TAM,Male,76,Yes,Tamil Nadu,5,32,Deal 4,Yes,Yes,Yes,Fiber Optic,No,No,No,No,Yes,Yes,No,Yes,Month-to-Month,Yes,Bank Withdrawal,95.3499984741211,898.3499755859375,0.0,0,413.70001220703125,1312.050048828125,Churned,Competitor,Competitor made better offer,0.77,77.0,1,High,"Offer an incentive to move to a long-term contract | Offer a personalized pricing or loyalty discount | Offer priority/premium customer support. Key signals: month-to-month contract, high monthly charge, premium support not active.",High
23837-BIH,Female,64,No,Bihar,14,5,Deal 5,Yes,Yes,Yes,Fiber Optic,No,Yes,Yes,No,Yes,Yes,No,Yes,Month-to-Month,Yes,Bank Withdrawal,105.0,294.45001220703125,0.0,0,106.29000091552734,400.739990234375,Churned,Attitude,Attitude of support person,0.9,90.0,1,High,"Offer an incentive to move to a long-term contract | Offer a personalized pricing or loyalty discount | Offer an early-tenure loyalty benefit. Key signals: month-to-month contract, high monthly charge, short customer tenure.",High
23983-MAH,Female,32,Yes,Maharashtra,2,34,Deal 5,Yes,Yes,Yes,Fiber Optic,No,No,No,No,Yes,No,No,Yes,Month-to-Month,Yes,Bank Withdrawal,85.5,791.7000122070312,0.0,0,103.5,895.2000122070312,Stayed,Others,Others,0.86,86.0,1,High,"Offer an incentive to move to a long-term contract | Offer a personalized pricing or loyalty discount | Offer priority/premium customer support. Key signals: month-to-month contract, high monthly charge, premium support not active.",High
24101-MAH,Male,42,Yes,Maharashtra,5,22,None,Yes,Yes,Yes,Fiber Optic,No,No,No,No,No,No,No,Yes,Month-to-Month,Yes,Credit Card,73.25,131.0500030517578,0.0,0,5.920000076293945,136.97000122070312,Churned,Price,Price too high,0.96,96.0,1,High,"Offer an incentive to move to a long-term contract | Offer priority/premium customer support | Offer a service review or upgrade consultation. Key signals: month-to-month contract, premium support not active, fiber service customer.",High
27963-MAH,Female,30,No,Maharashtra,13,15,Deal 5,Yes,No,Yes,Fiber Optic,No,No,No,No,Yes,No,No,Yes,Month-to-Month,Yes,Bank Withdrawal,80.25,80.25,0.0,0,32.91999816894531,113.16999816894531,Churned,Other,Moved,0.99,99.0,1,High,"Offer an incentive to move to a long-term contract | Offer a personalized pricing or loyalty discount | Offer priority/premium customer support. Key signals: month-to-month contract, high monthly charge, premium support not active.",High
27977-KER,Female,39,No,Kerala,2,18,Deal 5,No,No,Yes,Cable,No,No,No,No,Yes,Yes,Yes,No,Month-to-Month,Yes,Bank Withdrawal,44.54999923706055,174.3000030517578,0.0,10,0.0,184.3000030517578,Churned,Attitude,Attitude of service provider,0.68,68.0,1,Medium,"Offer an incentive to move to a long-term contract | Offer priority/premium customer support. Key signals: month-to-month contract, premium support not active.",Medium
28028-MAH,Female,46,No,Maharashtra,8,22,Deal 5,Yes,Yes,Yes,Fiber Optic,No,No,No,No,No,No,No,Yes,Month-to-Month,No,Bank Withdrawal,75.3499984741211,338.1000061035156,0.0,0,116.44000244140625,454.5400085449219,Churned,Competitor,Competitor had better devices,0.72,72.0,1,High,"Offer an incentive to move to a long-term contract | Offer priority/premium customer support | Offer a service review or upgrade consultation. Key signals: month-to-month contract, premium support not active, fiber service customer.",High
28033-ASS,Female,51,Yes,Assam,5,20,None,Yes,Yes,Yes,Fiber Optic,No,No,No,No,Yes,No,No,Yes,Month-to-Month,Yes,Bank Withdrawal,84.05000305175781,966.5499877929688,0.0,0,214.1999969482422,1180.75,Stayed,Others,Others,0.74,74.0,1,High,"Offer an incentive to move to a long-term contract | Offer a personalized pricing or loyalty discount | Offer priority/premium customer support. Key signals: month-to-month contract, high monthly charge, premium support not active.",High
28145-TEL,Female,23,No,Telangana,11,2,Deal 3,Yes,Yes,Yes,Fiber Optic,No,No,No,No,No,Yes,Yes,Yes,Month-to-Month,Yes,Bank Withdrawal,85.0,2624.25,0.0,0,144.60000610351562,2768.85009765625,Churned,Other,Don't know,0.54,54.0,1,Medium,"Offer an incentive to move to a long-term contract | Offer a personalized pricing or loyalty discount | Offer an early-tenure loyalty benefit. Key signals: month-to-month contract, high monthly charge, short customer tenure.",Medium
28189-TEL,Male,66,No,Telangana,2,27,None,Yes,No,Yes,Cable,No,Yes,No,No,No,No,No,Yes,Month-to-Month,Yes,Credit Card,49.900001525878906,130.10000610351562,0.0,0,139.7100067138672,269.80999755859375,Churned,Other,Moved,0.76,76.0,1,High,"Offer an incentive to move to a long-term contract | Offer priority/premium customer support | Evaluate eligibility for a value plan. Key signals: month-to-month contract, premium support not active, no value deal assigned.",High
28195-UTT,Male,38,No,Uttar Pradesh,13,24,None,Yes,Yes,Yes,Fiber Optic,No,No,No,No,No,No,No,Yes,Month-to-Month,Yes,Bank Withdrawal,75.0999984741211,75.0999984741211,0.0,0,5.940000057220459,81.04000091552734,Churned,Dissatisfaction,Lack of self-service on Website,1.0,100.0,1,High,"Offer an incentive to move to a long-term contract | Offer priority/premium customer support | Offer a service review or upgrade consultation. Key signals: month-to-month contract, premium support not active, fiber service customer.",High
28221-WES,Female,82,Yes,West Bengal,7,36,None,Yes,Yes,Yes,Fiber Optic,Yes,No,No,No,No,No,No,Yes,Month-to-Month,Yes,Bank Withdrawal,80.30000305175781,80.30000305175781,0.0,0,17.510000228881836,97.80999755859375,Churned,Competitor,Competitor had better devices,0.95,95.0,1,High,"Offer an incentive to move to a long-term contract | Offer a personalized pricing or loyalty discount | Offer priority/premium customer support. Key signals: month-to-month contract, high monthly charge, premium support not active.",High
28284-MAH,Male,74,No,Maharashtra,3,1,None,Yes,No,Yes,Fiber Optic,No,No,No,No,No,No,No,Yes,Month-to-Month,Yes,Credit Card,70.0999984741211,467.54998779296875,20.229999542236328,0,112.3499984741211,559.6699829101562,Churned,Attitude,Attitude of service provider,0.69,69.0,1,Medium,"Offer an incentive to move to a long-term contract | Offer an early-tenure loyalty benefit | Offer priority/premium customer support. Key signals: month-to-month contract, short customer tenure, premium support not active.",Medium
28453-JAM,Female,23,No,Jammu & Kashmir,9,6,Deal 5,Yes,No,Yes,Cable,Yes,No,No,No,No,No,No,Yes,Month-to-Month,Yes,Credit Card,48.599998474121094,48.599998474121094,0.0,0,6.539999961853027,55.13999938964844,Churned,Dissatisfaction,Poor expertise of phone support,0.99,99.0,1,High,"Offer an incentive to move to a long-term contract | Offer an early-tenure loyalty benefit | Offer priority/premium customer support. Key signals: month-to-month contract, short customer tenure, premium support not active.",High
32681-MAH,Female,83,Yes,Maharashtra,3,1,None,Yes,Yes,Yes,Fiber Optic,No,No,No,No,No,Yes,No,Yes,Month-to-Month,Yes,Bank Withdrawal,84.3499984741211,474.8999938964844,0.0,0,172.25999450683594,647.1599731445312,Churned,Other,Deceased,0.91,91.0,1,High,"Offer an incentive to move to a long-term contract | Offer a personalized pricing or loyalty discount | Offer an early-tenure loyalty benefit. Key signals: month-to-month contract, high monthly charge, short customer tenure.",High
32696-UTT,Female,49,Yes,Uttar Pradesh,0,10,None,Yes,No,Yes,Fiber Optic,No,No,No,No,No,Yes,Yes,Yes,Month-to-Month,Yes,Bank Withdrawal,81.0999984741211,81.0999984741211,0.0,0,22.860000610351562,103.95999908447266,Churned,Competitor,Competitor offered more data,0.99,99.0,1,High,"Offer an incentive to move to a long-term contract | Offer a personalized pricing or loyalty discount | Offer an early-tenure loyalty benefit. Key signals: month-to-month contract, high monthly charge, short customer tenure.",High
32749-UTT,Female,58,No,Uttar Pradesh,13,12,None,Yes,Yes,Yes,Fiber Optic,No,No,No,No,Yes,Yes,Yes,Yes,Month-to-Month,Yes,Bank Withdrawal,94.5999984741211,94.5999984741211,0.0,0,1.1699999570846558,95.7699966430664,Churned,Other,Don't know,1.0,100.0,1,High,"Offer an incentive to move to a long-term contract | Offer a personalized pricing or loyalty discount | Offer priority/premium customer support. Key signals: month-to-month contract, high monthly charge, premium support not active.",High
32770-RAJ,Female,75,Yes,Rajasthan,12,12,None,Yes,Yes,Yes,Fiber Optic,No,Yes,Yes,No,Yes,Yes,No,Yes,Month-to-Month,Yes,Bank Withdrawal,105.5,829.5499877929688,0.0,0,361.2799987792969,1190.8299560546875,Churned,Price,Price too high,0.91,91.0,1,High,"Offer an incentive to move to a long-term contract | Offer a personalized pricing or loyalty discount | Offer priority/premium customer support. Key signals: month-to-month contract, high monthly charge, premium support not active.",High
32845-KAR,Female,57,No,Karnataka,11,21,Deal 5,Yes,Yes,Yes,Fiber Optic,No,No,No,Yes,No,Yes,Yes,No,Month-to-Month,Yes,Bank Withdrawal,90.25,743.75,0.0,0,79.04000091552734,822.7899780273438,Stayed,Others,Others,0.7,70.0,1,High,"Offer an incentive to move to a long-term contract | Offer a personalized pricing or loyalty discount | Offer a service review or upgrade consultation. Key signals: month-to-month contract, high monthly charge, fiber service customer.",High
32847-KER,Female,58,Yes,Kerala,15,12,None,Yes,No,Yes,Fiber Optic,No,No,No,No,Yes,Yes,Yes,Yes,Month-to-Month,Yes,Bank Withdrawal,91.0999984741211,455.29998779296875,0.0,0,70.86000061035156,526.1599731445312,Churned,Price,Long distance charges,0.82,82.0,1,High,"Offer an incentive to move to a long-term contract | Offer a personalized pricing or loyalty discount | Offer priority/premium customer support. Key signals: month-to-month contract, high monthly charge, premium support not active.",High
36423-MAH,Male,66,Yes,Maharashtra,3,17,None,Yes,No,Yes,Cable,No,No,No,No,Yes,No,No,Yes,Month-to-Month,Yes,Credit Card,53.54999923706055,53.54999923706055,0.0,0,1.590000033378601,55.13999938964844,Churned,Price,Lack of affordable download/upload speed,1.0,100.0,1,High,"Offer an incentive to move to a long-term contract | Offer priority/premium customer support | Evaluate eligibility for a value plan. Key signals: month-to-month contract, premium support not active, no value deal assigned.",High
36440-JHA,Female,78,Yes,Jharkhand,3,26,None,Yes,No,Yes,Fiber Optic,No,No,No,No,Yes,Yes,Yes,Yes,Month-to-Month,Yes,Mailed Check,89.55000305175781,3856.75,0.0,0,1682.1600341796875,5538.91015625,Churned,Dissatisfaction,Network reliability,0.52,52.0,1,Medium,"Offer an incentive to move to a long-term contract | Offer a personalized pricing or loyalty discount | Offer priority/premium customer support. Key signals: month-to-month contract, high monthly charge, premium support not active.",Medium
36479-ODI,Female,71,Yes,Odisha,2,15,None,Yes,Yes,Yes,Fiber Optic,No,Yes,No,No,No,No,No,Yes,Month-to-Month,Yes,Bank Withdrawal,79.5,4370.25,0.0,0,2471.580078125,6841.830078125,Churned,Attitude,Attitude of support person,0.6,60.0,1,Medium,"Offer an incentive to move to a long-term contract | Offer priority/premium customer support | Offer a service review or upgrade consultation. Key signals: month-to-month contract, premium support not active, fiber service customer.",Medium
36509-KAR,Female,32,Yes,Karnataka,3,16,None,Yes,Yes,Yes,Fiber Optic,No,No,No,No,Yes,No,No,Yes,Month-to-Month,Yes,Bank Withdrawal,84.0,424.75,0.0,0,242.4499969482422,667.2000122070312,Stayed,Others,Others,0.62,62.0,1,Medium,"Offer an incentive to move to a long-term contract | Offer a personalized pricing or loyalty discount | Offer priority/premium customer support. Key signals: month-to-month contract, high monthly charge, premium support not active.",Medium
36531-JAM,Male,58,No,Jammu & Kashmir,6,14,Deal 5,Yes,No,Yes,Fiber Optic,No,No,Yes,No,Yes,Yes,Yes,Yes,Month-to-Month,No,Bank Withdrawal,96.5,492.54998779296875,0.0,0,104.30000305175781,596.8499755859375,Churned,Competitor,Competitor made better offer,0.85,85.0,1,High,"Offer an incentive to move to a long-term contract | Offer a personalized pricing or loyalty discount | Offer priority/premium customer support. Key signals: month-to-month contract, high monthly charge, premium support not active.",High
36574-WES,Female,51,Yes,West Bengal,7,26,None,Yes,No,Yes,Fiber Optic,No,Yes,No,No,No,No,No,Yes,Month-to-Month,No,Bank Withdrawal,75.80000305175781,75.80000305175781,0.0,0,14.479999542236328,90.27999877929688,Churned,Competitor,Competitor had better devices,0.99,99.0,1,High,"Offer an incentive to move to a long-term contract | Offer priority/premium customer support | Offer a service review or upgrade consultation. Key signals: month-to-month contract, premium support not active, fiber service customer.",High
36589-UTT,Female,56,No,Uttar Pradesh,13,29,Deal 5,Yes,No,No,None,No,No,No,No,No,No,No,No,Month-to-Month,No,Credit Card,20.899999618530273,20.899999618530273,0.0,0,15.510000228881836,36.40999984741211,Churned,Dissatisfaction,Limited range of services,0.94,94.0,1,High,"Offer an incentive to move to a long-term contract | Offer priority/premium customer support. Key signals: month-to-month contract, premium support not active.",High
39937-UTT,Female,34,Yes,Uttar Pradesh,5,32,None,Yes,No,Yes,Fiber Optic,Yes,No,No,No,Yes,Yes,Yes,Yes,Month-to-Month,No,Bank Withdrawal,93.8499984741211,1625.6500244140625,0.0,0,76.66999816894531,1702.3199462890625,Churned,Price,Price too high,0.55,55.0,1,Medium,"Offer an incentive to move to a long-term contract | Offer a personalized pricing or loyalty discount | Offer priority/premium customer support. Key signals: month-to-month contract, high monthly charge, premium support not active.",Medium
41047-TAM,Female,30,No,Tamil Nadu,5,19,None,Yes,No,Yes,Fiber Optic,No,No,Yes,No,No,No,No,Yes,Month-to-Month,Yes,Bank Withdrawal,74.9000015258789,74.9000015258789,0.0,0,35.25,110.1500015258789,Churned,Competitor,Competitor had better devices,1.0,100.0,1,High,"Offer an incentive to move to a long-term contract | Offer priority/premium customer support | Offer a service review or upgrade consultation. Key signals: month-to-month contract, premium support not active, fiber service customer.",High
41061-JAM,Female,33,No,Jammu & Kashmir,13,9,None,Yes,Yes,Yes,Fiber Optic,No,No,No,No,No,No,No,Yes,Month-to-Month,Yes,Bank Withdrawal,75.9000015258789,357.75,0.0,0,234.39999389648438,592.1500244140625,Churned,Competitor,Competitor made better offer,0.65,65.0,1,Medium,"Offer an incentive to move to a long-term contract | Offer an early-tenure loyalty benefit | Offer priority/premium customer support. Key signals: month-to-month contract, short customer tenure, premium support not active.",Medium
41083-DEL,Female,26,Yes,Delhi,3,2,Deal 5,Yes,Yes,Yes,Fiber Optic,No,Yes,Yes,No,Yes,Yes,Yes,Yes,Month-to-Month,Yes,Bank Withdrawal,105.30000305175781,545.2000122070312,0.0,0,164.63999938964844,709.8400268554688,Churned,Competitor,Competitor offered more data,0.75,75.0,1,High,"Offer an incentive to move to a long-term contract | Offer a personalized pricing or loyalty discount | Offer an early-tenure loyalty benefit. Key signals: month-to-month contract, high monthly charge, short customer tenure.",High
41173-MAH,Female,76,Yes,Maharashtra,14,23,Deal 5,Yes,No,No,None,No,No,No,No,No,No,No,No,Month-to-Month,Yes,Credit Card,20.850000381469727,20.850000381469727,0.0,0,22.860000610351562,43.709999084472656,Churned,Attitude,Attitude of support person,0.94,94.0,1,High,"Offer an incentive to move to a long-term contract | Offer priority/premium customer support. Key signals: month-to-month contract, premium support not active.",High
45174-DEL,Male,48,No,Delhi,12,11,None,Yes,No,Yes,DSL,No,No,No,No,No,No,No,Yes,Month-to-Month,Yes,Credit Card,44.04999923706055,202.14999389648438,0.0,0,54.95000076293945,257.1000061035156,Stayed,Others,Others,0.73,73.0,1,High,"Offer an incentive to move to a long-term contract | Offer an early-tenure loyalty benefit | Offer priority/premium customer support. Key signals: month-to-month contract, short customer tenure, premium support not active.",High
45199-ASS,Male,44,No,Assam,2,11,None,Yes,No,Yes,DSL,No,No,No,No,No,No,No,No,Month-to-Month,No,Mailed Check,44.650001525878906,74.9000015258789,0.0,10,49.79999923706055,134.6999969482422,Churned,Competitor,Competitor made better offer,0.95,95.0,1,High,"Offer an incentive to move to a long-term contract | Offer an early-tenure loyalty benefit | Offer priority/premium customer support. Key signals: month-to-month contract, short customer tenure, premium support not active.",High
45202-UTT,Male,38,No,Uttar Pradesh,9,25,None,Yes,No,Yes,Fiber Optic,No,No,No,No,No,No,No,Yes,Month-to-Month,Yes,Bank Withdrawal,70.0,740.0,0.0,0,272.79998779296875,1012.7999877929688,Churned,Competitor,Competitor had better devices,0.62,62.0,1,Medium,"Offer an incentive to move to a long-term contract | Offer priority/premium customer support | Offer a service review or upgrade consultation. Key signals: month-to-month contract, premium support not active, fiber service customer.",Medium
45307-MAD,Female,73,Yes,Madhya Pradesh,5,9,None,Yes,Yes,Yes,Cable,No,No,No,No,No,Yes,No,Yes,Month-to-Month,Yes,Bank Withdrawal,86.6500015258789,856.6500244140625,0.0,0,465.0,1321.6500244140625,Churned,Dissatisfaction,Limited range of services,0.84,84.0,1,High,"Offer an incentive to move to a long-term contract | Offer a personalized pricing or loyalty discount | Offer an early-tenure loyalty benefit. Key signals: month-to-month contract, high monthly charge, short customer tenure.",High
45324-TAM,Female,36,Yes,Tamil Nadu,8,14,None,Yes,No,Yes,Fiber Optic,No,Yes,No,No,No,Yes,Yes,Yes,Month-to-Month,Yes,Bank Withdrawal,84.5999984741211,1017.3499755859375,0.0,0,30.84000015258789,1048.18994140625,Stayed,Others,Others,0.63,63.0,1,Medium,"Offer an incentive to move to a long-term contract | Offer a personalized pricing or loyalty discount | Offer priority/premium customer support. Key signals: month-to-month contract, high monthly charge, premium support not active.",Medium
48955-TEL,Female,24,No,Telangana,14,12,Deal 4,Yes,No,Yes,Fiber Optic,No,No,Yes,No,No,No,No,Yes,Month-to-Month,No,Bank Withdrawal,72.9000015258789,818.4500122070312,0.0,0,201.6300048828125,1020.0800170898438,Stayed,Others,Others,0.55,55.0,1,Medium,"Offer an incentive to move to a long-term contract | Offer priority/premium customer support | Offer a service review or upgrade consultation. Key signals: month-to-month contract, premium support not active, fiber service customer.",Medium
49082-UTT,Male,31,Yes,Uttar Pradesh,10,22,Deal 5,Yes,No,Yes,Fiber Optic,No,No,Yes,Yes,Yes,Yes,Yes,Yes,Month-to-Month,Yes,Bank Withdrawal,98.69999694824219,293.6499938964844,0.0,0,98.27999877929688,391.92999267578125,Churned,Attitude,Attitude of service provider,0.87,87.0,1,High,"Offer an incentive to move to a long-term contract | Offer a personalized pricing or loyalty discount | Offer a service review or upgrade consultation. Key signals: month-to-month contract, high monthly charge, fiber service customer.",High
49119-KAR,Female,43,No,Karnataka,15,27,Deal 4,Yes,Yes,Yes,Cable,No,No,No,No,Yes,Yes,Yes,Yes,Month-to-Month,Yes,Bank Withdrawal,96.05000305175781,1148.0999755859375,0.0,0,536.52001953125,1684.6199951171875,Churned,Attitude,Attitude of support person,0.67,67.0,1,Medium,"Offer an incentive to move to a long-term contract | Offer a personalized pricing or loyalty discount | Offer priority/premium customer support. Key signals: month-to-month contract, high monthly charge, premium support not active.",Medium
49184-JAM,Female,68,Yes,Jammu & Kashmir,2,4,Deal 5,Yes,Yes,Yes,Fiber Optic,No,Yes,No,No,No,Yes,Yes,Yes,Month-to-Month,Yes,Credit Card,90.8499984741211,90.8499984741211,0.0,0,8.5600004196167,99.41000366210938,Churned,Competitor,Competitor made better offer,1.0,100.0,1,High,"Offer an incentive to move to a long-term contract | Offer a personalized pricing or loyalty discount | Offer an early-tenure loyalty benefit. Key signals: month-to-month contract, high monthly charge, short customer tenure.",High
49241-KAR,Female,30,Yes,Karnataka,7,3,Deal 5,Yes,Yes,Yes,Cable,No,Yes,No,Yes,No,No,No,Yes,Month-to-Month,No,Mailed Check,60.099998474121094,60.099998474121094,0.0,0,23.6299991607666,83.7300033569336,Churned,Competitor,Competitor had better devices,0.97,97.0,1,High,"Offer an incentive to move to a long-term contract | Offer an early-tenure loyalty benefit. Key signals: month-to-month contract, short customer tenure.",High
49243-PUN,Female,78,No,Punjab,2,8,None,Yes,Yes,Yes,Fiber Optic,No,No,No,No,Yes,No,No,No,Month-to-Month,Yes,Credit Card,86.8499984741211,156.35000610351562,0.0,40,8.380000114440918,204.72999572753906,Churned,Competitor,Competitor had better devices,0.92,92.0,1,High,"Offer an incentive to move to a long-term contract | Offer a personalized pricing or loyalty discount | Offer an early-tenure loyalty benefit. Key signals: month-to-month contract, high monthly charge, short customer tenure.",High
49244-HAR,Male,33,Yes,Haryana,4,9,None,Yes,No,Yes,DSL,Yes,Yes,No,No,No,No,No,Yes,Month-to-Month,Yes,Credit Card,53.849998474121094,108.1500015258789,0.0,0,20.940000534057617,129.08999633789062,Churned,Competitor,Competitor made better offer,0.92,92.0,1,High,"Offer an incentive to move to a long-term contract | Offer an early-tenure loyalty benefit | Offer priority/premium customer support. Key signals: month-to-month contract, short customer tenure, premium support not active.",High
49251-TAM,Female,44,No,Tamil Nadu,5,16,Deal 5,No,No,Yes,DSL,Yes,Yes,No,No,No,No,No,Yes,Month-to-Month,Yes,Bank Withdrawal,33.650001525878906,137.85000610351562,0.0,0,0.0,137.85000610351562,Churned,Attitude,Attitude of service provider,0.61,61.0,1,Medium,"Offer an incentive to move to a long-term contract | Offer priority/premium customer support. Key signals: month-to-month contract, premium support not active.",Medium
53888-ODI,Female,24,Yes,Odisha,4,1,None,Yes,No,Yes,Fiber Optic,Yes,No,Yes,No,Yes,Yes,Yes,No,Month-to-Month,Yes,Credit Card,99.0,287.3999938964844,0.0,10,100.16999816894531,397.57000732421875,Churned,Competitor,Competitor offered higher download speeds,0.78,78.0,1,High,"Offer an incentive to move to a long-term contract | Offer a personalized pricing or loyalty discount | Offer an early-tenure loyalty benefit. Key signals: month-to-month contract, high monthly charge, short customer tenure.",High
53915-PUN,Female,76,Yes,Punjab,8,8,None,Yes,No,Yes,Fiber Optic,No,No,No,No,No,No,No,Yes,Month-to-Month,Yes,Bank Withdrawal,70.1500015258789,70.1500015258789,0.0,0,47.970001220703125,118.12000274658203,Churned,Competitor,Competitor made better offer,0.99,99.0,1,High,"Offer an incentive to move to a long-term contract | Offer an early-tenure loyalty benefit | Offer priority/premium customer support. Key signals: month-to-month contract, short customer tenure, premium support not active.",High
53924-KAR,Female,23,Yes,Karnataka,7,6,Deal 5,Yes,No,No,None,No,No,No,No,No,No,No,No,Month-to-Month,Yes,Bank Withdrawal,19.850000381469727,63.0,0.0,0,27.520000457763672,90.5199966430664,Stayed,Others,Others,0.8,80.0,1,High,"Offer an incentive to move to a long-term contract | Offer an early-tenure loyalty benefit | Offer priority/premium customer support. Key signals: month-to-month contract, short customer tenure, premium support not active.",High
58354-JAM,Male,76,Yes,Jammu & Kashmir,10,6,Deal 2,Yes,Yes,Yes,Fiber Optic,No,No,Yes,No,Yes,Yes,No,Yes,Month-to-Month,Yes,Bank Withdrawal,101.0,4680.0498046875,0.0,0,246.55999755859375,4926.60986328125,Churned,Competitor,Competitor made better offer,0.67,67.0,1,Medium,"Offer an incentive to move to a long-term contract | Offer a personalized pricing or loyalty discount | Offer an early-tenure loyalty benefit. Key signals: month-to-month contract, high monthly charge, short customer tenure.",Medium
58381-GUJ,Female,69,No,Gujarat,2,13,Deal 5,Yes,No,Yes,Fiber Optic,No,Yes,Yes,No,No,No,No,Yes,Month-to-Month,Yes,Bank Withdrawal,82.30000305175781,82.30000305175781,0.0,0,33.40999984741211,115.70999908447266,Churned,Competitor,Competitor had better devices,0.99,99.0,1,High,"Offer an incentive to move to a long-term contract | Offer a personalized pricing or loyalty discount | Offer priority/premium customer support. Key signals: month-to-month contract, high monthly charge, premium support not active.",High
58500-BIH,Female,74,No,Bihar,1,5,None,Yes,No,Yes,DSL,No,Yes,No,No,No,No,No,Yes,Month-to-Month,Yes,Bank Withdrawal,50.400001525878906,1527.5,0.0,0,139.5,1667.0,Churned,Attitude,Attitude of support person,0.58,58.0,1,Medium,"Offer an incentive to move to a long-term contract | Offer an early-tenure loyalty benefit | Offer priority/premium customer support. Key signals: month-to-month contract, short customer tenure, premium support not active.",Medium
58571-GUJ,Male,50,No,Gujarat,10,22,Deal 5,Yes,No,Yes,Fiber Optic,No,No,No,No,No,No,No,No,Month-to-Month,Yes,Bank Withdrawal,71.05000305175781,472.6499938964844,0.0,10,199.5,682.1500244140625,Stayed,Others,Others,0.55,55.0,1,Medium,"Offer an incentive to move to a long-term contract | Offer priority/premium customer support | Offer a service review or upgrade consultation. Key signals: month-to-month contract, premium support not active, fiber service customer.",Medium
63030-MAH,Male,44,Yes,Maharashtra,13,19,Deal 5,Yes,No,Yes,Cable,No,No,No,No,No,No,No,Yes,Month-to-Month,Yes,Bank Withdrawal,42.900001525878906,42.900001525878906,0.0,0,4.019999980926514,46.91999816894531,Churned,Competitor,Competitor had better devices,0.99,99.0,1,High,"Offer an incentive to move to a long-term contract | Offer priority/premium customer support. Key signals: month-to-month contract, premium support not active.",High
63087-PUN,Female,59,No,Punjab,2,26,Deal 4,Yes,Yes,Yes,Fiber Optic,Yes,No,Yes,No,Yes,Yes,Yes,Yes,Month-to-Month,No,Credit Card,103.8499984741211,2215.0,0.0,0,333.69000244140625,2548.68994140625,Stayed,Others,Others,0.53,53.0,1,Medium,"Offer an incentive to move to a long-term contract | Offer a personalized pricing or loyalty discount | Offer priority/premium customer support. Key signals: month-to-month contract, high monthly charge, premium support not active.",Medium
63091-WES,Female,61,Yes,West Bengal,13,16,Deal 5,Yes,No,Yes,Cable,Yes,Yes,No,No,No,No,No,Yes,Month-to-Month,No,Bank Withdrawal,55.20000076293945,220.64999389648438,0.0,0,29.959999084472656,250.61000061035156,Stayed,Others,Others,0.61,61.0,1,Medium,"Offer an incentive to move to a long-term contract | Offer priority/premium customer support. Key signals: month-to-month contract, premium support not active.",Medium
63117-BIH,Female,51,No,Bihar,1,27,None,Yes,No,Yes,Fiber Optic,No,No,No,No,No,No,No,Yes,Month-to-Month,Yes,Bank Withdrawal,69.80000305175781,377.8500061035156,0.0,0,231.0,608.8499755859375,Stayed,Others,Others,0.57,57.0,1,Medium,"Offer an incentive to move to a long-term contract | Offer priority/premium customer support | Offer a service review or upgrade consultation. Key signals: month-to-month contract, premium support not active, fiber service customer.",Medium
63129-PUN,Female,77,Yes,Punjab,5,19,None,Yes,No,Yes,Fiber Optic,Yes,No,Yes,Yes,No,Yes,No,No,Month-to-Month,Yes,Credit Card,96.30000305175781,1426.75,0.0,150,286.6499938964844,1863.4000244140625,Churned,Attitude,Attitude of support person,0.52,52.0,1,Medium,"Offer an incentive to move to a long-term contract | Offer a personalized pricing or loyalty discount | Offer a service review or upgrade consultation. Key signals: month-to-month contract, high monthly charge, fiber service customer.",Medium
63165-JAM,Female,70,Yes,Jammu & Kashmir,10,13,Deal 5,Yes,No,Yes,Fiber Optic,No,No,No,No,No,No,No,No,Month-to-Month,Yes,Bank Withdrawal,69.94999694824219,69.94999694824219,0.0,10,22.5,102.44999694824219,Churned,Competitor,Competitor made better offer,0.99,99.0,1,High,"Offer an incentive to move to a long-term contract | Offer priority/premium customer support | Offer a service review or upgrade consultation. Key signals: month-to-month contract, premium support not active, fiber service customer.",High
63169-PUN,Female,37,No,Punjab,6,21,Deal 4,Yes,Yes,Yes,Fiber Optic,No,No,No,No,Yes,Yes,Yes,Yes,Month-to-Month,Yes,Bank Withdrawal,92.55000305175781,1515.0999755859375,0.0,0,301.07000732421875,1816.1700439453125,Churned,Other,Moved,0.61,61.0,1,Medium,"Offer an incentive to move to a long-term contract | Offer a personalized pricing or loyalty discount | Offer priority/premium customer support. Key signals: month-to-month contract, high monthly charge, premium support not active.",Medium
63463-UTT,Female,64,No,Uttar Pradesh,9,18,None,Yes,Yes,Yes,Fiber Optic,Yes,No,No,No,No,No,No,Yes,Month-to-Month,Yes,Credit Card,79.6500015258789,604.7000122070312,0.0,0,282.239990234375,886.9400024414062,Churned,Attitude,Attitude of support person,0.57,57.0,1,Medium,"Offer an incentive to move to a long-term contract | Offer priority/premium customer support | Offer a service review or upgrade consultation. Key signals: month-to-month contract, premium support not active, fiber service customer.",Medium
63477-AND,Female,18,No,Andhra Pradesh,9,1,None,Yes,No,Yes,DSL,No,No,No,No,Yes,Yes,Yes,Yes,Month-to-Month,No,Credit Card,65.69999694824219,134.35000610351562,0.0,0,54.540000915527344,188.88999938964844,Churned,Competitor,Competitor had better devices,0.84,84.0,1,High,"Offer an incentive to move to a long-term contract | Offer an early-tenure loyalty benefit | Offer priority/premium customer support. Key signals: month-to-month contract, short customer tenure, premium support not active.",High
63499-AND,Male,50,Yes,Andhra Pradesh,5,28,None,Yes,No,Yes,DSL,No,No,No,No,No,No,No,Yes,Month-to-Month,Yes,Credit Card,45.849998474121094,45.849998474121094,0.0,0,14.899999618530273,60.75,Churned,Other,Don't know,1.0,100.0,1,High,"Offer an incentive to move to a long-term contract | Offer priority/premium customer support | Evaluate eligibility for a value plan. Key signals: month-to-month contract, premium support not active, no value deal assigned.",High
63565-JAM,Female,38,Yes,Jammu & Kashmir,8,10,None,Yes,No,Yes,Fiber Optic,No,No,No,Yes,No,No,No,Yes,Month-to-Month,Yes,Bank Withdrawal,75.8499984741211,647.5,0.0,0,72.9000015258789,720.4000244140625,Stayed,Others,Others,0.56,56.0,1,Medium,"Offer an incentive to move to a long-term contract | Offer an early-tenure loyalty benefit | Offer a service review or upgrade consultation. Key signals: month-to-month contract, short customer tenure, fiber service customer.",Medium
66654-AND,Female,19,No,Andhra Pradesh,10,11,None,Yes,Yes,Yes,Fiber Optic,No,Yes,No,No,Yes,No,No,No,Month-to-Month,Yes,Bank Withdrawal,89.75,552.6500244140625,0.0,60,206.52000427246094,819.1699829101562,Stayed,Others,Others,0.64,64.0,1,Medium,"Offer an incentive to move to a long-term contract | Offer a personalized pricing or loyalty discount | Offer an early-tenure loyalty benefit. Key signals: month-to-month contract, high monthly charge, short customer tenure.",Medium
66734-WES,Female,81,No,West Bengal,3,1,None,Yes,Yes,Yes,Fiber Optic,No,Yes,Yes,No,Yes,Yes,No,Yes,Month-to-Month,Yes,Bank Withdrawal,104.8499984741211,1531.4000244140625,0.0,0,419.44000244140625,1950.8399658203125,Churned,Dissatisfaction,Product dissatisfaction,0.66,66.0,1,Medium,"Offer an incentive to move to a long-term contract | Offer a personalized pricing or loyalty discount | Offer an early-tenure loyalty benefit. Key signals: month-to-month contract, high monthly charge, short customer tenure.",Medium
66919-JAM,Female,47,No,Jammu & Kashmir,11,34,None,Yes,Yes,Yes,Fiber Optic,No,No,No,No,Yes,Yes,Yes,Yes,Month-to-Month,Yes,Mailed Check,94.55000305175781,2724.60009765625,0.0,0,299.42999267578125,3024.030029296875,Churned,Competitor,Competitor made better offer,0.61,61.0,1,Medium,"Offer an incentive to move to a long-term contract | Offer a personalized pricing or loyalty discount | Offer priority/premium customer support. Key signals: month-to-month contract, high monthly charge, premium support not active.",Medium
72285-JAM,Female,45,No,Jammu & Kashmir,9,20,None,Yes,No,Yes,Fiber Optic,No,No,No,No,No,Yes,Yes,Yes,Month-to-Month,No,Bank Withdrawal,-1.0,159.4499969482422,0.0,0,10.220000267028809,169.6699981689453,Churned,Competitor,Competitor made better offer,0.81,81.0,1,High,"Offer an incentive to move to a long-term contract | Offer priority/premium customer support | Offer a service review or upgrade consultation. Key signals: month-to-month contract, premium support not active, fiber service customer.",High
72309-BIH,Male,59,No,Bihar,12,12,None,Yes,No,Yes,Fiber Optic,No,Yes,No,No,No,Yes,Yes,Yes,Month-to-Month,Yes,Bank Withdrawal,83.5999984741211,404.20001220703125,24.440000534057617,0,35.0,414.760009765625,Churned,Competitor,Competitor offered higher download speeds,0.87,87.0,1,High,"Offer an incentive to move to a long-term contract | Offer a personalized pricing or loyalty discount | Offer priority/premium customer support. Key signals: month-to-month contract, high monthly charge, premium support not active.",High
72349-UTT,Male,72,Yes,Uttar Pradesh,6,12,None,Yes,No,Yes,Fiber Optic,No,Yes,No,No,No,No,No,No,Month-to-Month,Yes,Bank Withdrawal,72.8499984741211,688.6500244140625,0.0,30,54.599998474121094,773.25,Churned,Competitor,Competitor had better devices,0.65,65.0,1,Medium,"Offer an incentive to move to a long-term contract | Offer priority/premium customer support | Offer a service review or upgrade consultation. Key signals: month-to-month contract, premium support not active, fiber service customer.",Medium
75858-HAR,Female,60,No,Haryana,10,31,None,Yes,Yes,Yes,Fiber Optic,No,No,No,No,No,No,No,Yes,Month-to-Month,Yes,Bank Withdrawal,75.3499984741211,564.6500244140625,0.0,0,176.19000244140625,740.8400268554688,Stayed,Others,Others,0.79,79.0,1,High,"Offer an incentive to move to a long-term contract | Offer priority/premium customer support | Offer a service review or upgrade consultation. Key signals: month-to-month contract, premium support not active, fiber service customer.",High
75915-KER,Male,29,Yes,Kerala,3,5,Deal 5,Yes,No,Yes,Fiber Optic,No,No,No,No,No,No,No,Yes,Month-to-Month,Yes,Bank Withdrawal,70.30000305175781,70.30000305175781,0.0,0,5.670000076293945,75.97000122070312,Churned,Other,Don't know,1.0,100.0,1,High,"Offer an incentive to move to a long-term contract | Offer an early-tenure loyalty benefit | Offer priority/premium customer support. Key signals: month-to-month contract, short customer tenure, premium support not active.",High
75929-HAR,Female,23,Yes,Haryana,12,3,Deal 5,Yes,Yes,Yes,Fiber Optic,No,Yes,No,No,Yes,Yes,Yes,Yes,Month-to-Month,Yes,Bank Withdrawal,101.69999694824219,364.54998779296875,1.4800000190734863,0,104.63999938964844,467.7099914550781,Churned,Competitor,Competitor made better offer,0.93,93.0,1,High,"Offer an incentive to move to a long-term contract | Offer a personalized pricing or loyalty discount | Offer an early-tenure loyalty benefit. Key signals: month-to-month contract, high monthly charge, short customer tenure.",High
76034-MAD,Male,71,Yes,Madhya Pradesh,2,3,None,Yes,Yes,Yes,Fiber Optic,No,No,No,No,Yes,Yes,No,Yes,Month-to-Month,Yes,Bank Withdrawal,94.44999694824219,2653.64990234375,0.0,0,181.25,2834.89990234375,Churned,Competitor,Competitor had better devices,0.79,79.0,1,High,"Offer an incentive to move to a long-term contract | Offer a personalized pricing or loyalty discount | Offer an early-tenure loyalty benefit. Key signals: month-to-month contract, high monthly charge, short customer tenure.",High
76097-RAJ,Female,33,Yes,Rajasthan,1,26,Deal 5,Yes,No,Yes,Cable,No,No,No,No,Yes,Yes,Yes,Yes,Month-to-Month,Yes,Bank Withdrawal,89.55000305175781,89.55000305175781,0.0,0,42.459999084472656,132.00999450683594,Churned,Competitor,Competitor had better devices,1.0,100.0,1,High,"Offer an incentive to move to a long-term contract | Offer a personalized pricing or loyalty discount | Offer priority/premium customer support. Key signals: month-to-month contract, high monthly charge, premium support not active.",High
76101-JAM,Female,71,No,Jammu & Kashmir,11,31,None,Yes,Yes,Yes,Fiber Optic,No,No,Yes,No,Yes,Yes,Yes,No,Month-to-Month,Yes,Bank Withdrawal,98.5,3004.14990234375,37.54999923706055,40,747.6199951171875,3754.219970703125,Churned,Attitude,Attitude of service provider,0.72,72.0,1,High,"Offer an incentive to move to a long-term contract | Offer a personalized pricing or loyalty discount | Offer priority/premium customer support. Key signals: month-to-month contract, high monthly charge, premium support not active.",High
76221-UTT,Male,71,Yes,Uttar Pradesh,1,36,None,Yes,Yes,Yes,Fiber Optic,No,Yes,Yes,No,Yes,Yes,No,Yes,Month-to-Month,Yes,Credit Card,102.94999694824219,2496.699951171875,0.0,0,77.5199966430664,2574.219970703125,Churned,Attitude,Attitude of support person,0.62,62.0,1,Medium,"Offer an incentive to move to a long-term contract | Offer a personalized pricing or loyalty discount | Offer priority/premium customer support. Key signals: month-to-month contract, high monthly charge, premium support not active.",Medium
76248-MAH,Female,25,No,Maharashtra,15,14,Deal 5,Yes,Yes,Yes,Fiber Optic,Yes,No,No,No,No,No,No,Yes,Month-to-Month,Yes,Bank Withdrawal,80.0999984741211,336.1499938964844,0.0,0,176.63999938964844,512.7899780273438,Stayed,Others,Others,0.53,53.0,1,Medium,"Offer an incentive to move to a long-term contract | Offer a personalized pricing or loyalty discount | Offer priority/premium customer support. Key signals: month-to-month contract, high monthly charge, premium support not active.",Medium
76322-GUJ,Female,75,Yes,Gujarat,12,15,None,Yes,No,Yes,DSL,No,Yes,No,No,Yes,No,No,Yes,Month-to-Month,Yes,Bank Withdrawal,59.900001525878906,788.3499755859375,0.0,0,648.7000122070312,1437.050048828125,Stayed,Others,Others,0.73,73.0,1,High,"Offer an incentive to move to a long-term contract | Offer priority/premium customer support | Evaluate eligibility for a value plan. Key signals: month-to-month contract, premium support not active, no value deal assigned.",High
76330-HAR,Female,65,Yes,Haryana,15,33,Deal 4,Yes,No,Yes,Fiber Optic,No,No,No,No,No,Yes,Yes,Yes,Month-to-Month,Yes,Bank Withdrawal,78.75,1218.25,0.0,0,632.3200073242188,1850.5699462890625,Stayed,Others,Others,0.53,53.0,1,Medium,"Offer an incentive to move to a long-term contract | Offer priority/premium customer support | Offer a service review or upgrade consultation. Key signals: month-to-month contract, premium support not active, fiber service customer.",Medium
79608-GUJ,Female,49,Yes,Gujarat,6,21,None,Yes,No,Yes,Fiber Optic,No,No,Yes,Yes,No,Yes,Yes,Yes,Month-to-Month,No,Credit Card,90.0,190.0500030517578,0.0,0,93.83999633789062,283.8900146484375,Churned,Competitor,Competitor made better offer,0.86,86.0,1,High,"Offer an incentive to move to a long-term contract | Offer a personalized pricing or loyalty discount | Offer a service review or upgrade consultation. Key signals: month-to-month contract, high monthly charge, fiber service customer.",High
79611-HAR,Male,61,Yes,Haryana,0,18,None,Yes,Yes,Yes,Fiber Optic,No,No,No,No,Yes,Yes,Yes,Yes,Month-to-Month,Yes,Bank Withdrawal,95.69999694824219,4816.7001953125,0.0,0,946.0,5762.7001953125,Churned,Dissatisfaction,Network reliability,0.5,50.0,1,Medium,"Offer an incentive to move to a long-term contract | Offer a personalized pricing or loyalty discount | Offer priority/premium customer support. Key signals: month-to-month contract, high monthly charge, premium support not active.",Medium
79624-JAM,Female,38,No,Jammu & Kashmir,11,13,None,Yes,No,Yes,Fiber Optic,No,No,No,No,Yes,No,No,Yes,Month-to-Month,Yes,Bank Withdrawal,81.0999984741211,576.6500244140625,0.0,0,81.05999755859375,657.7100219726562,Churned,Competitor,Competitor made better offer,0.73,73.0,1,High,"Offer an incentive to move to a long-term contract | Offer a personalized pricing or loyalty discount | Offer priority/premium customer support. Key signals: month-to-month contract, high monthly charge, premium support not active.",High
79637-TAM,Female,60,No,Tamil Nadu,9,18,None,Yes,No,Yes,Cable,No,No,Yes,No,No,No,No,Yes,Month-to-Month,No,Bank Withdrawal,76.3499984741211,76.3499984741211,0.0,0,7.260000228881836,83.61000061035156,Churned,Attitude,Attitude of support person,1.0,100.0,1,High,"Offer an incentive to move to a long-term contract | Offer priority/premium customer support | Evaluate eligibility for a value plan. Key signals: month-to-month contract, premium support not active, no value deal assigned.",High
79822-JAM,Male,41,Yes,Jammu & Kashmir,12,28,None,Yes,Yes,Yes,Cable,No,No,No,No,No,Yes,Yes,Yes,Month-to-Month,No,Bank Withdrawal,62.04999923706055,118.30000305175781,0.0,0,74.58000183105469,192.8800048828125,Churned,Competitor,Competitor made better offer,0.87,87.0,1,High,"Offer an incentive to move to a long-term contract | Offer priority/premium customer support | Evaluate eligibility for a value plan. Key signals: month-to-month contract, premium support not active, no value deal assigned.",High
84710-MAH,Male,29,Yes,Maharashtra,7,23,Deal 4,Yes,Yes,Yes,Fiber Optic,No,No,No,No,Yes,No,No,Yes,Month-to-Month,Yes,Bank Withdrawal,86.05000305175781,834.0999755859375,0.0,0,59.20000076293945,893.2999877929688,Churned,Other,Don't know,0.59,59.0,1,Medium,"Offer an incentive to move to a long-term contract | Offer a personalized pricing or loyalty discount | Offer priority/premium customer support. Key signals: month-to-month contract, high monthly charge, premium support not active.",Medium
84807-KAR,Female,83,No,Karnataka,14,5,None,Yes,Yes,Yes,Fiber Optic,No,No,Yes,No,Yes,Yes,No,Yes,Month-to-Month,Yes,Bank Withdrawal,99.80000305175781,4259.2998046875,8.880000114440918,0,924.9600219726562,5175.3798828125,Churned,Dissatisfaction,Product dissatisfaction,0.76,76.0,1,High,"Offer an incentive to move to a long-term contract | Offer a personalized pricing or loyalty discount | Offer an early-tenure loyalty benefit. Key signals: month-to-month contract, high monthly charge, short customer tenure.",High
84842-KER,Female,61,Yes,Kerala,9,20,None,Yes,Yes,Yes,Fiber Optic,No,No,No,No,Yes,Yes,Yes,Yes,Month-to-Month,Yes,Bank Withdrawal,95.44999694824219,95.44999694824219,0.0,0,5.590000152587891,101.04000091552734,Churned,Competitor,Competitor had better devices,1.0,100.0,1,High,"Offer an incentive to move to a long-term contract | Offer a personalized pricing or loyalty discount | Offer priority/premium customer support. Key signals: month-to-month contract, high monthly charge, premium support not active.",High
88971-HAR,Male,38,No,Haryana,5,15,None,Yes,No,Yes,Fiber Optic,No,Yes,No,Yes,Yes,Yes,Yes,Yes,Month-to-Month,Yes,Bank Withdrawal,101.5,906.8499755859375,0.0,0,332.4599914550781,1239.31005859375,Stayed,Others,Others,0.72,72.0,1,High,"Offer an incentive to move to a long-term contract | Offer a personalized pricing or loyalty discount | Offer a service review or upgrade consultation. Key signals: month-to-month contract, high monthly charge, fiber service customer.",High
88976-TEL,Male,35,Yes,Telangana,10,12,None,Yes,Yes,Yes,Fiber Optic,No,No,No,No,Yes,No,No,Yes,Month-to-Month,No,Bank Withdrawal,84.5,84.5,0.0,0,6.889999866485596,91.38999938964844,Churned,Price,Price too high,1.0,100.0,1,High,"Offer an incentive to move to a long-term contract | Offer a personalized pricing or loyalty discount | Offer priority/premium customer support. Key signals: month-to-month contract, high monthly charge, premium support not active.",High
89167-TEL,Female,71,Yes,Telangana,13,6,Deal 3,Yes,Yes,Yes,Fiber Optic,No,Yes,Yes,No,Yes,Yes,Yes,Yes,Month-to-Month,Yes,Bank Withdrawal,104.25,2433.89990234375,0.0,0,1194.239990234375,3628.139892578125,Churned,Competitor,Competitor offered higher download speeds,0.73,73.0,1,High,"Offer an incentive to move to a long-term contract | Offer a personalized pricing or loyalty discount | Offer an early-tenure loyalty benefit. Key signals: month-to-month contract, high monthly charge, short customer tenure.",High
89199-KAR,Female,51,Yes,Karnataka,5,21,None,Yes,Yes,Yes,DSL,No,No,No,No,Yes,Yes,Yes,No,Month-to-Month,Yes,Credit Card,72.1500015258789,794.25,0.0,80,337.5,1211.75,Churned,Dissatisfaction,Limited range of services,0.5,50.0,1,Medium,"Offer an incentive to move to a long-term contract | Offer priority/premium customer support | Evaluate eligibility for a value plan. Key signals: month-to-month contract, premium support not active, no value deal assigned.",Medium
89217-ODI,Male,69,No,Odisha,9,34,Deal 2,No,No,Yes,DSL,No,Yes,Yes,No,No,Yes,No,Yes,Month-to-Month,Yes,Bank Withdrawal,45.29999923706055,2651.199951171875,40.95000076293945,0,0.0,2610.25,Churned,Dissatisfaction,Service dissatisfaction,0.64,64.0,1,Medium,"Offer an incentive to move to a long-term contract | Offer priority/premium customer support. Key signals: month-to-month contract, premium support not active.",Medium
89219-GUJ,Female,77,No,Gujarat,8,21,None,Yes,Yes,Yes,Cable,No,No,Yes,No,Yes,Yes,No,Yes,Month-to-Month,Yes,Credit Card,100.44999694824219,1622.449951171875,0.0,0,479.05999755859375,2101.510009765625,Churned,Competitor,Competitor offered more data,0.77,77.0,1,High,"Offer an incentive to move to a long-term contract | Offer a personalized pricing or loyalty discount | Offer priority/premium customer support. Key signals: month-to-month contract, high monthly charge, premium support not active.",High
93633-RAJ,Male,30,Yes,Rajasthan,3,26,None,Yes,Yes,Yes,Fiber Optic,No,No,No,No,No,Yes,Yes,No,Month-to-Month,No,Bank Withdrawal,86.19999694824219,893.2000122070312,0.0,30,64.23999786376953,987.4400024414062,Stayed,Others,Others,0.69,69.0,1,Medium,"Offer an incentive to move to a long-term contract | Offer a personalized pricing or loyalty discount | Offer priority/premium customer support. Key signals: month-to-month contract, high monthly charge, premium support not active.",Medium
93684-JAM,Male,82,Yes,Jammu & Kashmir,1,1,Deal 5,Yes,Yes,Yes,Fiber Optic,No,Yes,No,No,No,No,No,Yes,Month-to-Month,Yes,Bank Withdrawal,81.3499984741211,233.6999969482422,0.0,0,27.65999984741211,261.3599853515625,Churned,Competitor,Competitor made better offer,0.94,94.0,1,High,"Offer an incentive to move to a long-term contract | Offer a personalized pricing or loyalty discount | Offer an early-tenure loyalty benefit. Key signals: month-to-month contract, high monthly charge, short customer tenure.",High
93689-UTT,Male,46,No,Uttarakhand,4,32,Deal 5,Yes,No,Yes,Fiber Optic,No,No,No,No,No,No,No,Yes,Month-to-Month,Yes,Bank Withdrawal,69.8499984741211,69.8499984741211,0.0,0,12.130000114440918,81.9800033569336,Churned,Competitor,Competitor had better devices,1.0,100.0,1,High,"Offer an incentive to move to a long-term contract | Offer priority/premium customer support | Offer a service review or upgrade consultation. Key signals: month-to-month contract, premium support not active, fiber service customer.",High
93739-UTT,Female,44,No,Uttar Pradesh,14,6,None,Yes,No,Yes,Fiber Optic,Yes,Yes,No,Yes,No,No,No,Yes,Month-to-Month,Yes,Bank Withdrawal,86.25,181.64999389648438,0.0,0,73.62000274658203,255.27000427246094,Churned,Competitor,Competitor offered higher download speeds,0.78,78.0,1,High,"Offer an incentive to move to a long-term contract | Offer a personalized pricing or loyalty discount | Offer an early-tenure loyalty benefit. Key signals: month-to-month contract, high monthly charge, short customer tenure.",High
93798-TAM,Male,64,No,Tamil Nadu,1,6,None,Yes,No,Yes,DSL,No,No,No,No,No,No,No,No,Month-to-Month,No,Bank Withdrawal,45.29999923706055,45.29999923706055,0.0,30,28.3700008392334,103.66999816894531,Churned,Competitor,Competitor offered higher download speeds,1.0,100.0,1,High,"Offer an incentive to move to a long-term contract | Offer an early-tenure loyalty benefit | Offer priority/premium customer support. Key signals: month-to-month contract, short customer tenure, premium support not active.",High
93845-MAH,Male,33,No,Maharashtra,8,7,None,Yes,Yes,Yes,Fiber Optic,Yes,No,Yes,No,No,No,No,Yes,Month-to-Month,Yes,Bank Withdrawal,84.75,1651.949951171875,49.380001068115234,0,216.97999572753906,1819.550048828125,Stayed,Others,Others,0.51,51.0,1,Medium,"Offer an incentive to move to a long-term contract | Offer a personalized pricing or loyalty discount | Offer an early-tenure loyalty benefit. Key signals: month-to-month contract, high monthly charge, short customer tenure.",Medium
93875-UTT,Male,41,No,Uttar Pradesh,14,35,Deal 5,Yes,Yes,Yes,Fiber Optic,No,Yes,No,No,No,Yes,Yes,No,Month-to-Month,Yes,Bank Withdrawal,90.05000305175781,368.1000061035156,0.0,30,48.959999084472656,447.05999755859375,Churned,Competitor,Competitor offered more data,0.87,87.0,1,High,"Offer an incentive to move to a long-term contract | Offer a personalized pricing or loyalty discount | Offer priority/premium customer support. Key signals: month-to-month contract, high monthly charge, premium support not active.",High
93880-AND,Male,64,No,Andhra Pradesh,5,24,None,Yes,Yes,Yes,Fiber Optic,No,Yes,No,No,Yes,Yes,Yes,No,Month-to-Month,Yes,Bank Withdrawal,99.80000305175781,673.25,0.0,10,329.2099914550781,1012.4600219726562,Churned,Competitor,Competitor had better devices,0.68,68.0,1,Medium,"Offer an incentive to move to a long-term contract | Offer a personalized pricing or loyalty discount | Offer priority/premium customer support. Key signals: month-to-month contract, high monthly charge, premium support not active.",Medium
93960-MAD,Male,72,Yes,Madhya Pradesh,1,17,None,Yes,Yes,Yes,Fiber Optic,No,No,No,No,No,Yes,Yes,Yes,Month-to-Month,Yes,Bank Withdrawal,85.25,2287.25,0.0,0,841.5900268554688,3128.840087890625,Churned,Competitor,Competitor had better devices,0.81,81.0,1,High,"Offer an incentive to move to a long-term contract | Offer a personalized pricing or loyalty discount | Offer priority/premium customer support. Key signals: month-to-month contract, high monthly charge, premium support not active.",High
93967-JAM,Female,45,No,Jammu & Kashmir,8,2,None,Yes,No,Yes,Fiber Optic,No,No,No,No,No,Yes,Yes,Yes,Month-to-Month,Yes,Bank Withdrawal,80.8499984741211,1008.7000122070312,0.0,0,163.02000427246094,1171.719970703125,Churned,Competitor,Competitor made better offer,0.53,53.0,1,Medium,"Offer an incentive to move to a long-term contract | Offer a personalized pricing or loyalty discount | Offer an early-tenure loyalty benefit. Key signals: month-to-month contract, high monthly charge, short customer tenure.",Medium
94078-TAM,Female,75,Yes,Tamil Nadu,15,27,None,Yes,No,Yes,Fiber Optic,No,No,No,No,No,No,No,Yes,Month-to-Month,No,Bank Withdrawal,69.0999984741211,69.0999984741211,0.0,0,16.190000534057617,85.29000091552734,Churned,Other,Moved,0.99,99.0,1,High,"Offer an incentive to move to a long-term contract | Offer priority/premium customer support | Offer a service review or upgrade consultation. Key signals: month-to-month contract, premium support not active, fiber service customer.",High
94086-WES,Female,67,Yes,West Bengal,6,1,Deal 5,Yes,Yes,Yes,Fiber Optic,No,No,No,No,Yes,Yes,Yes,Yes,Month-to-Month,Yes,Bank Withdrawal,94.0,181.6999969482422,0.0,0,41.97999954223633,223.67999267578125,Churned,Other,Don't know,0.96,96.0,1,High,"Offer an incentive to move to a long-term contract | Offer a personalized pricing or loyalty discount | Offer an early-tenure loyalty benefit. Key signals: month-to-month contract, high monthly charge, short customer tenure.",High
94169-JHA,Female,69,No,Jharkhand,5,34,None,No,No,Yes,DSL,No,Yes,Yes,No,Yes,Yes,No,Yes,Month-to-Month,Yes,Bank Withdrawal,54.45000076293945,2854.550048828125,20.15999984741211,0,0.0,2834.389892578125,Churned,Price,Price too high,0.59,59.0,1,Medium,"Offer an incentive to move to a long-term contract | Offer priority/premium customer support | Evaluate eligibility for a value plan. Key signals: month-to-month contract, premium support not active, no value deal assigned.",Medium
94173-JAM,Male,80,Yes,Jammu & Kashmir,15,28,None,No,No,Yes,DSL,No,No,No,No,Yes,Yes,No,Yes,Month-to-Month,No,Bank Withdrawal,45.70000076293945,198.0,0.0,0,0.0,198.0,Churned,Competitor,Competitor made better offer,0.76,76.0,1,High,"Offer an incentive to move to a long-term contract | Offer priority/premium customer support | Evaluate eligibility for a value plan. Key signals: month-to-month contract, premium support not active, no value deal assigned.",High
94208-AND,Female,43,Yes,Andhra Pradesh,6,1,Deal 5,Yes,Yes,Yes,Fiber Optic,No,No,No,No,Yes,No,No,Yes,Month-to-Month,Yes,Bank Withdrawal,87.05000305175781,762.0999755859375,0.0,0,364.7200012207031,1126.8199462890625,Churned,Price,Price too high,0.65,65.0,1,Medium,"Offer an incentive to move to a long-term contract | Offer a personalized pricing or loyalty discount | Offer an early-tenure loyalty benefit. Key signals: month-to-month contract, high monthly charge, short customer tenure.",Medium
98159-HAR,Male,40,No,Haryana,1,25,Deal 4,Yes,Yes,Yes,Fiber Optic,No,No,No,No,No,No,No,Yes,Month-to-Month,Yes,Bank Withdrawal,74.3499984741211,834.2000122070312,0.0,0,100.54000091552734,934.739990234375,Churned,Competitor,Competitor made better offer,0.64,64.0,1,Medium,"Offer an incentive to move to a long-term contract | Offer priority/premium customer support | Offer a service review or upgrade consultation. Key signals: month-to-month contract, premium support not active, fiber service customer.",Medium
98172-ASS,Female,53,No,Assam,15,3,None,Yes,Yes,Yes,Fiber Optic,No,No,Yes,No,No,Yes,Yes,Yes,Month-to-Month,Yes,Bank Withdrawal,87.25,1258.5999755859375,0.0,0,408.5199890136719,1667.1199951171875,Churned,Competitor,Competitor made better offer,0.62,62.0,1,Medium,"Offer an incentive to move to a long-term contract | Offer a personalized pricing or loyalty discount | Offer an early-tenure loyalty benefit. Key signals: month-to-month contract, high monthly charge, short customer tenure.",Medium
11464-WES,Male,25,No,West Bengal,12,5,None,Yes,Yes,Yes,Fiber Optic,No,Yes,No,No,Yes,Yes,Yes,Yes,Month-to-Month,Yes,Credit Card,99.8499984741211,1992.550048828125,0.0,0,522.0599975585938,2514.610107421875,Stayed,Others,Others,0.51,51.0,1,Medium,"Offer an incentive to move to a long-term contract | Offer a personalized pricing or loyalty discount | Offer an early-tenure loyalty benefit. Key signals: month-to-month contract, high monthly charge, short customer tenure.",Medium
11472-PUN,Female,33,No,Punjab,8,6,Deal 5,Yes,No,Yes,Cable,No,No,No,No,No,Yes,Yes,Yes,Month-to-Month,Yes,Bank Withdrawal,55.400001525878906,55.400001525878906,0.0,0,13.010000228881836,68.41000366210938,Churned,Competitor,Competitor had better devices,0.99,99.0,1,High,"Offer an incentive to move to a long-term contract | Offer an early-tenure loyalty benefit | Offer priority/premium customer support. Key signals: month-to-month contract, short customer tenure, premium support not active.",High
11474-TEL,Male,59,Yes,Telangana,0,18,None,Yes,No,Yes,Fiber Optic,Yes,No,No,No,No,No,No,Yes,Month-to-Month,No,Bank Withdrawal,75.5999984741211,661.5499877929688,0.0,0,189.99000549316406,851.5399780273438,Stayed,Others,Others,0.61,61.0,1,Medium,"Offer an incentive to move to a long-term contract | Offer priority/premium customer support | Offer a service review or upgrade consultation. Key signals: month-to-month contract, premium support not active, fiber service customer.",Medium
11510-KER,Female,46,No,Kerala,10,4,None,Yes,No,Yes,Fiber Optic,No,No,No,Yes,Yes,Yes,Yes,Yes,Month-to-Month,Yes,Bank Withdrawal,95.9000015258789,827.4500122070312,0.0,0,277.20001220703125,1104.6500244140625,Stayed,Others,Others,0.63,63.0,1,Medium,"Offer an incentive to move to a long-term contract | Offer a personalized pricing or loyalty discount | Offer an early-tenure loyalty benefit. Key signals: month-to-month contract, high monthly charge, short customer tenure.",Medium
13654-BIH,Female,33,No,Bihar,10,34,None,Yes,Yes,Yes,Fiber Optic,No,No,No,Yes,Yes,Yes,Yes,Yes,Month-to-Month,Yes,Credit Card,99.0,1301.699951171875,0.0,0,313.82000732421875,1615.52001953125,Churned,Price,Lack of affordable download/upload speed,0.62,62.0,1,Medium,"Offer an incentive to move to a long-term contract | Offer a personalized pricing or loyalty discount | Offer a service review or upgrade consultation. Key signals: month-to-month contract, high monthly charge, fiber service customer.",Medium
13664-TAM,Female,44,Yes,Tamil Nadu,5,31,Deal 5,Yes,No,Yes,Fiber Optic,No,No,No,No,No,Yes,Yes,Yes,Month-to-Month,Yes,Bank Withdrawal,79.25,79.25,0.0,0,19.979999542236328,99.2300033569336,Churned,Dissatisfaction,Service dissatisfaction,1.0,100.0,1,High,"Offer an incentive to move to a long-term contract | Offer priority/premium customer support | Offer a service review or upgrade consultation. Key signals: month-to-month contract, premium support not active, fiber service customer.",High
13685-PUN,Male,25,Yes,Punjab,5,21,Deal 3,Yes,Yes,Yes,Fiber Optic,No,No,Yes,No,Yes,Yes,Yes,No,Month-to-Month,Yes,Bank Withdrawal,100.05000305175781,3480.0,0.0,20,785.0599975585938,4285.06005859375,Churned,Dissatisfaction,Poor expertise of online support,0.52,52.0,1,Medium,"Offer an incentive to move to a long-term contract | Offer a personalized pricing or loyalty discount | Offer priority/premium customer support. Key signals: month-to-month contract, high monthly charge, premium support not active.",Medium
13703-TEL,Male,36,Yes,Telangana,5,20,None,Yes,Yes,Yes,Fiber Optic,No,No,No,No,No,No,No,Yes,Month-to-Month,Yes,Bank Withdrawal,75.5,438.0,0.0,0,127.37999725341797,565.3800048828125,Churned,Dissatisfaction,Product dissatisfaction,0.7,70.0,1,High,"Offer an incentive to move to a long-term contract | Offer priority/premium customer support | Offer a service review or upgrade consultation. Key signals: month-to-month contract, premium support not active, fiber service customer.",High
13717-UTT,Male,56,Yes,Uttar Pradesh,15,26,None,Yes,No,Yes,Fiber Optic,No,No,No,No,No,No,No,Yes,Month-to-Month,Yes,Bank Withdrawal,68.94999694824219,351.5,0.0,0,93.25,444.75,Stayed,Others,Others,0.54,54.0,1,Medium,"Offer an incentive to move to a long-term contract | Offer priority/premium customer support | Offer a service review or upgrade consultation. Key signals: month-to-month contract, premium support not active, fiber service customer.",Medium
13745-UTT,Female,38,Yes,Uttar Pradesh,0,29,Deal 5,Yes,No,Yes,Fiber Optic,No,No,No,No,No,No,No,Yes,Month-to-Month,Yes,Bank Withdrawal,68.5,68.5,0.0,0,30.6200008392334,99.12000274658203,Churned,Competitor,Competitor offered more data,0.99,99.0,1,High,"Offer an incentive to move to a long-term contract | Offer priority/premium customer support | Offer a service review or upgrade consultation. Key signals: month-to-month contract, premium support not active, fiber service customer.",High
13829-PUN,Female,34,Yes,Punjab,12,26,None,No,No,Yes,DSL,Yes,No,No,No,No,No,No,Yes,Month-to-Month,No,Bank Withdrawal,30.5,30.5,0.0,0,0.0,30.5,Churned,Attitude,Attitude of service provider,0.88,88.0,1,High,"Offer an incentive to move to a long-term contract | Offer priority/premium customer support | Evaluate eligibility for a value plan. Key signals: month-to-month contract, premium support not active, no value deal assigned.",High
13973-WES,Female,66,Yes,West Bengal,2,11,None,Yes,No,Yes,Cable,No,No,No,No,No,No,No,Yes,Month-to-Month,Yes,Bank Withdrawal,71.05000305175781,3444.85009765625,0.0,0,230.0,3674.85009765625,Churned,Dissatisfaction,Poor expertise of online support,0.53,53.0,1,Medium,"Offer an incentive to move to a long-term contract | Offer an early-tenure loyalty benefit | Offer priority/premium customer support. Key signals: month-to-month contract, short customer tenure, premium support not active.",Medium
19849-BIH,Female,35,Yes,Bihar,3,13,None,Yes,Yes,Yes,Fiber Optic,No,No,No,No,No,No,No,Yes,Month-to-Month,No,Bank Withdrawal,75.25,242.0,0.0,0,53.61000061035156,295.6099853515625,Churned,Attitude,Attitude of service provider,0.93,93.0,1,High,"Offer an incentive to move to a long-term contract | Offer priority/premium customer support | Offer a service review or upgrade consultation. Key signals: month-to-month contract, premium support not active, fiber service customer.",High
19956-AND,Male,26,Yes,Andhra Pradesh,14,31,None,Yes,No,Yes,DSL,No,No,No,No,Yes,No,Yes,Yes,Month-to-Month,No,Credit Card,53.400001525878906,188.6999969482422,0.0,0,143.0399932861328,331.739990234375,Churned,Other,Don't know,0.62,62.0,1,Medium,"Offer an incentive to move to a long-term contract | Offer priority/premium customer support | Evaluate eligibility for a value plan. Key signals: month-to-month contract, premium support not active, no value deal assigned.",Medium
21036-TAM,Male,67,Yes,Tamil Nadu,12,23,None,Yes,No,Yes,Fiber Optic,No,No,No,No,Yes,Yes,Yes,Yes,Month-to-Month,Yes,Bank Withdrawal,90.3499984741211,2238.5,0.0,0,779.760009765625,3018.260009765625,Churned,Competitor,Competitor had better devices,0.68,68.0,1,Medium,"Offer an incentive to move to a long-term contract | Offer a personalized pricing or loyalty discount | Offer priority/premium customer support. Key signals: month-to-month contract, high monthly charge, premium support not active.",Medium
21041-DEL,Male,75,Yes,Delhi,15,15,None,Yes,Yes,Yes,Fiber Optic,No,No,No,No,No,No,No,Yes,Month-to-Month,Yes,Bank Withdrawal,73.6500015258789,73.6500015258789,0.0,0,39.880001068115234,113.52999877929688,Churned,Attitude,Attitude of service provider,1.0,100.0,1,High,"Offer an incentive to move to a long-term contract | Offer priority/premium customer support | Offer a service review or upgrade consultation. Key signals: month-to-month contract, premium support not active, fiber service customer.",High
21446-TAM,Female,38,Yes,Tamil Nadu,0,26,Deal 5,Yes,No,Yes,Fiber Optic,No,Yes,No,No,No,No,No,Yes,Month-to-Month,Yes,Bank Withdrawal,75.69999694824219,75.69999694824219,0.0,0,9.050000190734863,84.75,Churned,Attitude,Attitude of support person,0.99,99.0,1,High,"Offer an incentive to move to a long-term contract | Offer priority/premium customer support | Offer a service review or upgrade consultation. Key signals: month-to-month contract, premium support not active, fiber service customer.",High
21500-HAR,Female,38,Yes,Haryana,5,28,None,Yes,Yes,Yes,Cable,No,No,No,No,No,No,No,Yes,Month-to-Month,No,Credit Card,50.849998474121094,239.5500030517578,0.0,0,51.52000045776367,291.07000732421875,Churned,Dissatisfaction,Product dissatisfaction,0.51,51.0,1,Medium,"Offer an incentive to move to a long-term contract | Offer priority/premium customer support | Evaluate eligibility for a value plan. Key signals: month-to-month contract, premium support not active, no value deal assigned.",Medium
21518-GUJ,Male,69,Yes,Gujarat,14,27,None,Yes,No,Yes,Fiber Optic,No,No,No,No,No,No,No,Yes,Month-to-Month,Yes,Credit Card,70.6500015258789,70.6500015258789,0.0,0,37.68000030517578,108.33000183105469,Churned,Competitor,Competitor had better devices,0.99,99.0,1,High,"Offer an incentive to move to a long-term contract | Offer priority/premium customer support | Offer a service review or upgrade consultation. Key signals: month-to-month contract, premium support not active, fiber service customer.",High
21542-WES,Female,59,Yes,West Bengal,2,8,Deal 5,Yes,No,Yes,Fiber Optic,No,No,No,No,No,No,No,Yes,Month-to-Month,Yes,Bank Withdrawal,70.0999984741211,70.0999984741211,0.0,0,46.16999816894531,116.2699966430664,Churned,Competitor,Competitor offered higher download speeds,1.0,100.0,1,High,"Offer an incentive to move to a long-term contract | Offer an early-tenure loyalty benefit | Offer priority/premium customer support. Key signals: month-to-month contract, short customer tenure, premium support not active.",High
21543-UTT,Male,71,No,Uttar Pradesh,3,23,None,Yes,Yes,Yes,Fiber Optic,No,No,No,No,No,No,No,Yes,Month-to-Month,Yes,Bank Withdrawal,73.55000305175781,73.55000305175781,0.0,0,36.91999816894531,110.47000122070312,Churned,Price,Price too high,1.0,100.0,1,High,"Offer an incentive to move to a long-term contract | Offer priority/premium customer support | Offer a service review or upgrade consultation. Key signals: month-to-month contract, premium support not active, fiber service customer.",High
21544-BIH,Male,56,Yes,Bihar,3,16,None,No,No,Yes,DSL,No,No,Yes,No,Yes,Yes,Yes,No,Month-to-Month,Yes,Bank Withdrawal,48.75,442.20001220703125,0.0,10,0.0,452.20001220703125,Churned,Price,Lack of affordable download/upload speed,0.59,59.0,1,Medium,"Offer an incentive to move to a long-term contract | Offer priority/premium customer support | Evaluate eligibility for a value plan. Key signals: month-to-month contract, premium support not active, no value deal assigned.",Medium
21572-ASS,Female,60,No,Assam,3,10,None,Yes,No,Yes,Fiber Optic,No,No,No,No,Yes,No,No,Yes,Month-to-Month,Yes,Bank Withdrawal,79.0,522.9500122070312,0.0,0,182.6300048828125,705.5800170898438,Churned,Attitude,Attitude of support person,0.66,66.0,1,Medium,"Offer an incentive to move to a long-term contract | Offer an early-tenure loyalty benefit | Offer priority/premium customer support. Key signals: month-to-month contract, short customer tenure, premium support not active.",Medium
21575-AND,Female,66,No,Andhra Pradesh,10,12,Deal 3,Yes,Yes,Yes,Fiber Optic,No,Yes,No,No,Yes,No,No,Yes,Month-to-Month,Yes,Bank Withdrawal,88.94999694824219,2291.199951171875,0.0,0,1191.5,3482.699951171875,Churned,Competitor,Competitor made better offer,0.65,65.0,1,Medium,"Offer an incentive to move to a long-term contract | Offer a personalized pricing or loyalty discount | Offer priority/premium customer support. Key signals: month-to-month contract, high monthly charge, premium support not active.",Medium
21928-KAR,Male,30,Yes,Karnataka,3,36,None,Yes,No,Yes,Fiber Optic,No,Yes,No,No,No,No,No,Yes,Month-to-Month,Yes,Bank Withdrawal,74.05000305175781,1565.699951171875,0.0,0,106.47000122070312,1672.1700439453125,Churned,Dissatisfaction,Lack of self-service on Website,0.54,54.0,1,Medium,"Offer an incentive to move to a long-term contract | Offer priority/premium customer support | Offer a service review or upgrade consultation. Key signals: month-to-month contract, premium support not active, fiber service customer.",Medium
22124-JAM,Female,66,No,Jammu & Kashmir,14,7,Deal 5,Yes,No,Yes,Fiber Optic,No,No,No,No,No,No,No,Yes,Month-to-Month,No,Mailed Check,69.4000015258789,69.4000015258789,0.0,0,38.529998779296875,107.93000030517578,Churned,Competitor,Competitor made better offer,0.99,99.0,1,High,"Offer an incentive to move to a long-term contract | Offer an early-tenure loyalty benefit | Offer priority/premium customer support. Key signals: month-to-month contract, short customer tenure, premium support not active.",High
22160-TEL,Female,29,Yes,Telangana,13,34,None,Yes,No,Yes,Fiber Optic,No,No,Yes,Yes,Yes,Yes,Yes,Yes,Month-to-Month,Yes,Mailed Check,99.94999694824219,547.6500244140625,0.0,0,30.959999084472656,578.6099853515625,Churned,Competitor,Competitor offered higher download speeds,0.69,69.0,1,Medium,"Offer an incentive to move to a long-term contract | Offer a personalized pricing or loyalty discount | Offer a service review or upgrade consultation. Key signals: month-to-month contract, high monthly charge, fiber service customer.",Medium
22520-TAM,Female,32,No,Tamil Nadu,9,12,Deal 5,Yes,No,Yes,DSL,No,No,No,No,No,No,No,Yes,Month-to-Month,Yes,Bank Withdrawal,44.900001525878906,44.900001525878906,0.0,0,41.779998779296875,86.68000030517578,Churned,Dissatisfaction,Lack of self-service on Website,0.99,99.0,1,High,"Offer an incentive to move to a long-term contract | Offer priority/premium customer support. Key signals: month-to-month contract, premium support not active.",High
22533-RAJ,Female,63,No,Rajasthan,15,24,Deal 4,Yes,Yes,Yes,Fiber Optic,No,Yes,Yes,No,Yes,No,No,Yes,Month-to-Month,Yes,Bank Withdrawal,98.0999984741211,1060.199951171875,49.060001373291016,0,367.55999755859375,1378.699951171875,Churned,Dissatisfaction,Service dissatisfaction,0.64,64.0,1,Medium,"Offer an incentive to move to a long-term contract | Offer a personalized pricing or loyalty discount | Offer priority/premium customer support. Key signals: month-to-month contract, high monthly charge, premium support not active.",Medium
22701-RAJ,Female,64,Yes,Rajasthan,4,3,None,Yes,No,Yes,Fiber Optic,No,Yes,Yes,No,Yes,Yes,Yes,Yes,Month-to-Month,No,Credit Card,101.30000305175781,1794.6500244140625,0.0,0,136.0800018310547,1930.72998046875,Stayed,Others,Others,0.51,51.0,1,Medium,"Offer an incentive to move to a long-term contract | Offer a personalized pricing or loyalty discount | Offer an early-tenure loyalty benefit. Key signals: month-to-month contract, high monthly charge, short customer tenure.",Medium
22753-KAR,Female,77,No,Karnataka,6,9,None,Yes,Yes,Yes,Fiber Optic,Yes,Yes,Yes,Yes,Yes,No,No,Yes,Month-to-Month,Yes,Bank Withdrawal,105.69999694824219,3181.800048828125,0.0,0,1004.4000244140625,4186.2001953125,Stayed,Others,Others,0.52,52.0,1,Medium,"Offer an incentive to move to a long-term contract | Offer a personalized pricing or loyalty discount | Offer an early-tenure loyalty benefit. Key signals: month-to-month contract, high monthly charge, short customer tenure.",Medium
22792-AND,Female,53,No,Andhra Pradesh,8,34,None,Yes,Yes,Yes,Fiber Optic,No,No,No,No,Yes,Yes,Yes,Yes,Month-to-Month,Yes,Bank Withdrawal,94.0999984741211,701.2999877929688,0.0,0,51.59000015258789,752.8900146484375,Stayed,Others,Others,0.78,78.0,1,High,"Offer an incentive to move to a long-term contract | Offer a personalized pricing or loyalty discount | Offer priority/premium customer support. Key signals: month-to-month contract, high monthly charge, premium support not active.",High
26030-BIH,Female,81,No,Bihar,9,21,Deal 3,Yes,Yes,Yes,Fiber Optic,No,Yes,No,No,No,No,No,Yes,Month-to-Month,Yes,Credit Card,79.5999984741211,2718.300048828125,0.0,0,878.5599975585938,3596.860107421875,Churned,Dissatisfaction,Product dissatisfaction,0.72,72.0,1,High,"Offer an incentive to move to a long-term contract | Offer priority/premium customer support | Offer a service review or upgrade consultation. Key signals: month-to-month contract, premium support not active, fiber service customer.",High
26178-GUJ,Female,28,Yes,Gujarat,5,23,Deal 5,Yes,No,Yes,Fiber Optic,No,No,No,No,Yes,No,No,Yes,Month-to-Month,No,Bank Withdrawal,80.19999694824219,384.25,0.0,0,244.3000030517578,628.5499877929688,Stayed,Others,Others,0.51,51.0,1,Medium,"Offer an incentive to move to a long-term contract | Offer a personalized pricing or loyalty discount | Offer priority/premium customer support. Key signals: month-to-month contract, high monthly charge, premium support not active.",Medium
26198-ASS,Male,52,Yes,Assam,5,15,None,Yes,No,Yes,Cable,No,No,No,Yes,No,No,No,Yes,Month-to-Month,No,Credit Card,50.04999923706055,179.35000610351562,0.0,0,38.68000030517578,218.02999877929688,Churned,Competitor,Competitor made better offer,0.73,73.0,1,High,"Offer an incentive to move to a long-term contract | Evaluate eligibility for a value plan. Key signals: month-to-month contract, no value deal assigned.",High
26222-RAJ,Female,79,Yes,Rajasthan,1,14,Deal 5,Yes,No,Yes,DSL,No,No,No,No,No,No,No,Yes,Month-to-Month,No,Credit Card,45.099998474121094,45.099998474121094,0.0,0,15.239999771118164,60.34000015258789,Churned,Competitor,Competitor had better devices,0.99,99.0,1,High,"Offer an incentive to move to a long-term contract | Offer priority/premium customer support. Key signals: month-to-month contract, premium support not active.",High
26267-AND,Female,57,Yes,Andhra Pradesh,4,11,None,Yes,No,Yes,Fiber Optic,No,No,No,No,No,No,No,Yes,Month-to-Month,Yes,Bank Withdrawal,69.8499984741211,515.4500122070312,0.0,0,192.22000122070312,707.6699829101562,Stayed,Others,Others,0.56,56.0,1,Medium,"Offer an incentive to move to a long-term contract | Offer an early-tenure loyalty benefit | Offer priority/premium customer support. Key signals: month-to-month contract, short customer tenure, premium support not active.",Medium
26359-MAH,Female,28,Yes,Maharashtra,15,12,Deal 5,Yes,No,No,None,No,No,No,No,No,No,No,No,Month-to-Month,Yes,Credit Card,19.600000381469727,19.600000381469727,0.0,0,5.360000133514404,24.959999084472656,Churned,Price,Price too high,0.93,93.0,1,High,"Offer an incentive to move to a long-term contract | Offer priority/premium customer support. Key signals: month-to-month contract, premium support not active.",High
26445-JAM,Female,49,No,Jammu & Kashmir,4,20,None,Yes,Yes,Yes,Fiber Optic,No,Yes,No,No,Yes,No,No,Yes,Month-to-Month,Yes,Bank Withdrawal,90.0999984741211,521.2999877929688,0.0,0,6.900000095367432,528.2000122070312,Churned,Competitor,Competitor made better offer,0.88,88.0,1,High,"Offer an incentive to move to a long-term contract | Offer a personalized pricing or loyalty discount | Offer priority/premium customer support. Key signals: month-to-month contract, high monthly charge, premium support not active.",High
31340-PUD,Male,70,Yes,Puducherry,6,13,Deal 2,Yes,Yes,Yes,Fiber Optic,No,No,Yes,No,Yes,Yes,No,Yes,Month-to-Month,No,Bank Withdrawal,100.5999984741211,5746.14990234375,0.0,0,2399.699951171875,8145.85009765625,Churned,Dissatisfaction,Network reliability,0.55,55.0,1,Medium,"Offer an incentive to move to a long-term contract | Offer a personalized pricing or loyalty discount | Offer priority/premium customer support. Key signals: month-to-month contract, high monthly charge, premium support not active.",Medium
31458-DEL,Male,32,Yes,Delhi,2,20,Deal 5,No,No,Yes,DSL,No,No,No,No,No,No,No,Yes,Month-to-Month,Yes,Bank Withdrawal,24.450000762939453,86.5999984741211,0.0,0,0.0,86.5999984741211,Churned,Competitor,Competitor made better offer,0.89,89.0,1,High,"Offer an incentive to move to a long-term contract | Offer priority/premium customer support. Key signals: month-to-month contract, premium support not active.",High
31518-CHH,Female,65,No,Chhattisgarh,2,8,Deal 3,Yes,No,Yes,Fiber Optic,No,Yes,No,No,No,No,No,Yes,Month-to-Month,Yes,Bank Withdrawal,74.4000015258789,2276.949951171875,44.310001373291016,0,1063.0400390625,3295.679931640625,Churned,Competitor,Competitor had better devices,0.53,53.0,1,Medium,"Offer an incentive to move to a long-term contract | Offer an early-tenure loyalty benefit | Offer priority/premium customer support. Key signals: month-to-month contract, short customer tenure, premium support not active.",Medium
31546-KER,Male,31,No,Kerala,15,5,None,Yes,No,No,None,No,No,No,No,No,No,No,No,Month-to-Month,Yes,Bank Withdrawal,19.899999618530273,19.899999618530273,0.0,0,7.489999771118164,27.389999389648438,Churned,Attitude,Attitude of service provider,0.88,88.0,1,High,"Offer an incentive to move to a long-term contract | Offer an early-tenure loyalty benefit | Offer priority/premium customer support. Key signals: month-to-month contract, short customer tenure, premium support not active.",High
34738-KAR,Male,76,Yes,Karnataka,8,31,None,Yes,No,Yes,Fiber Optic,No,No,No,No,No,No,No,Yes,Month-to-Month,No,Bank Withdrawal,70.44999694824219,849.0999755859375,0.0,0,475.4100036621094,1324.510009765625,Stayed,Others,Others,0.74,74.0,1,High,"Offer an incentive to move to a long-term contract | Offer priority/premium customer support | Offer a service review or upgrade consultation. Key signals: month-to-month contract, premium support not active, fiber service customer.",High
34756-PUN,Male,54,Yes,Punjab,8,13,Deal 5,Yes,No,Yes,Fiber Optic,No,No,No,No,No,No,No,Yes,Month-to-Month,Yes,Bank Withdrawal,70.30000305175781,70.30000305175781,0.0,0,15.920000076293945,86.22000122070312,Churned,Dissatisfaction,Service dissatisfaction,0.99,99.0,1,High,"Offer an incentive to move to a long-term contract | Offer priority/premium customer support | Offer a service review or upgrade consultation. Key signals: month-to-month contract, premium support not active, fiber service customer.",High
35000-MAH,Male,77,Yes,Maharashtra,1,7,None,Yes,Yes,Yes,Fiber Optic,No,No,No,No,No,No,No,Yes,Month-to-Month,Yes,Bank Withdrawal,74.30000305175781,1096.25,0.0,0,490.9800109863281,1587.22998046875,Churned,Dissatisfaction,Service dissatisfaction,0.86,86.0,1,High,"Offer an incentive to move to a long-term contract | Offer an early-tenure loyalty benefit | Offer priority/premium customer support. Key signals: month-to-month contract, short customer tenure, premium support not active.",High
35004-RAJ,Male,28,No,Rajasthan,4,32,Deal 5,Yes,No,Yes,Fiber Optic,No,No,No,No,Yes,Yes,Yes,No,Month-to-Month,No,Bank Withdrawal,90.55000305175781,90.55000305175781,0.0,60,15.4399995803833,165.99000549316406,Churned,Competitor,Competitor made better offer,0.98,98.0,1,High,"Offer an incentive to move to a long-term contract | Offer a personalized pricing or loyalty discount | Offer priority/premium customer support. Key signals: month-to-month contract, high monthly charge, premium support not active.",High
38504-GUJ,Male,55,No,Gujarat,12,31,Deal 5,Yes,Yes,Yes,Fiber Optic,No,No,No,No,No,No,No,Yes,Month-to-Month,Yes,Bank Withdrawal,74.94999694824219,74.94999694824219,0.0,0,30.06999969482422,105.0199966430664,Churned,Competitor,Competitor had better devices,0.99,99.0,1,High,"Offer an incentive to move to a long-term contract | Offer priority/premium customer support | Offer a service review or upgrade consultation. Key signals: month-to-month contract, premium support not active, fiber service customer.",High
38636-TEL,Female,54,No,Telangana,8,13,Deal 3,Yes,Yes,Yes,Fiber Optic,No,Yes,Yes,No,Yes,Yes,Yes,Yes,Month-to-Month,Yes,Bank Withdrawal,104.6500015258789,2542.449951171875,0.0,0,72.0,2614.449951171875,Churned,Competitor,Competitor made better offer,0.62,62.0,1,Medium,"Offer an incentive to move to a long-term contract | Offer a personalized pricing or loyalty discount | Offer priority/premium customer support. Key signals: month-to-month contract, high monthly charge, premium support not active.",Medium
38815-JAM,Female,67,No,Jammu & Kashmir,13,16,None,Yes,Yes,Yes,Fiber Optic,No,Yes,Yes,No,Yes,No,No,Yes,Month-to-Month,Yes,Bank Withdrawal,95.55000305175781,3930.60009765625,0.0,0,961.3800048828125,4891.97998046875,Stayed,Others,Others,0.72,72.0,1,High,"Offer an incentive to move to a long-term contract | Offer a personalized pricing or loyalty discount | Offer priority/premium customer support. Key signals: month-to-month contract, high monthly charge, premium support not active.",High
45007-MAH,Female,80,No,Maharashtra,8,31,None,Yes,No,Yes,Fiber Optic,No,No,No,No,Yes,Yes,No,Yes,Month-to-Month,Yes,Bank Withdrawal,91.4000015258789,449.75,0.0,0,22.950000762939453,472.70001220703125,Churned,Dissatisfaction,Network reliability,0.87,87.0,1,High,"Offer an incentive to move to a long-term contract | Offer a personalized pricing or loyalty discount | Offer priority/premium customer support. Key signals: month-to-month contract, high monthly charge, premium support not active.",High
45027-KAR,Female,42,No,Karnataka,7,5,Deal 5,Yes,No,Yes,DSL,No,Yes,No,Yes,No,No,No,Yes,Month-to-Month,Yes,Credit Card,55.04999923706055,102.75,0.0,0,85.0999984741211,187.85000610351562,Churned,Competitor,Competitor had better devices,0.79,79.0,1,High,"Offer an incentive to move to a long-term contract | Offer an early-tenure loyalty benefit. Key signals: month-to-month contract, short customer tenure.",High
45084-JAM,Female,18,No,Jammu & Kashmir,14,9,None,Yes,Yes,Yes,Fiber Optic,No,No,No,No,Yes,Yes,Yes,No,Month-to-Month,Yes,Bank Withdrawal,95.19999694824219,292.8500061035156,0.0,20,69.77999877929688,382.6300048828125,Churned,Competitor,Competitor made better offer,0.89,89.0,1,High,"Offer an incentive to move to a long-term contract | Offer a personalized pricing or loyalty discount | Offer an early-tenure loyalty benefit. Key signals: month-to-month contract, high monthly charge, short customer tenure.",High
48580-ODI,Female,32,Yes,Odisha,15,30,None,Yes,Yes,Yes,DSL,No,Yes,No,Yes,No,No,No,Yes,Month-to-Month,Yes,Credit Card,58.5,224.85000610351562,0.0,0,140.8000030517578,365.6499938964844,Stayed,Others,Others,0.55,55.0,1,Medium,"Offer an incentive to move to a long-term contract | Evaluate eligibility for a value plan. Key signals: month-to-month contract, no value deal assigned.",Medium
48700-KAR,Female,37,No,Karnataka,13,12,Deal 4,Yes,No,Yes,Fiber Optic,Yes,No,Yes,No,Yes,No,No,Yes,Month-to-Month,Yes,Mailed Check,87.9000015258789,1500.5,0.0,0,434.8800048828125,1935.3800048828125,Stayed,Others,Others,0.5,50.0,1,Medium,"Offer an incentive to move to a long-term contract | Offer a personalized pricing or loyalty discount | Offer priority/premium customer support. Key signals: month-to-month contract, high monthly charge, premium support not active.",Medium
48712-GUJ,Female,56,Yes,Gujarat,1,2,Deal 5,Yes,No,Yes,DSL,No,No,No,No,No,No,No,Yes,Month-to-Month,No,Credit Card,44.400001525878906,44.400001525878906,0.0,0,26.530000686645508,70.93000030517578,Churned,Attitude,Attitude of support person,0.98,98.0,1,High,"Offer an incentive to move to a long-term contract | Offer an early-tenure loyalty benefit | Offer priority/premium customer support. Key signals: month-to-month contract, short customer tenure, premium support not active.",High
53586-HAR,Female,75,Yes,Haryana,4,13,None,No,No,Yes,Cable,No,Yes,Yes,No,Yes,Yes,Yes,No,Month-to-Month,Yes,Bank Withdrawal,52.29999923706055,3765.050048828125,0.0,40,0.0,3805.050048828125,Stayed,Others,Others,0.53,53.0,1,Medium,"Offer an incentive to move to a long-term contract | Offer priority/premium customer support | Evaluate eligibility for a value plan. Key signals: month-to-month contract, premium support not active, no value deal assigned.",Medium
53595-HAR,Female,67,No,Haryana,6,15,None,Yes,No,Yes,DSL,Yes,No,No,No,Yes,Yes,Yes,Yes,Month-to-Month,Yes,Bank Withdrawal,70.75,146.89999389648438,0.0,0,53.86000061035156,200.75999450683594,Churned,Attitude,Attitude of support person,0.83,83.0,1,High,"Offer an incentive to move to a long-term contract | Offer priority/premium customer support | Evaluate eligibility for a value plan. Key signals: month-to-month contract, premium support not active, no value deal assigned.",High
53689-AND,Male,32,Yes,Andhra Pradesh,2,6,None,Yes,No,Yes,Fiber Optic,No,No,No,No,Yes,No,No,Yes,Month-to-Month,Yes,Bank Withdrawal,80.0999984741211,679.2999877929688,0.0,0,291.1199951171875,970.4199829101562,Churned,Competitor,Competitor had better devices,0.7,70.0,1,High,"Offer an incentive to move to a long-term contract | Offer a personalized pricing or loyalty discount | Offer an early-tenure loyalty benefit. Key signals: month-to-month contract, high monthly charge, short customer tenure.",High
53697-TAM,Male,73,Yes,Tamil Nadu,15,11,Deal 5,Yes,No,No,None,No,No,No,No,No,No,No,No,Month-to-Month,No,Credit Card,20.049999237060547,20.049999237060547,0.0,0,19.8700008392334,39.91999816894531,Churned,Price,Long distance charges,0.96,96.0,1,High,"Offer an incentive to move to a long-term contract | Offer an early-tenure loyalty benefit | Offer priority/premium customer support. Key signals: month-to-month contract, short customer tenure, premium support not active.",High
53759-AND,Female,51,No,Andhra Pradesh,3,5,None,Yes,Yes,Yes,Fiber Optic,No,Yes,No,No,Yes,Yes,Yes,No,Month-to-Month,Yes,Bank Withdrawal,99.1500015258789,3615.60009765625,0.0,30,480.6000061035156,4126.2001953125,Churned,Competitor,Competitor had better devices,0.61,61.0,1,Medium,"Offer an incentive to move to a long-term contract | Offer a personalized pricing or loyalty discount | Offer an early-tenure loyalty benefit. Key signals: month-to-month contract, high monthly charge, short customer tenure.",Medium
57868-UTT,Female,58,No,Uttar Pradesh,11,13,None,Yes,Yes,Yes,Fiber Optic,No,No,No,No,Yes,Yes,Yes,Yes,Month-to-Month,Yes,Bank Withdrawal,95.5999984741211,4783.5,0.0,0,2431.8701171875,7215.3701171875,Churned,Competitor,Competitor offered higher download speeds,0.53,53.0,1,Medium,"Offer an incentive to move to a long-term contract | Offer a personalized pricing or loyalty discount | Offer priority/premium customer support. Key signals: month-to-month contract, high monthly charge, premium support not active.",Medium
57883-WES,Male,48,Yes,West Bengal,14,33,None,Yes,No,Yes,Fiber Optic,No,Yes,No,No,No,Yes,Yes,Yes,Month-to-Month,Yes,Bank Withdrawal,84.4000015258789,556.3499755859375,0.0,0,131.82000732421875,688.1699829101562,Churned,Dissatisfaction,Service dissatisfaction,0.66,66.0,1,Medium,"Offer an incentive to move to a long-term contract | Offer a personalized pricing or loyalty discount | Offer priority/premium customer support. Key signals: month-to-month contract, high monthly charge, premium support not active.",Medium
57919-TEL,Male,66,No,Telangana,7,5,Deal 3,Yes,Yes,Yes,Cable,No,No,No,No,Yes,No,No,Yes,Month-to-Month,Yes,Bank Withdrawal,83.75,2070.60009765625,0.0,0,933.4000244140625,3004.0,Churned,Competitor,Competitor offered higher download speeds,0.51,51.0,1,Medium,"Offer an incentive to move to a long-term contract | Offer a personalized pricing or loyalty discount | Offer an early-tenure loyalty benefit. Key signals: month-to-month contract, high monthly charge, short customer tenure.",Medium
58049-MAD,Female,77,No,Madhya Pradesh,15,15,None,No,No,Yes,DSL,No,No,No,No,No,No,No,No,Month-to-Month,Yes,Mailed Check,25.799999237060547,25.799999237060547,0.0,20,0.0,45.79999923706055,Churned,Competitor,Competitor had better devices,0.97,97.0,1,High,"Offer an incentive to move to a long-term contract | Offer priority/premium customer support | Evaluate eligibility for a value plan. Key signals: month-to-month contract, premium support not active, no value deal assigned.",High
58091-MAD,Female,40,No,Madhya Pradesh,2,14,None,Yes,Yes,Yes,DSL,No,No,No,No,No,No,No,Yes,Month-to-Month,No,Credit Card,51.75,201.10000610351562,0.0,0,39.91999816894531,241.02000427246094,Churned,Competitor,Competitor had better devices,0.6,60.0,1,Medium,"Offer an incentive to move to a long-term contract | Offer priority/premium customer support | Evaluate eligibility for a value plan. Key signals: month-to-month contract, premium support not active, no value deal assigned.",Medium
58100-CHH,Male,74,No,Chhattisgarh,10,12,None,Yes,Yes,Yes,Fiber Optic,No,No,Yes,No,No,Yes,No,Yes,Month-to-Month,Yes,Bank Withdrawal,89.80000305175781,914.2999877929688,0.0,0,168.8000030517578,1083.0999755859375,Churned,Competitor,Competitor made better offer,0.91,91.0,1,High,"Offer an incentive to move to a long-term contract | Offer a personalized pricing or loyalty discount | Offer priority/premium customer support. Key signals: month-to-month contract, high monthly charge, premium support not active.",High
58127-KER,Female,63,Yes,Kerala,14,2,None,Yes,No,Yes,Fiber Optic,No,No,No,No,Yes,No,No,No,Month-to-Month,No,Bank Withdrawal,79.55000305175781,79.55000305175781,0.0,10,32.130001068115234,121.68000030517578,Churned,Competitor,Competitor made better offer,0.99,99.0,1,High,"Offer an incentive to move to a long-term contract | Offer an early-tenure loyalty benefit | Offer priority/premium customer support. Key signals: month-to-month contract, short customer tenure, premium support not active.",High
58153-KER,Female,75,No,Kerala,10,2,Deal 5,Yes,Yes,Yes,Fiber Optic,No,No,No,No,Yes,Yes,No,Yes,Month-to-Month,Yes,Bank Withdrawal,94.5999984741211,279.54998779296875,0.0,0,96.93000030517578,376.4800109863281,Churned,Competitor,Competitor had better devices,0.96,96.0,1,High,"Offer an incentive to move to a long-term contract | Offer a personalized pricing or loyalty discount | Offer an early-tenure loyalty benefit. Key signals: month-to-month contract, high monthly charge, short customer tenure.",High
58156-KAR,Female,56,Yes,Karnataka,8,23,None,Yes,Yes,Yes,Fiber Optic,No,No,No,No,Yes,Yes,Yes,No,Month-to-Month,Yes,Bank Withdrawal,93.0,2248.050048828125,0.0,40,1125.8399658203125,3413.889892578125,Stayed,Others,Others,0.59,59.0,1,Medium,"Offer an incentive to move to a long-term contract | Offer a personalized pricing or loyalty discount | Offer priority/premium customer support. Key signals: month-to-month contract, high monthly charge, premium support not active.",Medium
58161-TAM,Male,58,No,Tamil Nadu,1,26,Deal 2,Yes,Yes,Yes,Cable,No,Yes,No,No,Yes,Yes,Yes,Yes,Month-to-Month,Yes,Bank Withdrawal,101.30000305175781,4113.10009765625,0.0,0,902.4000244140625,5015.5,Churned,Competitor,Competitor had better devices,0.5,50.0,1,Medium,"Offer an incentive to move to a long-term contract | Offer a personalized pricing or loyalty discount | Offer priority/premium customer support. Key signals: month-to-month contract, high monthly charge, premium support not active.",Medium
58181-HAR,Female,77,No,Haryana,15,19,None,Yes,Yes,Yes,Fiber Optic,No,Yes,Yes,No,Yes,Yes,No,Yes,Month-to-Month,Yes,Bank Withdrawal,106.4000015258789,2483.5,0.0,0,405.260009765625,2888.760009765625,Churned,Dissatisfaction,Product dissatisfaction,0.85,85.0,1,High,"Offer an incentive to move to a long-term contract | Offer a personalized pricing or loyalty discount | Offer priority/premium customer support. Key signals: month-to-month contract, high monthly charge, premium support not active.",High
58240-TAM,Male,41,Yes,Tamil Nadu,6,1,None,Yes,No,Yes,Fiber Optic,No,No,No,No,No,No,No,Yes,Month-to-Month,Yes,Bank Withdrawal,70.0999984741211,659.6500244140625,34.689998626708984,0,220.3000030517578,845.260009765625,Churned,Dissatisfaction,Network reliability,0.5,50.0,1,Medium,"Offer an incentive to move to a long-term contract | Offer an early-tenure loyalty benefit | Offer priority/premium customer support. Key signals: month-to-month contract, short customer tenure, premium support not active.",Medium
62857-PUN,Female,74,No,Punjab,12,9,Deal 5,Yes,No,Yes,Fiber Optic,No,No,No,No,Yes,Yes,No,Yes,Month-to-Month,Yes,Bank Withdrawal,89.5,676.7000122070312,0.0,0,95.41000366210938,772.1099853515625,Churned,Dissatisfaction,Network reliability,0.96,96.0,1,High,"Offer an incentive to move to a long-term contract | Offer a personalized pricing or loyalty discount | Offer an early-tenure loyalty benefit. Key signals: month-to-month contract, high monthly charge, short customer tenure.",High
62886-RAJ,Female,78,No,Rajasthan,4,10,None,Yes,Yes,Yes,Fiber Optic,No,Yes,Yes,No,No,Yes,No,Yes,Month-to-Month,Yes,Bank Withdrawal,94.25,3217.550048828125,0.0,0,97.91999816894531,3315.469970703125,Churned,Competitor,Competitor had better devices,0.79,79.0,1,High,"Offer an incentive to move to a long-term contract | Offer a personalized pricing or loyalty discount | Offer an early-tenure loyalty benefit. Key signals: month-to-month contract, high monthly charge, short customer tenure.",High
62959-PUN,Male,59,Yes,Punjab,7,6,Deal 5,No,No,Yes,DSL,No,No,No,No,No,No,No,Yes,Month-to-Month,Yes,Bank Withdrawal,23.450000762939453,23.450000762939453,0.0,0,0.0,23.450000762939453,Churned,Price,Price too high,0.99,99.0,1,High,"Offer an incentive to move to a long-term contract | Offer an early-tenure loyalty benefit | Offer priority/premium customer support. Key signals: month-to-month contract, short customer tenure, premium support not active.",High
66502-AND,Female,23,Yes,Andhra Pradesh,13,9,Deal 5,Yes,No,Yes,Fiber Optic,Yes,Yes,Yes,Yes,No,Yes,Yes,Yes,Month-to-Month,Yes,Bank Withdrawal,98.1500015258789,567.4500122070312,0.0,0,121.55999755859375,689.010009765625,Churned,Attitude,Attitude of support person,0.54,54.0,1,Medium,"Offer an incentive to move to a long-term contract | Offer a personalized pricing or loyalty discount | Offer an early-tenure loyalty benefit. Key signals: month-to-month contract, high monthly charge, short customer tenure.",Medium
66552-TAM,Female,49,No,Tamil Nadu,10,21,Deal 5,Yes,No,No,None,No,No,No,No,No,No,No,No,Month-to-Month,No,Mailed Check,19.649999618530273,19.649999618530273,0.0,0,6.079999923706055,25.729999542236328,Churned,Competitor,Competitor made better offer,1.0,100.0,1,High,"Offer an incentive to move to a long-term contract | Offer priority/premium customer support. Key signals: month-to-month contract, premium support not active.",High
66553-TAM,Male,56,Yes,Tamil Nadu,0,3,None,Yes,No,No,None,No,No,No,No,No,No,No,No,Month-to-Month,No,Bank Withdrawal,19.950000762939453,19.950000762939453,0.0,0,8.029999732971191,27.979999542236328,Churned,Price,Long distance charges,0.94,94.0,1,High,"Offer an incentive to move to a long-term contract | Offer an early-tenure loyalty benefit | Offer priority/premium customer support. Key signals: month-to-month contract, short customer tenure, premium support not active.",High
66623-JAM,Female,80,Yes,Jammu & Kashmir,1,22,None,Yes,Yes,Yes,Fiber Optic,No,Yes,No,No,Yes,No,No,Yes,Month-to-Month,Yes,Bank Withdrawal,91.30000305175781,1094.5,0.0,0,408.1199951171875,1502.6199951171875,Churned,Competitor,Competitor made better offer,0.82,82.0,1,High,"Offer an incentive to move to a long-term contract | Offer a personalized pricing or loyalty discount | Offer priority/premium customer support. Key signals: month-to-month contract, high monthly charge, premium support not active.",High
71646-GUJ,Male,31,No,Gujarat,13,34,None,Yes,No,Yes,DSL,No,No,No,No,No,No,No,Yes,Month-to-Month,No,Bank Withdrawal,45.75,45.75,0.0,0,24.239999771118164,69.98999786376953,Churned,Attitude,Attitude of support person,0.99,99.0,1,High,"Offer an incentive to move to a long-term contract | Offer priority/premium customer support | Evaluate eligibility for a value plan. Key signals: month-to-month contract, premium support not active, no value deal assigned.",High
71710-GUJ,Female,41,Yes,Gujarat,12,2,Deal 5,Yes,No,No,None,No,No,No,No,No,No,No,No,Month-to-Month,No,Credit Card,20.200000762939453,20.200000762939453,0.0,0,11.25,31.450000762939453,Churned,Competitor,Competitor made better offer,0.96,96.0,1,High,"Offer an incentive to move to a long-term contract | Offer an early-tenure loyalty benefit | Offer priority/premium customer support. Key signals: month-to-month contract, short customer tenure, premium support not active.",High
71753-ODI,Female,32,No,Odisha,6,27,None,Yes,Yes,Yes,Fiber Optic,No,No,No,No,Yes,No,No,Yes,Month-to-Month,Yes,Bank Withdrawal,84.94999694824219,1378.25,0.0,0,109.12000274658203,1487.3699951171875,Churned,Attitude,Attitude of support person,0.63,63.0,1,Medium,"Offer an incentive to move to a long-term contract | Offer a personalized pricing or loyalty discount | Offer priority/premium customer support. Key signals: month-to-month contract, high monthly charge, premium support not active.",Medium
71837-TAM,Female,44,Yes,Tamil Nadu,7,15,Deal 4,Yes,Yes,Yes,Fiber Optic,Yes,Yes,Yes,No,No,Yes,Yes,Yes,Month-to-Month,Yes,Bank Withdrawal,99.69999694824219,1238.449951171875,0.0,0,192.83999633789062,1431.2900390625,Churned,Price,Lack of affordable download/upload speed,0.71,71.0,1,High,"Offer an incentive to move to a long-term contract | Offer a personalized pricing or loyalty discount | Offer priority/premium customer support. Key signals: month-to-month contract, high monthly charge, premium support not active.",High
71858-KAR,Female,37,No,Karnataka,8,20,Deal 5,Yes,No,No,None,No,No,No,No,No,No,No,No,Month-to-Month,Yes,Mailed Check,20.149999618530273,20.149999618530273,0.0,0,21.59000015258789,41.7400016784668,Churned,Attitude,Attitude of support person,0.98,98.0,1,High,"Offer an incentive to move to a long-term contract | Offer priority/premium customer support. Key signals: month-to-month contract, premium support not active.",High
75616-MAH,Female,76,No,Maharashtra,4,25,None,Yes,Yes,Yes,Fiber Optic,No,No,No,No,No,No,No,Yes,Month-to-Month,No,Credit Card,73.75,545.1500244140625,0.0,0,226.8000030517578,771.9500122070312,Churned,Attitude,Attitude of support person,0.62,62.0,1,Medium,"Offer an incentive to move to a long-term contract | Offer priority/premium customer support | Offer a service review or upgrade consultation. Key signals: month-to-month contract, premium support not active, fiber service customer.",Medium
75734-HAR,Male,29,Yes,Haryana,4,21,None,Yes,Yes,Yes,Fiber Optic,No,No,No,No,No,No,No,Yes,Month-to-Month,Yes,Bank Withdrawal,74.5,74.5,0.0,0,13.609999656677246,88.11000061035156,Churned,Competitor,Competitor had better devices,1.0,100.0,1,High,"Offer an incentive to move to a long-term contract | Offer priority/premium customer support | Offer a service review or upgrade consultation. Key signals: month-to-month contract, premium support not active, fiber service customer.",High
75737-KAR,Female,70,Yes,Karnataka,1,18,None,Yes,No,Yes,Fiber Optic,No,No,No,No,Yes,Yes,No,Yes,Month-to-Month,No,Credit Card,90.44999694824219,1266.0999755859375,0.0,0,158.33999633789062,1424.43994140625,Churned,Competitor,Competitor offered more data,0.72,72.0,1,High,"Offer an incentive to move to a long-term contract | Offer a personalized pricing or loyalty discount | Offer priority/premium customer support. Key signals: month-to-month contract, high monthly charge, premium support not active.",High
79282-TAM,Female,58,No,Tamil Nadu,0,17,None,Yes,No,No,None,No,No,No,No,No,No,No,No,Month-to-Month,No,Credit Card,-10.0,19.5,0.0,0,32.45000076293945,51.95000076293945,Churned,Attitude,Attitude of support person,0.94,94.0,1,High,"Offer an incentive to move to a long-term contract | Offer priority/premium customer support | Evaluate eligibility for a value plan. Key signals: month-to-month contract, premium support not active, no value deal assigned.",High
79328-BIH,Female,21,Yes,Bihar,7,3,None,Yes,Yes,Yes,Fiber Optic,No,No,No,No,Yes,No,No,Yes,Month-to-Month,Yes,Bank Withdrawal,85.5999984741211,4902.7998046875,0.0,0,2397.360107421875,7300.16015625,Stayed,Others,Others,0.51,51.0,1,Medium,"Offer an incentive to move to a long-term contract | Offer a personalized pricing or loyalty discount | Offer an early-tenure loyalty benefit. Key signals: month-to-month contract, high monthly charge, short customer tenure.",Medium
79397-HAR,Female,83,No,Haryana,5,8,Deal 2,Yes,Yes,Yes,Fiber Optic,Yes,No,Yes,No,Yes,No,No,Yes,Month-to-Month,Yes,Bank Withdrawal,93.80000305175781,4750.9501953125,0.0,0,1129.1400146484375,5880.08984375,Churned,Dissatisfaction,Limited range of services,0.57,57.0,1,Medium,"Offer an incentive to move to a long-term contract | Offer a personalized pricing or loyalty discount | Offer an early-tenure loyalty benefit. Key signals: month-to-month contract, high monthly charge, short customer tenure.",Medium
79425-GUJ,Male,58,No,Gujarat,12,28,None,Yes,No,Yes,Fiber Optic,No,Yes,Yes,Yes,No,Yes,Yes,Yes,Month-to-Month,Yes,Bank Withdrawal,94.19999694824219,999.9000244140625,0.0,0,104.72000122070312,1104.6199951171875,Stayed,Others,Others,0.57,57.0,1,Medium,"Offer an incentive to move to a long-term contract | Offer a personalized pricing or loyalty discount | Offer a service review or upgrade consultation. Key signals: month-to-month contract, high monthly charge, fiber service customer.",Medium
79433-KAR,Female,51,No,Karnataka,13,23,Deal 5,Yes,No,Yes,Fiber Optic,No,No,No,No,Yes,No,No,Yes,Month-to-Month,Yes,Mailed Check,79.6500015258789,152.6999969482422,0.0,0,58.08000183105469,210.77999877929688,Churned,Price,Lack of affordable download/upload speed,0.94,94.0,1,High,"Offer an incentive to move to a long-term contract | Offer priority/premium customer support | Offer a service review or upgrade consultation. Key signals: month-to-month contract, premium support not active, fiber service customer.",High
84425-GUJ,Male,74,No,Gujarat,15,21,None,Yes,Yes,Yes,Fiber Optic,No,No,No,No,No,Yes,No,Yes,Month-to-Month,Yes,Bank Withdrawal,84.0,613.4000244140625,0.0,0,368.3999938964844,981.7999877929688,Churned,Dissatisfaction,Limited range of services,0.85,85.0,1,High,"Offer an incentive to move to a long-term contract | Offer a personalized pricing or loyalty discount | Offer priority/premium customer support. Key signals: month-to-month contract, high monthly charge, premium support not active.",High
84470-AND,Male,30,No,Andhra Pradesh,12,27,Deal 5,Yes,Yes,Yes,Fiber Optic,No,Yes,Yes,No,Yes,Yes,Yes,Yes,Month-to-Month,No,Bank Withdrawal,105.30000305175781,550.5999755859375,0.0,0,223.25,773.8499755859375,Stayed,Others,Others,0.68,68.0,1,Medium,"Offer an incentive to move to a long-term contract | Offer a personalized pricing or loyalty discount | Offer priority/premium customer support. Key signals: month-to-month contract, high monthly charge, premium support not active.",Medium
84588-UTT,Female,68,No,Uttar Pradesh,1,9,None,Yes,Yes,Yes,Fiber Optic,Yes,No,No,No,No,No,No,Yes,Month-to-Month,Yes,Bank Withdrawal,78.8499984741211,1772.25,0.0,0,49.20000076293945,1821.449951171875,Churned,Attitude,Attitude of service provider,0.7,70.0,1,High,"Offer an incentive to move to a long-term contract | Offer an early-tenure loyalty benefit | Offer priority/premium customer support. Key signals: month-to-month contract, short customer tenure, premium support not active.",High
84650-PUN,Female,58,No,Punjab,1,10,None,Yes,Yes,Yes,Fiber Optic,No,No,No,Yes,No,No,No,Yes,Month-to-Month,Yes,Credit Card,78.8499984741211,3126.85009765625,0.0,0,1598.800048828125,4725.64990234375,Stayed,Others,Others,0.55,55.0,1,Medium,"Offer an incentive to move to a long-term contract | Offer an early-tenure loyalty benefit | Offer a service review or upgrade consultation. Key signals: month-to-month contract, short customer tenure, fiber service customer.",Medium
84666-TEL,Female,21,No,Telangana,6,5,None,Yes,Yes,Yes,Fiber Optic,No,No,No,No,Yes,Yes,Yes,Yes,Month-to-Month,Yes,Bank Withdrawal,96.0999984741211,4364.10009765625,0.0,0,494.55999755859375,4858.66015625,Churned,Competitor,Competitor offered higher download speeds,0.53,53.0,1,Medium,"Offer an incentive to move to a long-term contract | Offer a personalized pricing or loyalty discount | Offer an early-tenure loyalty benefit. Key signals: month-to-month contract, high monthly charge, short customer tenure.",Medium
88664-KAR,Female,73,Yes,Karnataka,3,34,Deal 5,Yes,No,Yes,Fiber Optic,Yes,Yes,No,No,No,No,No,Yes,Month-to-Month,No,Bank Withdrawal,80.69999694824219,374.79998779296875,0.0,0,181.35000610351562,556.1500244140625,Stayed,Others,Others,0.71,71.0,1,High,"Offer an incentive to move to a long-term contract | Offer a personalized pricing or loyalty discount | Offer priority/premium customer support. Key signals: month-to-month contract, high monthly charge, premium support not active.",High
88752-JAM,Male,48,No,Jammu & Kashmir,6,27,Deal 5,Yes,No,Yes,DSL,No,No,Yes,No,No,No,No,Yes,Month-to-Month,No,Credit Card,50.900001525878906,50.900001525878906,0.0,0,6.949999809265137,57.849998474121094,Churned,Attitude,Attitude of support person,0.99,99.0,1,High,"Offer an incentive to move to a long-term contract | Offer priority/premium customer support. Key signals: month-to-month contract, premium support not active.",High
88776-MAH,Female,41,No,Maharashtra,0,13,None,Yes,No,Yes,Fiber Optic,No,No,Yes,Yes,Yes,Yes,Yes,Yes,Month-to-Month,Yes,Bank Withdrawal,100.4000015258789,715.0,0.0,0,273.1400146484375,988.1400146484375,Stayed,Others,Others,0.59,59.0,1,Medium,"Offer an incentive to move to a long-term contract | Offer a personalized pricing or loyalty discount | Offer a service review or upgrade consultation. Key signals: month-to-month contract, high monthly charge, fiber service customer.",Medium
88802-RAJ,Male,30,No,Rajasthan,12,6,Deal 4,Yes,Yes,Yes,Fiber Optic,No,No,No,No,No,No,No,Yes,Month-to-Month,Yes,Bank Withdrawal,75.5999984741211,1395.050048828125,0.0,0,273.239990234375,1668.2900390625,Stayed,Others,Others,0.53,53.0,1,Medium,"Offer an incentive to move to a long-term contract | Offer an early-tenure loyalty benefit | Offer priority/premium customer support. Key signals: month-to-month contract, short customer tenure, premium support not active.",Medium
88839-PUD,Female,35,Yes,Puducherry,12,9,None,Yes,No,Yes,Fiber Optic,No,No,No,No,Yes,Yes,Yes,Yes,Month-to-Month,Yes,Credit Card,87.80000305175781,2621.75,0.0,0,974.97998046875,3596.72998046875,Stayed,Others,Others,0.51,51.0,1,Medium,"Offer an incentive to move to a long-term contract | Offer a personalized pricing or loyalty discount | Offer an early-tenure loyalty benefit. Key signals: month-to-month contract, high monthly charge, short customer tenure.",Medium
88869-JAM,Male,29,No,Jammu & Kashmir,9,5,Deal 5,Yes,No,Yes,Cable,No,No,No,No,No,No,No,Yes,Month-to-Month,Yes,Bank Withdrawal,70.69999694824219,141.4499969482422,0.0,0,19.520000457763672,160.97000122070312,Churned,Competitor,Competitor made better offer,0.97,97.0,1,High,"Offer an incentive to move to a long-term contract | Offer an early-tenure loyalty benefit | Offer priority/premium customer support. Key signals: month-to-month contract, short customer tenure, premium support not active.",High
88898-HAR,Male,50,No,Haryana,8,31,Deal 5,Yes,No,Yes,Fiber Optic,No,No,No,No,Yes,No,No,No,Month-to-Month,No,Bank Withdrawal,77.8499984741211,299.20001220703125,0.0,10,171.1999969482422,480.3999938964844,Churned,Other,Don't know,0.68,68.0,1,Medium,"Offer an incentive to move to a long-term contract | Offer priority/premium customer support | Offer a service review or upgrade consultation. Key signals: month-to-month contract, premium support not active, fiber service customer.",Medium
88912-MAD,Female,74,Yes,Madhya Pradesh,8,5,Deal 5,Yes,No,Yes,Fiber Optic,No,No,No,No,No,No,No,Yes,Month-to-Month,Yes,Mailed Check,70.44999694824219,70.44999694824219,0.0,0,15.279999732971191,85.7300033569336,Churned,Other,Don't know,1.0,100.0,1,High,"Offer an incentive to move to a long-term contract | Offer an early-tenure loyalty benefit | Offer priority/premium customer support. Key signals: month-to-month contract, short customer tenure, premium support not active.",High
88924-HAR,Female,70,No,Haryana,14,32,Deal 5,Yes,Yes,Yes,Fiber Optic,No,Yes,No,No,No,No,No,Yes,Month-to-Month,Yes,Credit Card,80.6500015258789,633.2999877929688,0.0,0,390.79998779296875,1024.0999755859375,Churned,Competitor,Competitor made better offer,0.6,60.0,1,Medium,"Offer an incentive to move to a long-term contract | Offer a personalized pricing or loyalty discount | Offer priority/premium customer support. Key signals: month-to-month contract, high monthly charge, premium support not active.",Medium
88933-TAM,Male,38,No,Tamil Nadu,8,21,None,Yes,Yes,Yes,Cable,No,No,No,No,No,No,No,Yes,Month-to-Month,Yes,Bank Withdrawal,50.45000076293945,50.45000076293945,0.0,0,28.25,78.69999694824219,Churned,Competitor,Competitor made better offer,1.0,100.0,1,High,"Offer an incentive to move to a long-term contract | Offer priority/premium customer support | Evaluate eligibility for a value plan. Key signals: month-to-month contract, premium support not active, no value deal assigned.",High
88944-HAR,Female,29,Yes,Haryana,9,31,None,Yes,Yes,Yes,Fiber Optic,No,Yes,Yes,No,Yes,Yes,Yes,Yes,Month-to-Month,Yes,Credit Card,102.0999984741211,1068.8499755859375,0.0,0,320.70001220703125,1389.550048828125,Churned,Competitor,Competitor offered higher download speeds,0.67,67.0,1,Medium,"Offer an incentive to move to a long-term contract | Offer a personalized pricing or loyalty discount | Offer priority/premium customer support. Key signals: month-to-month contract, high monthly charge, premium support not active.",Medium
93155-KER,Male,65,Yes,Kerala,9,30,None,Yes,No,Yes,DSL,No,No,No,No,No,No,No,No,Month-to-Month,Yes,Credit Card,44.25,313.45001220703125,0.0,0,220.00999450683594,533.4600219726562,Stayed,Others,Others,0.53,53.0,1,Medium,"Offer an incentive to move to a long-term contract | Offer priority/premium customer support | Evaluate eligibility for a value plan. Key signals: month-to-month contract, premium support not active, no value deal assigned.",Medium
93193-TAM,Male,73,No,Tamil Nadu,14,14,None,Yes,No,Yes,DSL,No,No,No,No,No,No,No,Yes,Month-to-Month,No,Bank Withdrawal,46.0,46.0,0.0,0,7.739999771118164,53.7400016784668,Churned,Competitor,Competitor had better devices,1.0,100.0,1,High,"Offer an incentive to move to a long-term contract | Offer priority/premium customer support | Evaluate eligibility for a value plan. Key signals: month-to-month contract, premium support not active, no value deal assigned.",High
93223-KAR,Male,60,Yes,Karnataka,7,10,Deal 5,Yes,No,Yes,DSL,No,Yes,No,No,No,No,No,Yes,Month-to-Month,No,Bank Withdrawal,50.79999923706055,50.79999923706055,0.0,0,1.2799999713897705,52.08000183105469,Churned,Competitor,Competitor had better devices,0.98,98.0,1,High,"Offer an incentive to move to a long-term contract | Offer an early-tenure loyalty benefit | Offer priority/premium customer support. Key signals: month-to-month contract, short customer tenure, premium support not active.",High
93266-GUJ,Male,70,No,Gujarat,1,7,None,Yes,Yes,Yes,Fiber Optic,Yes,No,No,No,Yes,Yes,No,Yes,Month-to-Month,Yes,Bank Withdrawal,99.5999984741211,347.6499938964844,25.790000915527344,0,75.63999938964844,397.5,Churned,Dissatisfaction,Network reliability,0.81,81.0,1,High,"Offer an incentive to move to a long-term contract | Offer a personalized pricing or loyalty discount | Offer an early-tenure loyalty benefit. Key signals: month-to-month contract, high monthly charge, short customer tenure.",High
93303-HAR,Female,19,No,Haryana,6,5,Deal 5,No,No,Yes,DSL,No,No,Yes,No,Yes,Yes,Yes,Yes,Month-to-Month,Yes,Bank Withdrawal,47.95000076293945,305.1000061035156,0.0,0,0.0,305.1000061035156,Churned,Competitor,Competitor had better devices,0.64,64.0,1,Medium,"Offer an incentive to move to a long-term contract | Offer an early-tenure loyalty benefit | Offer priority/premium customer support. Key signals: month-to-month contract, short customer tenure, premium support not active.",Medium
93405-AND,Male,60,No,Andhra Pradesh,13,32,Deal 5,Yes,No,Yes,DSL,No,No,No,No,No,No,No,Yes,Month-to-Month,Yes,Mailed Check,45.70000076293945,45.70000076293945,0.0,0,5.550000190734863,51.25,Churned,Competitor,Competitor offered higher download speeds,0.99,99.0,1,High,"Offer an incentive to move to a long-term contract | Offer priority/premium customer support. Key signals: month-to-month contract, premium support not active.",High
93409-ODI,Female,33,No,Odisha,9,35,None,Yes,No,Yes,Fiber Optic,No,No,No,No,No,No,No,Yes,Month-to-Month,Yes,Bank Withdrawal,70.0,70.0,0.0,0,38.79999923706055,108.80000305175781,Churned,Price,Price too high,1.0,100.0,1,High,"Offer an incentive to move to a long-term contract | Offer priority/premium customer support | Offer a service review or upgrade consultation. Key signals: month-to-month contract, premium support not active, fiber service customer.",High
93446-AND,Male,79,Yes,Andhra Pradesh,15,4,Deal 5,Yes,No,Yes,Fiber Optic,No,No,No,No,No,No,No,Yes,Month-to-Month,Yes,Bank Withdrawal,70.30000305175781,70.30000305175781,0.0,0,39.099998474121094,109.4000015258789,Churned,Competitor,Competitor had better devices,0.99,99.0,1,High,"Offer an incentive to move to a long-term contract | Offer an early-tenure loyalty benefit | Offer priority/premium customer support. Key signals: month-to-month contract, short customer tenure, premium support not active.",High
93493-HAR,Male,33,Yes,Haryana,9,10,Deal 5,Yes,No,Yes,Fiber Optic,No,No,No,No,No,No,No,Yes,Month-to-Month,Yes,Bank Withdrawal,69.75,324.6000061035156,0.0,0,155.6999969482422,480.29998779296875,Churned,Competitor,Competitor had better devices,0.65,65.0,1,Medium,"Offer an incentive to move to a long-term contract | Offer an early-tenure loyalty benefit | Offer priority/premium customer support. Key signals: month-to-month contract, short customer tenure, premium support not active.",Medium
93519-MAD,Female,36,Yes,Madhya Pradesh,3,5,Deal 3,Yes,Yes,Yes,Fiber Optic,No,Yes,Yes,No,Yes,Yes,Yes,No,Month-to-Month,Yes,Bank Withdrawal,105.69999694824219,2979.5,0.0,80,853.4400024414062,3912.93994140625,Churned,Dissatisfaction,Service dissatisfaction,0.55,55.0,1,Medium,"Offer an incentive to move to a long-term contract | Offer a personalized pricing or loyalty discount | Offer an early-tenure loyalty benefit. Key signals: month-to-month contract, high monthly charge, short customer tenure.",Medium
97843-TAM,Male,48,No,Tamil Nadu,12,11,None,Yes,Yes,Yes,Fiber Optic,No,No,No,No,No,No,No,No,Month-to-Month,No,Bank Withdrawal,75.5999984741211,402.5,0.0,10,96.5,509.0,Stayed,Others,Others,0.68,68.0,1,Medium,"Offer an incentive to move to a long-term contract | Offer an early-tenure loyalty benefit | Offer priority/premium customer support. Key signals: month-to-month contract, short customer tenure, premium support not active.",Medium
97952-ODI,Female,61,Yes,Odisha,9,19,Deal 3,Yes,Yes,Yes,Fiber Optic,No,Yes,No,No,No,Yes,Yes,Yes,Month-to-Month,Yes,Bank Withdrawal,89.94999694824219,2625.550048828125,0.0,0,847.8400268554688,3473.389892578125,Churned,Attitude,Attitude of service provider,0.62,62.0,1,Medium,"Offer an incentive to move to a long-term contract | Offer a personalized pricing or loyalty discount | Offer priority/premium customer support. Key signals: month-to-month contract, high monthly charge, premium support not active.",Medium
97962-GUJ,Female,63,Yes,Gujarat,1,25,None,Yes,No,Yes,Fiber Optic,No,Yes,Yes,No,No,No,No,Yes,Month-to-Month,Yes,Bank Withdrawal,79.80000305175781,973.4500122070312,0.0,0,401.44000244140625,1374.8900146484375,Churned,Dissatisfaction,Service dissatisfaction,0.65,65.0,1,Medium,"Offer an incentive to move to a long-term contract | Offer priority/premium customer support | Offer a service review or upgrade consultation. Key signals: month-to-month contract, premium support not active, fiber service customer.",Medium
97997-HAR,Female,28,No,Haryana,12,35,Deal 5,Yes,No,No,None,No,No,No,No,No,No,No,No,Month-to-Month,No,Credit Card,20.5,20.5,0.0,0,26.1200008392334,46.619998931884766,Churned,Price,Long distance charges,0.97,97.0,1,High,"Offer an incentive to move to a long-term contract | Offer priority/premium customer support. Key signals: month-to-month contract, premium support not active.",High
98019-MAH,Female,75,No,Maharashtra,0,26,None,Yes,No,Yes,Fiber Optic,No,No,No,No,No,Yes,No,Yes,Month-to-Month,Yes,Bank Withdrawal,79.4000015258789,1156.0999755859375,0.0,0,258.45001220703125,1414.550048828125,Churned,Competitor,Competitor offered higher download speeds,0.85,85.0,1,High,"Offer an incentive to move to a long-term contract | Offer priority/premium customer support | Offer a service review or upgrade consultation. Key signals: month-to-month contract, premium support not active, fiber service customer.",High
12079-MAH,Female,73,Yes,Maharashtra,2,4,None,Yes,No,Yes,Fiber Optic,No,No,No,No,Yes,No,No,Yes,Month-to-Month,Yes,Bank Withdrawal,79.9000015258789,260.8999938964844,0.0,0,8.9399995803833,269.8399963378906,Churned,Price,Price too high,0.93,93.0,1,High,"Offer an incentive to move to a long-term contract | Offer an early-tenure loyalty benefit | Offer priority/premium customer support. Key signals: month-to-month contract, short customer tenure, premium support not active.",High
12149-JAM,Female,66,Yes,Jammu & Kashmir,7,26,Deal 5,Yes,Yes,Yes,Fiber Optic,Yes,No,Yes,No,No,No,No,Yes,Month-to-Month,Yes,Bank Withdrawal,84.5,453.75,0.0,0,184.39999389648438,638.1500244140625,Churned,Competitor,Competitor made better offer,0.68,68.0,1,Medium,"Offer an incentive to move to a long-term contract | Offer a personalized pricing or loyalty discount | Offer priority/premium customer support. Key signals: month-to-month contract, high monthly charge, premium support not active.",Medium
12236-BIH,Female,34,Yes,Bihar,5,11,Deal 5,Yes,No,Yes,Fiber Optic,No,Yes,No,No,Yes,No,No,No,Month-to-Month,Yes,Credit Card,85.30000305175781,420.45001220703125,0.0,10,228.6999969482422,659.1500244140625,Stayed,Others,Others,0.61,61.0,1,Medium,"Offer an incentive to move to a long-term contract | Offer a personalized pricing or loyalty discount | Offer an early-tenure loyalty benefit. Key signals: month-to-month contract, high monthly charge, short customer tenure.",Medium
15579-WES,Male,52,Yes,West Bengal,1,27,None,Yes,No,Yes,Fiber Optic,No,No,Yes,No,No,No,No,No,Month-to-Month,Yes,Bank Withdrawal,73.80000305175781,704.2999877929688,0.0,50,16.649999618530273,770.9500122070312,Stayed,Others,Others,0.7,70.0,1,High,"Offer an incentive to move to a long-term contract | Offer priority/premium customer support | Offer a service review or upgrade consultation. Key signals: month-to-month contract, premium support not active, fiber service customer.",High
15584-KAR,Male,55,No,Karnataka,15,24,None,Yes,No,Yes,Fiber Optic,No,No,No,No,No,No,No,Yes,Month-to-Month,Yes,Bank Withdrawal,71.6500015258789,71.6500015258789,0.0,0,17.540000915527344,89.19000244140625,Churned,Competitor,Competitor had better devices,1.0,100.0,1,High,"Offer an incentive to move to a long-term contract | Offer priority/premium customer support | Offer a service review or upgrade consultation. Key signals: month-to-month contract, premium support not active, fiber service customer.",High
15687-TAM,Male,65,No,Tamil Nadu,5,35,None,Yes,No,Yes,Fiber Optic,No,Yes,No,No,No,No,No,Yes,Month-to-Month,Yes,Bank Withdrawal,74.5,606.5499877929688,0.0,0,14.239999771118164,620.7899780273438,Churned,Dissatisfaction,Poor expertise of online support,0.65,65.0,1,Medium,"Offer an incentive to move to a long-term contract | Offer priority/premium customer support | Offer a service review or upgrade consultation. Key signals: month-to-month contract, premium support not active, fiber service customer.",Medium
15692-UTT,Female,25,No,Uttar Pradesh,0,23,None,Yes,No,Yes,Cable,No,No,No,No,No,No,Yes,Yes,Month-to-Month,No,Credit Card,45.04999923706055,45.04999923706055,0.0,0,48.029998779296875,93.08000183105469,Churned,Competitor,Competitor had better devices,0.99,99.0,1,High,"Offer an incentive to move to a long-term contract | Offer priority/premium customer support | Evaluate eligibility for a value plan. Key signals: month-to-month contract, premium support not active, no value deal assigned.",High
15731-MAD,Female,79,No,Madhya Pradesh,6,4,Deal 2,Yes,Yes,Yes,Cable,No,Yes,Yes,No,No,No,No,Yes,Month-to-Month,Yes,Bank Withdrawal,84.19999694824219,4146.0498046875,0.0,0,2222.580078125,6368.6298828125,Churned,Competitor,Competitor offered more data,0.55,55.0,1,Medium,"Offer an incentive to move to a long-term contract | Offer a personalized pricing or loyalty discount | Offer an early-tenure loyalty benefit. Key signals: month-to-month contract, high monthly charge, short customer tenure.",Medium
15757-HAR,Female,41,No,Haryana,6,23,None,Yes,No,Yes,DSL,No,No,No,No,No,No,No,Yes,Month-to-Month,Yes,Credit Card,44.150001525878906,44.150001525878906,0.0,0,8.770000457763672,52.91999816894531,Churned,Other,Don't know,0.99,99.0,1,High,"Offer an incentive to move to a long-term contract | Offer priority/premium customer support | Evaluate eligibility for a value plan. Key signals: month-to-month contract, premium support not active, no value deal assigned.",High
18813-BIH,Female,66,Yes,Bihar,10,2,None,Yes,Yes,Yes,Fiber Optic,No,No,No,No,Yes,Yes,Yes,Yes,Month-to-Month,Yes,Bank Withdrawal,95.5999984741211,1273.300048828125,0.0,0,526.6799926757812,1799.97998046875,Stayed,Others,Others,0.81,81.0,1,High,"Offer an incentive to move to a long-term contract | Offer a personalized pricing or loyalty discount | Offer an early-tenure loyalty benefit. Key signals: month-to-month contract, high monthly charge, short customer tenure.",High
18822-MAH,Female,40,Yes,Maharashtra,7,28,None,Yes,No,Yes,Fiber Optic,No,Yes,No,Yes,Yes,Yes,Yes,Yes,Month-to-Month,Yes,Mailed Check,99.1500015258789,465.04998779296875,0.0,0,46.150001525878906,511.20001220703125,Churned,Other,Moved,0.87,87.0,1,High,"Offer an incentive to move to a long-term contract | Offer a personalized pricing or loyalty discount | Offer a service review or upgrade consultation. Key signals: month-to-month contract, high monthly charge, fiber service customer.",High
18825-AND,Female,40,No,Andhra Pradesh,12,3,None,Yes,Yes,Yes,Fiber Optic,No,No,No,No,No,Yes,Yes,Yes,Month-to-Month,Yes,Bank Withdrawal,85.69999694824219,169.8000030517578,0.0,0,28.139999389648438,197.94000244140625,Churned,Attitude,Attitude of service provider,0.97,97.0,1,High,"Offer an incentive to move to a long-term contract | Offer a personalized pricing or loyalty discount | Offer an early-tenure loyalty benefit. Key signals: month-to-month contract, high monthly charge, short customer tenure.",High
18832-UTT,Female,63,Yes,Uttar Pradesh,12,12,None,Yes,No,Yes,Fiber Optic,No,No,No,No,Yes,Yes,Yes,Yes,Month-to-Month,Yes,Bank Withdrawal,91.30000305175781,91.30000305175781,0.0,0,43.61000061035156,134.91000366210938,Churned,Attitude,Attitude of service provider,0.99,99.0,1,High,"Offer an incentive to move to a long-term contract | Offer a personalized pricing or loyalty discount | Offer priority/premium customer support. Key signals: month-to-month contract, high monthly charge, premium support not active.",High
19376-TAM,Female,76,No,Tamil Nadu,6,13,Deal 3,Yes,Yes,Yes,Fiber Optic,No,Yes,No,No,Yes,No,No,Yes,Month-to-Month,Yes,Credit Card,91.94999694824219,3301.050048828125,17.760000228881836,0,407.5199890136719,3690.81005859375,Stayed,Others,Others,0.74,74.0,1,High,"Offer an incentive to move to a long-term contract | Offer a personalized pricing or loyalty discount | Offer priority/premium customer support. Key signals: month-to-month contract, high monthly charge, premium support not active.",High
19400-JHA,Male,34,No,Jharkhand,3,26,None,Yes,Yes,Yes,Fiber Optic,No,No,No,No,No,No,No,Yes,Month-to-Month,Yes,Bank Withdrawal,73.8499984741211,1284.199951171875,0.0,0,287.3599853515625,1571.56005859375,Churned,Other,Don't know,0.79,79.0,1,High,"Offer an incentive to move to a long-term contract | Offer priority/premium customer support | Offer a service review or upgrade consultation. Key signals: month-to-month contract, premium support not active, fiber service customer.",High
19404-WES,Female,24,No,West Bengal,11,4,Deal 5,No,No,Yes,DSL,No,No,No,No,No,Yes,Yes,Yes,Month-to-Month,Yes,Bank Withdrawal,34.70000076293945,62.25,0.0,0,0.0,62.25,Churned,Competitor,Competitor made better offer,0.97,97.0,1,High,"Offer an incentive to move to a long-term contract | Offer an early-tenure loyalty benefit | Offer priority/premium customer support. Key signals: month-to-month contract, short customer tenure, premium support not active.",High
19481-HAR,Male,76,No,Haryana,10,17,Deal 4,Yes,Yes,Yes,Fiber Optic,No,No,No,No,Yes,Yes,Yes,Yes,Month-to-Month,Yes,Bank Withdrawal,95.44999694824219,1752.550048828125,45.61000061035156,0,203.94000244140625,1910.8800048828125,Churned,Competitor,Competitor made better offer,0.73,73.0,1,High,"Offer an incentive to move to a long-term contract | Offer a personalized pricing or loyalty discount | Offer priority/premium customer support. Key signals: month-to-month contract, high monthly charge, premium support not active.",High
19520-GUJ,Male,52,No,Gujarat,10,19,None,Yes,No,Yes,Fiber Optic,No,Yes,No,No,No,No,No,Yes,Month-to-Month,Yes,Bank Withdrawal,75.5,1901.050048828125,0.0,0,111.5,2012.550048828125,Stayed,Others,Others,0.52,52.0,1,Medium,"Offer an incentive to move to a long-term contract | Offer priority/premium customer support | Offer a service review or upgrade consultation. Key signals: month-to-month contract, premium support not active, fiber service customer.",Medium
24121-KAR,Female,40,No,Karnataka,6,11,None,Yes,Yes,Yes,Fiber Optic,No,No,Yes,No,Yes,Yes,Yes,Yes,Month-to-Month,Yes,Bank Withdrawal,98.75,2407.300048828125,0.0,0,904.5599975585938,3311.860107421875,Churned,Competitor,Competitor had better devices,0.73,73.0,1,High,"Offer an incentive to move to a long-term contract | Offer a personalized pricing or loyalty discount | Offer an early-tenure loyalty benefit. Key signals: month-to-month contract, high monthly charge, short customer tenure.",High
24148-AND,Male,79,No,Andhra Pradesh,7,21,Deal 5,Yes,No,Yes,Fiber Optic,No,No,No,No,No,No,No,Yes,Month-to-Month,Yes,Bank Withdrawal,69.5999984741211,131.64999389648438,0.0,0,30.639999389648438,162.2899932861328,Churned,Price,Extra data charges,0.98,98.0,1,High,"Offer an incentive to move to a long-term contract | Offer priority/premium customer support | Offer a service review or upgrade consultation. Key signals: month-to-month contract, premium support not active, fiber service customer.",High
24183-AND,Male,81,No,Andhra Pradesh,5,29,Deal 2,Yes,Yes,Yes,Fiber Optic,No,No,Yes,No,No,Yes,No,Yes,Month-to-Month,Yes,Credit Card,90.8499984741211,4515.85009765625,0.0,0,2199.1201171875,6714.97021484375,Churned,Attitude,Attitude of support person,0.61,61.0,1,Medium,"Offer an incentive to move to a long-term contract | Offer a personalized pricing or loyalty discount | Offer priority/premium customer support. Key signals: month-to-month contract, high monthly charge, premium support not active.",Medium
24185-MAH,Female,67,Yes,Maharashtra,5,33,Deal 5,Yes,Yes,Yes,Fiber Optic,No,No,No,No,Yes,Yes,Yes,Yes,Month-to-Month,Yes,Bank Withdrawal,94.30000305175781,424.45001220703125,0.0,0,198.0,622.4500122070312,Churned,Competitor,Competitor made better offer,0.85,85.0,1,High,"Offer an incentive to move to a long-term contract | Offer a personalized pricing or loyalty discount | Offer priority/premium customer support. Key signals: month-to-month contract, high monthly charge, premium support not active.",High
24189-BIH,Male,68,No,Bihar,10,36,None,Yes,No,Yes,Fiber Optic,No,No,Yes,No,Yes,No,No,Yes,Month-to-Month,Yes,Credit Card,84.05000305175781,2909.949951171875,0.0,0,192.10000610351562,3102.050048828125,Stayed,Others,Others,0.64,64.0,1,Medium,"Offer an incentive to move to a long-term contract | Offer a personalized pricing or loyalty discount | Offer priority/premium customer support. Key signals: month-to-month contract, high monthly charge, premium support not active.",Medium
24315-KER,Male,67,Yes,Kerala,7,6,None,Yes,Yes,Yes,Fiber Optic,No,Yes,Yes,No,Yes,Yes,No,Yes,Month-to-Month,Yes,Bank Withdrawal,105.30000305175781,7299.64990234375,0.0,0,3207.56005859375,10507.2099609375,Churned,Competitor,Competitor offered more data,0.63,63.0,1,Medium,"Offer an incentive to move to a long-term contract | Offer a personalized pricing or loyalty discount | Offer an early-tenure loyalty benefit. Key signals: month-to-month contract, high monthly charge, short customer tenure.",Medium
28520-ODI,Female,27,No,Odisha,13,16,None,Yes,No,Yes,Fiber Optic,No,No,Yes,Yes,Yes,Yes,Yes,Yes,Month-to-Month,Yes,Bank Withdrawal,98.6500015258789,2537.0,0.0,0,962.0,3499.0,Stayed,Others,Others,0.52,52.0,1,Medium,"Offer an incentive to move to a long-term contract | Offer a personalized pricing or loyalty discount | Offer a service review or upgrade consultation. Key signals: month-to-month contract, high monthly charge, fiber service customer.",Medium
28544-TAM,Female,80,No,Tamil Nadu,3,8,None,Yes,No,Yes,Fiber Optic,No,No,No,Yes,Yes,No,No,Yes,Month-to-Month,Yes,Credit Card,83.9000015258789,267.3999938964844,0.0,0,22.139999389648438,289.5400085449219,Churned,Dissatisfaction,Network reliability,0.78,78.0,1,High,"Offer an incentive to move to a long-term contract | Offer a personalized pricing or loyalty discount | Offer an early-tenure loyalty benefit. Key signals: month-to-month contract, high monthly charge, short customer tenure.",High
28574-UTT,Female,23,Yes,Uttar Pradesh,4,7,None,Yes,No,Yes,Fiber Optic,No,No,No,No,Yes,No,No,Yes,Month-to-Month,Yes,Bank Withdrawal,80.8499984741211,356.1000061035156,0.0,0,239.5500030517578,595.6500244140625,Stayed,Others,Others,0.66,66.0,1,Medium,"Offer an incentive to move to a long-term contract | Offer a personalized pricing or loyalty discount | Offer an early-tenure loyalty benefit. Key signals: month-to-month contract, high monthly charge, short customer tenure.",Medium
28581-JAM,Male,25,No,Jammu & Kashmir,12,3,Deal 5,Yes,No,Yes,Fiber Optic,No,No,No,No,Yes,No,No,No,Month-to-Month,Yes,Bank Withdrawal,80.5999984741211,415.54998779296875,36.439998626708984,40,28.899999618530273,448.010009765625,Churned,Competitor,Competitor made better offer,0.82,82.0,1,High,"Offer an incentive to move to a long-term contract | Offer a personalized pricing or loyalty discount | Offer an early-tenure loyalty benefit. Key signals: month-to-month contract, high monthly charge, short customer tenure.",High
28656-KAR,Female,81,Yes,Karnataka,14,18,None,No,No,Yes,DSL,No,No,No,No,No,No,No,Yes,Month-to-Month,No,Bank Withdrawal,25.299999237060547,77.75,0.0,0,0.0,77.75,Churned,Attitude,Attitude of support person,0.97,97.0,1,High,"Offer an incentive to move to a long-term contract | Offer priority/premium customer support | Evaluate eligibility for a value plan. Key signals: month-to-month contract, premium support not active, no value deal assigned.",High
32902-KAR,Female,74,No,Karnataka,12,22,Deal 3,Yes,No,Yes,Fiber Optic,No,Yes,Yes,No,No,No,No,Yes,Month-to-Month,Yes,Credit Card,79.6500015258789,2365.14990234375,0.0,0,186.89999389648438,2552.050048828125,Churned,Attitude,Attitude of support person,0.65,65.0,1,Medium,"Offer an incentive to move to a long-term contract | Offer priority/premium customer support | Offer a service review or upgrade consultation. Key signals: month-to-month contract, premium support not active, fiber service customer.",Medium
32997-AND,Female,38,Yes,Andhra Pradesh,11,23,None,No,No,Yes,DSL,No,No,No,No,No,No,No,Yes,Month-to-Month,No,Bank Withdrawal,24.600000381469727,24.600000381469727,0.0,0,0.0,24.600000381469727,Churned,Price,Price too high,0.98,98.0,1,High,"Offer an incentive to move to a long-term contract | Offer priority/premium customer support | Evaluate eligibility for a value plan. Key signals: month-to-month contract, premium support not active, no value deal assigned.",High
33003-KAR,Female,25,No,Karnataka,4,29,Deal 5,Yes,No,Yes,Fiber Optic,No,No,Yes,Yes,No,No,No,Yes,Month-to-Month,No,Credit Card,80.0999984741211,217.5500030517578,0.0,0,122.01000213623047,339.55999755859375,Churned,Attitude,Attitude of service provider,0.81,81.0,1,High,"Offer an incentive to move to a long-term contract | Offer a personalized pricing or loyalty discount | Offer a service review or upgrade consultation. Key signals: month-to-month contract, high monthly charge, fiber service customer.",High
33035-WES,Male,62,No,West Bengal,5,6,Deal 5,No,No,Yes,Cable,No,No,No,No,No,No,No,Yes,Month-to-Month,No,Bank Withdrawal,24.799999237060547,24.799999237060547,0.0,0,0.0,24.799999237060547,Churned,Dissatisfaction,Service dissatisfaction,0.95,95.0,1,High,"Offer an incentive to move to a long-term contract | Offer an early-tenure loyalty benefit | Offer priority/premium customer support. Key signals: month-to-month contract, short customer tenure, premium support not active.",High
33041-JAM,Female,48,No,Jammu & Kashmir,6,12,Deal 4,Yes,Yes,Yes,Fiber Optic,No,Yes,Yes,No,Yes,Yes,Yes,Yes,Month-to-Month,No,Bank Withdrawal,104.4000015258789,2157.949951171875,0.0,0,895.6500244140625,3053.60009765625,Churned,Attitude,Attitude of support person,0.59,59.0,1,Medium,"Offer an incentive to move to a long-term contract | Offer a personalized pricing or loyalty discount | Offer priority/premium customer support. Key signals: month-to-month contract, high monthly charge, premium support not active.",Medium
33124-TAM,Female,53,No,Tamil Nadu,15,26,None,Yes,No,Yes,Fiber Optic,No,No,No,No,No,No,No,Yes,Month-to-Month,Yes,Bank Withdrawal,69.19999694824219,69.19999694824219,0.0,0,10.079999923706055,79.27999877929688,Churned,Dissatisfaction,Poor expertise of online support,0.98,98.0,1,High,"Offer an incentive to move to a long-term contract | Offer priority/premium customer support | Offer a service review or upgrade consultation. Key signals: month-to-month contract, premium support not active, fiber service customer.",High
33169-JAM,Male,30,No,Jammu & Kashmir,3,6,None,Yes,No,Yes,DSL,No,No,No,No,No,No,No,Yes,Month-to-Month,Yes,Bank Withdrawal,45.349998474121094,141.5,0.0,0,109.44000244140625,250.94000244140625,Churned,Other,Don't know,0.72,72.0,1,High,"Offer an incentive to move to a long-term contract | Offer an early-tenure loyalty benefit | Offer priority/premium customer support. Key signals: month-to-month contract, short customer tenure, premium support not active.",High
36618-TEL,Female,83,No,Telangana,14,11,None,Yes,Yes,Yes,Fiber Optic,No,Yes,Yes,No,No,No,No,Yes,Month-to-Month,Yes,Bank Withdrawal,85.19999694824219,3969.35009765625,0.0,0,791.010009765625,4760.35986328125,Churned,Price,Price too high,0.71,71.0,1,High,"Offer an incentive to move to a long-term contract | Offer a personalized pricing or loyalty discount | Offer an early-tenure loyalty benefit. Key signals: month-to-month contract, high monthly charge, short customer tenure.",High
36756-MAD,Male,64,Yes,Madhya Pradesh,15,33,None,No,No,Yes,Cable,No,No,No,No,No,No,No,Yes,Month-to-Month,Yes,Bank Withdrawal,25.100000381469727,25.100000381469727,0.0,0,0.0,25.100000381469727,Churned,Competitor,Competitor made better offer,0.97,97.0,1,High,"Offer an incentive to move to a long-term contract | Offer priority/premium customer support | Evaluate eligibility for a value plan. Key signals: month-to-month contract, premium support not active, no value deal assigned.",High
36759-KAR,Female,41,Yes,Karnataka,1,27,None,No,No,Yes,DSL,Yes,No,Yes,No,No,No,No,No,Month-to-Month,No,Credit Card,35.0,135.75,0.0,50,0.0,185.75,Stayed,Others,Others,0.52,52.0,1,Medium,"Offer an incentive to move to a long-term contract | Offer priority/premium customer support | Evaluate eligibility for a value plan. Key signals: month-to-month contract, premium support not active, no value deal assigned.",Medium
36808-KAR,Female,29,No,Karnataka,11,14,None,Yes,No,Yes,Cable,No,Yes,No,No,Yes,No,No,Yes,Month-to-Month,Yes,Bank Withdrawal,83.55000305175781,680.0499877929688,0.0,0,258.55999755859375,938.6099853515625,Churned,Dissatisfaction,Product dissatisfaction,0.59,59.0,1,Medium,"Offer an incentive to move to a long-term contract | Offer a personalized pricing or loyalty discount | Offer priority/premium customer support. Key signals: month-to-month contract, high monthly charge, premium support not active.",Medium
36829-HAR,Female,66,Yes,Haryana,10,28,None,Yes,Yes,Yes,Fiber Optic,No,Yes,Yes,No,Yes,Yes,Yes,No,Month-to-Month,Yes,Bank Withdrawal,106.30000305175781,4443.4501953125,0.0,130,427.6300048828125,5001.080078125,Churned,Price,Price too high,0.6,60.0,1,Medium,"Offer an incentive to move to a long-term contract | Offer a personalized pricing or loyalty discount | Offer priority/premium customer support. Key signals: month-to-month contract, high monthly charge, premium support not active.",Medium
41280-UTT,Male,78,Yes,Uttar Pradesh,10,16,None,Yes,Yes,Yes,Fiber Optic,No,Yes,No,No,No,No,No,Yes,Month-to-Month,Yes,Bank Withdrawal,79.4000015258789,205.0500030517578,0.0,0,125.69999694824219,330.75,Churned,Dissatisfaction,Product dissatisfaction,0.9,90.0,1,High,"Offer an incentive to move to a long-term contract | Offer priority/premium customer support | Offer a service review or upgrade consultation. Key signals: month-to-month contract, premium support not active, fiber service customer.",High
41399-GUJ,Female,36,No,Gujarat,6,2,Deal 5,Yes,Yes,Yes,Fiber Optic,No,No,No,No,Yes,Yes,Yes,No,Month-to-Month,Yes,Bank Withdrawal,94.75,889.9000244140625,0.0,30,90.62999725341797,1010.530029296875,Churned,Competitor,Competitor offered more data,0.73,73.0,1,High,"Offer an incentive to move to a long-term contract | Offer a personalized pricing or loyalty discount | Offer an early-tenure loyalty benefit. Key signals: month-to-month contract, high monthly charge, short customer tenure.",High
41417-JHA,Female,41,Yes,Jharkhand,10,2,None,Yes,No,Yes,Fiber Optic,No,No,No,No,No,Yes,Yes,Yes,Month-to-Month,Yes,Bank Withdrawal,79.69999694824219,79.69999694824219,0.0,0,33.880001068115234,113.58000183105469,Churned,Dissatisfaction,Poor expertise of online support,1.0,100.0,1,High,"Offer an incentive to move to a long-term contract | Offer an early-tenure loyalty benefit | Offer priority/premium customer support. Key signals: month-to-month contract, short customer tenure, premium support not active.",High
41454-JAM,Female,72,Yes,Jammu & Kashmir,14,7,None,Yes,No,Yes,Fiber Optic,No,No,Yes,No,Yes,No,No,Yes,Month-to-Month,Yes,Bank Withdrawal,86.8499984741211,220.9499969482422,0.0,0,55.13999938964844,276.0899963378906,Churned,Attitude,Attitude of service provider,0.98,98.0,1,High,"Offer an incentive to move to a long-term contract | Offer a personalized pricing or loyalty discount | Offer an early-tenure loyalty benefit. Key signals: month-to-month contract, high monthly charge, short customer tenure.",High
41464-UTT,Female,68,No,Uttar Pradesh,12,6,Deal 5,Yes,No,Yes,Fiber Optic,No,No,No,No,No,No,No,Yes,Month-to-Month,No,Credit Card,70.8499984741211,70.8499984741211,0.0,0,49.599998474121094,120.44999694824219,Churned,Price,Long distance charges,1.0,100.0,1,High,"Offer an incentive to move to a long-term contract | Offer an early-tenure loyalty benefit | Offer priority/premium customer support. Key signals: month-to-month contract, short customer tenure, premium support not active.",High
41508-AND,Male,52,No,Andhra Pradesh,11,29,Deal 5,Yes,No,Yes,DSL,No,No,No,Yes,Yes,Yes,Yes,Yes,Month-to-Month,Yes,Credit Card,70.75,450.79998779296875,0.0,0,163.4499969482422,614.25,Churned,Attitude,Attitude of support person,0.58,58.0,1,Medium,Offer an incentive to move to a long-term contract. Key signals: month-to-month contract.,Medium
45339-AND,Female,29,Yes,Andhra Pradesh,11,2,Deal 5,Yes,No,No,None,No,No,No,No,No,No,No,No,Month-to-Month,Yes,Mailed Check,19.799999237060547,58.150001525878906,0.0,0,45.36000061035156,103.51000213623047,Churned,Price,Long distance charges,0.71,71.0,1,High,"Offer an incentive to move to a long-term contract | Offer an early-tenure loyalty benefit | Offer priority/premium customer support. Key signals: month-to-month contract, short customer tenure, premium support not active.",High
45376-TAM,Male,27,No,Tamil Nadu,11,9,None,Yes,Yes,Yes,Fiber Optic,No,No,No,No,No,No,No,Yes,Month-to-Month,Yes,Bank Withdrawal,73.5,632.2000122070312,0.0,0,138.39999389648438,770.5999755859375,Stayed,Others,Others,0.59,59.0,1,Medium,"Offer an incentive to move to a long-term contract | Offer an early-tenure loyalty benefit | Offer priority/premium customer support. Key signals: month-to-month contract, short customer tenure, premium support not active.",Medium
45459-AND,Female,36,Yes,Andhra Pradesh,11,22,None,Yes,No,Yes,Fiber Optic,Yes,Yes,Yes,Yes,Yes,Yes,Yes,Yes,Month-to-Month,Yes,Bank Withdrawal,108.19999694824219,2203.699951171875,0.0,0,321.0,2524.699951171875,Stayed,Others,Others,0.6,60.0,1,Medium,"Offer an incentive to move to a long-term contract | Offer a personalized pricing or loyalty discount | Offer a service review or upgrade consultation. Key signals: month-to-month contract, high monthly charge, fiber service customer.",Medium
45522-ODI,Male,75,No,Odisha,14,33,None,Yes,Yes,Yes,Fiber Optic,No,Yes,Yes,No,No,Yes,No,No,Month-to-Month,Yes,Bank Withdrawal,94.0999984741211,1782.4000244140625,0.0,80,974.5999755859375,2837.0,Churned,Competitor,Competitor had better devices,0.67,67.0,1,Medium,"Offer an incentive to move to a long-term contract | Offer a personalized pricing or loyalty discount | Offer priority/premium customer support. Key signals: month-to-month contract, high monthly charge, premium support not active.",Medium
45591-GUJ,Female,20,Yes,Gujarat,8,5,None,Yes,Yes,Yes,Cable,No,No,No,Yes,No,Yes,Yes,Yes,Month-to-Month,No,Credit Card,65.55000305175781,237.1999969482422,0.0,0,53.2400016784668,290.44000244140625,Stayed,Others,Others,0.62,62.0,1,Medium,"Offer an incentive to move to a long-term contract | Offer an early-tenure loyalty benefit | Evaluate eligibility for a value plan. Key signals: month-to-month contract, short customer tenure, no value deal assigned.",Medium
45611-GUJ,Female,66,No,Gujarat,12,33,Deal 3,Yes,No,Yes,Fiber Optic,No,Yes,No,No,No,Yes,Yes,Yes,Month-to-Month,No,Bank Withdrawal,84.94999694824219,2169.75,0.0,0,474.760009765625,2644.510009765625,Churned,Price,Price too high,0.53,53.0,1,Medium,"Offer an incentive to move to a long-term contract | Offer a personalized pricing or loyalty discount | Offer priority/premium customer support. Key signals: month-to-month contract, high monthly charge, premium support not active.",Medium
45987-MAH,Female,68,Yes,Maharashtra,12,8,None,Yes,Yes,Yes,Cable,No,No,No,No,No,No,No,Yes,Month-to-Month,No,Credit Card,50.54999923706055,50.54999923706055,0.0,0,22.559999465942383,73.11000061035156,Churned,Dissatisfaction,Product dissatisfaction,0.97,97.0,1,High,"Offer an incentive to move to a long-term contract | Offer an early-tenure loyalty benefit | Offer priority/premium customer support. Key signals: month-to-month contract, short customer tenure, premium support not active.",High
49350-UTT,Female,36,No,Uttar Pradesh,1,1,Deal 5,Yes,No,Yes,Fiber Optic,No,No,No,No,No,No,No,Yes,Month-to-Month,No,Mailed Check,71.0999984741211,71.0999984741211,0.0,0,10.1899995803833,81.29000091552734,Churned,Competitor,Competitor made better offer,0.99,99.0,1,High,"Offer an incentive to move to a long-term contract | Offer an early-tenure loyalty benefit | Offer priority/premium customer support. Key signals: month-to-month contract, short customer tenure, premium support not active.",High
54055-TEL,Female,33,Yes,Telangana,4,5,None,Yes,No,Yes,Fiber Optic,Yes,No,No,No,No,No,No,Yes,Month-to-Month,Yes,Bank Withdrawal,74.4000015258789,139.39999389648438,0.0,0,19.579999923706055,158.97999572753906,Churned,Attitude,Attitude of support person,0.97,97.0,1,High,"Offer an incentive to move to a long-term contract | Offer an early-tenure loyalty benefit | Offer priority/premium customer support. Key signals: month-to-month contract, short customer tenure, premium support not active.",High
54073-JAM,Male,32,No,Jammu & Kashmir,8,34,None,Yes,No,Yes,Fiber Optic,No,No,No,No,Yes,No,No,Yes,Month-to-Month,Yes,Bank Withdrawal,79.69999694824219,586.0499877929688,0.0,0,202.44000244140625,788.489990234375,Churned,Attitude,Attitude of support person,0.74,74.0,1,High,"Offer an incentive to move to a long-term contract | Offer priority/premium customer support | Offer a service review or upgrade consultation. Key signals: month-to-month contract, premium support not active, fiber service customer.",High
54076-TAM,Female,34,No,Tamil Nadu,2,23,None,No,No,Yes,Cable,No,No,No,No,No,No,No,Yes,Month-to-Month,Yes,Mailed Check,25.100000381469727,25.100000381469727,0.0,0,0.0,25.100000381469727,Churned,Competitor,Competitor had better devices,0.94,94.0,1,High,"Offer an incentive to move to a long-term contract | Offer priority/premium customer support | Evaluate eligibility for a value plan. Key signals: month-to-month contract, premium support not active, no value deal assigned.",High
54293-HAR,Female,22,Yes,Haryana,13,4,Deal 5,Yes,Yes,Yes,Fiber Optic,No,No,Yes,Yes,No,No,No,Yes,Month-to-Month,Yes,Bank Withdrawal,82.75,417.75,0.0,0,148.6999969482422,566.4500122070312,Stayed,Others,Others,0.65,65.0,1,Medium,"Offer an incentive to move to a long-term contract | Offer a personalized pricing or loyalty discount | Offer an early-tenure loyalty benefit. Key signals: month-to-month contract, high monthly charge, short customer tenure.",Medium
54321-TAM,Male,33,Yes,Tamil Nadu,2,22,None,Yes,Yes,Yes,Fiber Optic,No,No,No,No,No,No,No,Yes,Month-to-Month,No,Bank Withdrawal,74.4000015258789,215.8000030517578,0.0,0,71.45999908447266,287.260009765625,Churned,Other,Don't know,0.87,87.0,1,High,"Offer an incentive to move to a long-term contract | Offer priority/premium customer support | Offer a service review or upgrade consultation. Key signals: month-to-month contract, premium support not active, fiber service customer.",High
54516-WES,Female,42,No,West Bengal,4,13,None,Yes,No,Yes,Fiber Optic,No,No,No,No,Yes,Yes,Yes,Yes,Month-to-Month,No,Mailed Check,89.1500015258789,89.1500015258789,0.0,0,32.349998474121094,121.5,Churned,Competitor,Competitor had better devices,1.0,100.0,1,High,"Offer an incentive to move to a long-term contract | Offer a personalized pricing or loyalty discount | Offer priority/premium customer support. Key signals: month-to-month contract, high monthly charge, premium support not active.",High
54633-UTT,Male,53,Yes,Uttar Pradesh,5,20,Deal 5,Yes,Yes,Yes,Fiber Optic,No,No,No,No,Yes,Yes,Yes,Yes,Month-to-Month,Yes,Bank Withdrawal,93.8499984741211,93.8499984741211,0.0,0,16.149999618530273,110.0,Churned,Competitor,Competitor offered more data,0.99,99.0,1,High,"Offer an incentive to move to a long-term contract | Offer a personalized pricing or loyalty discount | Offer priority/premium customer support. Key signals: month-to-month contract, high monthly charge, premium support not active.",High
54718-MAH,Male,28,No,Maharashtra,11,32,None,Yes,No,Yes,Fiber Optic,No,No,No,No,No,Yes,Yes,Yes,Month-to-Month,Yes,Bank Withdrawal,79.75,769.0999755859375,0.0,0,61.02000045776367,830.1199951171875,Stayed,Others,Others,0.71,71.0,1,High,"Offer an incentive to move to a long-term contract | Offer priority/premium customer support | Offer a service review or upgrade consultation. Key signals: month-to-month contract, premium support not active, fiber service customer.",High
58625-JAM,Female,70,Yes,Jammu & Kashmir,14,17,Deal 4,Yes,No,Yes,Fiber Optic,No,No,No,Yes,Yes,Yes,Yes,Yes,Month-to-Month,Yes,Bank Withdrawal,94.44999694824219,1511.199951171875,0.0,0,150.8800048828125,1662.0799560546875,Churned,Competitor,Competitor had better devices,0.67,67.0,1,Medium,"Offer an incentive to move to a long-term contract | Offer a personalized pricing or loyalty discount | Offer a service review or upgrade consultation. Key signals: month-to-month contract, high monthly charge, fiber service customer.",Medium
58686-MAH,Female,54,No,Maharashtra,9,18,Deal 2,Yes,Yes,Yes,Fiber Optic,No,No,No,No,Yes,Yes,Yes,Yes,Month-to-Month,Yes,Bank Withdrawal,95.4000015258789,4613.9501953125,0.0,0,400.82000732421875,5014.77001953125,Stayed,Others,Others,0.5,50.0,1,Medium,"Offer an incentive to move to a long-term contract | Offer a personalized pricing or loyalty discount | Offer priority/premium customer support. Key signals: month-to-month contract, high monthly charge, premium support not active.",Medium
58784-ASS,Female,80,Yes,Assam,2,29,None,Yes,No,Yes,DSL,No,No,No,No,No,No,No,No,Month-to-Month,No,Bank Withdrawal,45.0,127.0999984741211,0.0,10,90.41999816894531,227.52000427246094,Churned,Competitor,Competitor made better offer,0.76,76.0,1,High,"Offer an incentive to move to a long-term contract | Offer priority/premium customer support | Evaluate eligibility for a value plan. Key signals: month-to-month contract, premium support not active, no value deal assigned.",High
63237-DEL,Female,19,No,Delhi,15,10,None,Yes,No,Yes,Fiber Optic,No,No,No,No,Yes,No,Yes,Yes,Month-to-Month,Yes,Bank Withdrawal,79.05000305175781,79.05000305175781,0.0,0,31.34000015258789,110.38999938964844,Churned,Competitor,Competitor made better offer,0.95,95.0,1,High,"Offer an incentive to move to a long-term contract | Offer an early-tenure loyalty benefit | Offer priority/premium customer support. Key signals: month-to-month contract, short customer tenure, premium support not active.",High
63252-JAM,Male,72,Yes,Jammu & Kashmir,0,14,None,Yes,Yes,Yes,Fiber Optic,No,No,No,No,No,No,No,No,Month-to-Month,Yes,Bank Withdrawal,76.44999694824219,76.44999694824219,0.0,10,3.8399999141693115,90.29000091552734,Churned,Competitor,Competitor made better offer,0.98,98.0,1,High,"Offer an incentive to move to a long-term contract | Offer priority/premium customer support | Offer a service review or upgrade consultation. Key signals: month-to-month contract, premium support not active, fiber service customer.",High
63298-MAH,Female,38,No,Maharashtra,11,32,Deal 5,Yes,No,Yes,DSL,No,No,No,No,No,No,No,Yes,Month-to-Month,No,Bank Withdrawal,44.79999923706055,169.64999389648438,0.0,0,103.5999984741211,273.25,Stayed,Others,Others,0.87,87.0,1,High,"Offer an incentive to move to a long-term contract | Offer priority/premium customer support. Key signals: month-to-month contract, premium support not active.",High
63300-UTT,Male,58,No,Uttar Pradesh,4,1,Deal 5,Yes,No,Yes,Fiber Optic,No,No,No,No,Yes,No,No,Yes,Month-to-Month,No,Bank Withdrawal,78.80000305175781,78.80000305175781,0.0,0,28.040000915527344,106.83999633789062,Churned,Attitude,Attitude of service provider,1.0,100.0,1,High,"Offer an incentive to move to a long-term contract | Offer an early-tenure loyalty benefit | Offer priority/premium customer support. Key signals: month-to-month contract, short customer tenure, premium support not active.",High
63309-MAH,Female,75,Yes,Maharashtra,2,14,Deal 3,Yes,No,Yes,Fiber Optic,No,Yes,Yes,No,Yes,Yes,No,Yes,Month-to-Month,Yes,Bank Withdrawal,98.5,2514.5,13.430000305175781,0,494.0,2995.070068359375,Churned,Dissatisfaction,Limited range of services,0.66,66.0,1,Medium,"Offer an incentive to move to a long-term contract | Offer a personalized pricing or loyalty discount | Offer priority/premium customer support. Key signals: month-to-month contract, high monthly charge, premium support not active.",Medium
63739-BIH,Female,22,Yes,Bihar,2,12,Deal 5,Yes,No,Yes,Fiber Optic,No,No,No,No,No,Yes,Yes,No,Month-to-Month,Yes,Bank Withdrawal,80.0,412.5,40.0,10,219.9499969482422,602.4500122070312,Churned,Competitor,Competitor made better offer,0.73,73.0,1,High,"Offer an incentive to move to a long-term contract | Offer a personalized pricing or loyalty discount | Offer priority/premium customer support. Key signals: month-to-month contract, high monthly charge, premium support not active.",High
63739-KAR,Male,60,Yes,Karnataka,10,8,None,Yes,No,No,None,No,No,No,No,No,No,No,No,Month-to-Month,No,Bank Withdrawal,19.950000762939453,19.950000762939453,0.0,0,17.610000610351562,37.560001373291016,Churned,Attitude,Attitude of support person,0.98,98.0,1,High,"Offer an incentive to move to a long-term contract | Offer an early-tenure loyalty benefit | Offer priority/premium customer support. Key signals: month-to-month contract, short customer tenure, premium support not active.",High
63752-KAR,Female,47,Yes,Karnataka,3,35,None,Yes,Yes,Yes,Fiber Optic,No,No,Yes,No,No,Yes,Yes,No,Month-to-Month,Yes,Bank Withdrawal,91.05000305175781,2954.5,0.0,70,1501.43994140625,4525.93994140625,Churned,Competitor,Competitor offered more data,0.5,50.0,1,Medium,"Offer an incentive to move to a long-term contract | Offer a personalized pricing or loyalty discount | Offer priority/premium customer support. Key signals: month-to-month contract, high monthly charge, premium support not active.",Medium
63833-TAM,Female,58,No,Tamil Nadu,2,9,Deal 5,Yes,No,Yes,Fiber Optic,No,No,No,No,Yes,No,No,No,Month-to-Month,Yes,Bank Withdrawal,79.5,79.5,0.0,0,48.970001220703125,128.47000122070312,Churned,Attitude,Attitude of service provider,1.0,100.0,1,High,"Offer an incentive to move to a long-term contract | Offer an early-tenure loyalty benefit | Offer priority/premium customer support. Key signals: month-to-month contract, short customer tenure, premium support not active.",High
63880-AND,Male,45,Yes,Andhra Pradesh,15,12,Deal 5,Yes,Yes,Yes,Fiber Optic,No,Yes,Yes,No,Yes,Yes,Yes,Yes,Month-to-Month,No,Mailed Check,104.0999984741211,541.9000244140625,0.0,0,194.4499969482422,736.3499755859375,Churned,Other,Moved,0.66,66.0,1,Medium,"Offer an incentive to move to a long-term contract | Offer a personalized pricing or loyalty discount | Offer priority/premium customer support. Key signals: month-to-month contract, high monthly charge, premium support not active.",Medium
66926-KAR,Female,66,Yes,Karnataka,0,33,Deal 4,Yes,Yes,Yes,Fiber Optic,No,Yes,No,No,Yes,Yes,Yes,No,Month-to-Month,Yes,Bank Withdrawal,100.1500015258789,1415.0,0.0,0,481.04998779296875,1896.050048828125,Stayed,Others,Others,0.72,72.0,1,High,"Offer an incentive to move to a long-term contract | Offer a personalized pricing or loyalty discount | Offer priority/premium customer support. Key signals: month-to-month contract, high monthly charge, premium support not active.",High
67100-KER,Female,68,Yes,Kerala,10,10,Deal 4,Yes,Yes,Yes,Fiber Optic,Yes,Yes,No,No,No,Yes,Yes,No,Month-to-Month,Yes,Bank Withdrawal,95.1500015258789,1789.25,0.0,120,624.530029296875,2533.780029296875,Churned,Price,Long distance charges,0.64,64.0,1,Medium,"Offer an incentive to move to a long-term contract | Offer a personalized pricing or loyalty discount | Offer an early-tenure loyalty benefit. Key signals: month-to-month contract, high monthly charge, short customer tenure.",Medium
67154-HAR,Female,57,No,Haryana,7,5,Deal 5,Yes,No,No,None,No,No,No,No,No,No,No,No,Month-to-Month,Yes,Credit Card,20.149999618530273,20.149999618530273,0.0,0,3.0899999141693115,23.239999771118164,Churned,Price,Long distance charges,0.99,99.0,1,High,"Offer an incentive to move to a long-term contract | Offer an early-tenure loyalty benefit | Offer priority/premium customer support. Key signals: month-to-month contract, short customer tenure, premium support not active.",High
67175-HAR,Female,61,No,Haryana,0,8,None,Yes,Yes,Yes,Cable,No,No,No,No,Yes,Yes,Yes,No,Month-to-Month,No,Bank Withdrawal,96.05000305175781,4399.5,0.0,80,284.2799987792969,4763.77978515625,Churned,Price,Extra data charges,0.53,53.0,1,Medium,"Offer an incentive to move to a long-term contract | Offer a personalized pricing or loyalty discount | Offer an early-tenure loyalty benefit. Key signals: month-to-month contract, high monthly charge, short customer tenure.",Medium
67206-MAH,Male,51,Yes,Maharashtra,9,15,None,Yes,No,Yes,Fiber Optic,No,Yes,No,No,No,No,No,Yes,Month-to-Month,Yes,Bank Withdrawal,74.3499984741211,74.3499984741211,0.0,0,4.800000190734863,79.1500015258789,Churned,Other,Deceased,0.99,99.0,1,High,"Offer an incentive to move to a long-term contract | Offer priority/premium customer support | Offer a service review or upgrade consultation. Key signals: month-to-month contract, premium support not active, fiber service customer.",High
72067-TEL,Male,64,No,Telangana,2,22,Deal 5,Yes,Yes,Yes,Fiber Optic,No,No,No,No,No,No,No,Yes,Month-to-Month,Yes,Bank Withdrawal,74.9000015258789,541.1500244140625,0.0,0,327.5299987792969,868.6799926757812,Churned,Competitor,Competitor had better devices,0.56,56.0,1,Medium,"Offer an incentive to move to a long-term contract | Offer priority/premium customer support | Offer a service review or upgrade consultation. Key signals: month-to-month contract, premium support not active, fiber service customer.",Medium
72082-HAR,Female,53,Yes,Haryana,15,36,Deal 5,Yes,No,No,None,No,No,No,No,No,No,No,No,Month-to-Month,No,Credit Card,20.600000381469727,20.600000381469727,0.0,0,47.2599983215332,67.86000061035156,Churned,Price,Long distance charges,0.93,93.0,1,High,"Offer an incentive to move to a long-term contract | Offer priority/premium customer support. Key signals: month-to-month contract, premium support not active.",High
72092-PUN,Female,54,Yes,Punjab,7,8,Deal 5,Yes,Yes,Yes,Cable,No,No,No,No,No,No,No,Yes,Month-to-Month,Yes,Mailed Check,50.650001525878906,151.3000030517578,0.0,0,67.68000030517578,218.97999572753906,Churned,Dissatisfaction,Lack of self-service on Website,0.79,79.0,1,High,"Offer an incentive to move to a long-term contract | Offer an early-tenure loyalty benefit | Offer priority/premium customer support. Key signals: month-to-month contract, short customer tenure, premium support not active.",High
72117-ODI,Male,70,Yes,Odisha,13,22,Deal 2,Yes,No,Yes,Fiber Optic,No,Yes,No,No,Yes,Yes,Yes,No,Month-to-Month,Yes,Bank Withdrawal,94.55000305175781,3851.449951171875,0.0,40,1904.8599853515625,5796.31005859375,Stayed,Others,Others,0.67,67.0,1,Medium,"Offer an incentive to move to a long-term contract | Offer a personalized pricing or loyalty discount | Offer priority/premium customer support. Key signals: month-to-month contract, high monthly charge, premium support not active.",Medium
72129-KAR,Male,84,No,Karnataka,9,36,Deal 3,Yes,No,Yes,Fiber Optic,No,No,No,No,Yes,Yes,No,Yes,Month-to-Month,Yes,Bank Withdrawal,91.25,2351.800048828125,0.0,0,901.9400024414062,3253.739990234375,Churned,Attitude,Attitude of support person,0.64,64.0,1,Medium,"Offer an incentive to move to a long-term contract | Offer a personalized pricing or loyalty discount | Offer priority/premium customer support. Key signals: month-to-month contract, high monthly charge, premium support not active.",Medium
72137-JAM,Male,23,Yes,Jammu & Kashmir,1,9,None,Yes,Yes,Yes,Fiber Optic,No,No,Yes,No,No,Yes,Yes,Yes,Month-to-Month,Yes,Credit Card,90.69999694824219,1597.25,0.0,0,514.6199951171875,2111.8701171875,Churned,Competitor,Competitor made better offer,0.51,51.0,1,Medium,"Offer an incentive to move to a long-term contract | Offer a personalized pricing or loyalty discount | Offer an early-tenure loyalty benefit. Key signals: month-to-month contract, high monthly charge, short customer tenure.",Medium
72185-DEL,Female,40,No,Delhi,1,3,None,Yes,No,Yes,Fiber Optic,Yes,No,No,No,Yes,No,No,Yes,Month-to-Month,No,Bank Withdrawal,84.94999694824219,668.4000244140625,0.0,0,258.4800109863281,926.8800048828125,Churned,Other,Moved,0.67,67.0,1,Medium,"Offer an incentive to move to a long-term contract | Offer a personalized pricing or loyalty discount | Offer an early-tenure loyalty benefit. Key signals: month-to-month contract, high monthly charge, short customer tenure.",Medium
72185-JAM,Male,56,No,Jammu & Kashmir,13,36,None,Yes,Yes,Yes,Fiber Optic,No,No,No,No,No,No,No,Yes,Month-to-Month,Yes,Bank Withdrawal,74.3499984741211,265.3500061035156,0.0,0,191.27999877929688,456.6300048828125,Churned,Attitude,Attitude of support person,0.82,82.0,1,High,"Offer an incentive to move to a long-term contract | Offer priority/premium customer support | Offer a service review or upgrade consultation. Key signals: month-to-month contract, premium support not active, fiber service customer.",High
72188-KAR,Male,66,No,Karnataka,13,19,None,Yes,No,Yes,Fiber Optic,No,No,No,No,Yes,No,No,Yes,Month-to-Month,Yes,Bank Withdrawal,-7.0,79.19999694824219,0.0,0,20.059999465942383,99.26000213623047,Churned,Competitor,Competitor made better offer,0.92,92.0,1,High,"Offer an incentive to move to a long-term contract | Offer priority/premium customer support | Offer a service review or upgrade consultation. Key signals: month-to-month contract, premium support not active, fiber service customer.",High
76417-MAD,Female,66,Yes,Madhya Pradesh,5,22,Deal 5,Yes,No,Yes,Fiber Optic,No,Yes,No,No,No,No,No,No,Month-to-Month,No,Bank Withdrawal,75.5999984741211,535.5499877929688,0.0,10,89.5999984741211,635.1500244140625,Stayed,Others,Others,0.75,75.0,1,High,"Offer an incentive to move to a long-term contract | Offer priority/premium customer support | Offer a service review or upgrade consultation. Key signals: month-to-month contract, premium support not active, fiber service customer.",High
76432-GUJ,Female,60,No,Gujarat,12,3,Deal 5,No,No,Yes,DSL,No,No,Yes,No,No,Yes,Yes,Yes,Month-to-Month,No,Bank Withdrawal,39.5,210.75,39.27000045776367,0,0.0,171.47999572753906,Churned,Competitor,Competitor offered higher download speeds,0.57,57.0,1,Medium,"Offer an incentive to move to a long-term contract | Offer an early-tenure loyalty benefit | Offer priority/premium customer support. Key signals: month-to-month contract, short customer tenure, premium support not active.",Medium
76472-TAM,Female,75,Yes,Tamil Nadu,13,22,Deal 4,Yes,No,Yes,Fiber Optic,No,Yes,No,No,No,No,No,No,Month-to-Month,Yes,Bank Withdrawal,74.69999694824219,1294.5999755859375,0.0,20,379.6199951171875,1694.219970703125,Stayed,Others,Others,0.71,71.0,1,High,"Offer an incentive to move to a long-term contract | Offer priority/premium customer support | Offer a service review or upgrade consultation. Key signals: month-to-month contract, premium support not active, fiber service customer.",High
76490-BIH,Male,68,No,Bihar,3,32,Deal 3,Yes,Yes,Yes,Fiber Optic,No,No,Yes,No,Yes,Yes,No,Yes,Month-to-Month,Yes,Bank Withdrawal,103.94999694824219,2964.800048828125,0.0,0,1431.43994140625,4396.240234375,Stayed,Others,Others,0.64,64.0,1,Medium,"Offer an incentive to move to a long-term contract | Offer a personalized pricing or loyalty discount | Offer priority/premium customer support. Key signals: month-to-month contract, high monthly charge, premium support not active.",Medium
76561-RAJ,Male,49,No,Rajasthan,7,18,Deal 5,Yes,No,Yes,Fiber Optic,No,No,No,No,No,No,No,Yes,Month-to-Month,No,Bank Withdrawal,69.6500015258789,145.14999389648438,0.0,0,15.279999732971191,160.42999267578125,Churned,Competitor,Competitor made better offer,0.95,95.0,1,High,"Offer an incentive to move to a long-term contract | Offer priority/premium customer support | Offer a service review or upgrade consultation. Key signals: month-to-month contract, premium support not active, fiber service customer.",High
76566-UTT,Male,61,No,Uttar Pradesh,1,20,Deal 3,Yes,Yes,Yes,Fiber Optic,No,No,No,No,No,No,No,Yes,Month-to-Month,Yes,Bank Withdrawal,75.75,1929.0,0.0,0,682.02001953125,2611.02001953125,Stayed,Others,Others,0.53,53.0,1,Medium,"Offer an incentive to move to a long-term contract | Offer priority/premium customer support | Offer a service review or upgrade consultation. Key signals: month-to-month contract, premium support not active, fiber service customer.",Medium
76577-TEL,Male,67,Yes,Telangana,1,8,None,Yes,No,Yes,Fiber Optic,No,No,Yes,Yes,No,Yes,Yes,Yes,Month-to-Month,Yes,Bank Withdrawal,91.55000305175781,1540.050048828125,0.0,0,247.0399932861328,1787.0899658203125,Stayed,Others,Others,0.62,62.0,1,Medium,"Offer an incentive to move to a long-term contract | Offer a personalized pricing or loyalty discount | Offer an early-tenure loyalty benefit. Key signals: month-to-month contract, high monthly charge, short customer tenure.",Medium
76580-TAM,Female,29,Yes,Tamil Nadu,0,17,Deal 5,Yes,No,No,None,No,No,No,No,No,No,No,No,Month-to-Month,No,Mailed Check,20.399999618530273,20.399999618530273,0.0,0,22.1200008392334,42.52000045776367,Churned,Price,Long distance charges,0.98,98.0,1,High,"Offer an incentive to move to a long-term contract | Offer priority/premium customer support. Key signals: month-to-month contract, premium support not active.",High
79910-TAM,Female,42,No,Tamil Nadu,6,33,None,Yes,Yes,Yes,Fiber Optic,No,No,No,No,No,No,No,No,Month-to-Month,Yes,Bank Withdrawal,76.94999694824219,228.39999389648438,0.0,10,115.13999938964844,353.5400085449219,Churned,Competitor,Competitor made better offer,0.94,94.0,1,High,"Offer an incentive to move to a long-term contract | Offer priority/premium customer support | Offer a service review or upgrade consultation. Key signals: month-to-month contract, premium support not active, fiber service customer.",High
79918-MAH,Female,26,No,Maharashtra,1,20,None,Yes,No,Yes,Cable,No,No,Yes,No,Yes,Yes,Yes,Yes,Month-to-Month,Yes,Mailed Check,70.05000305175781,564.4000244140625,0.0,0,134.19000244140625,698.5900268554688,Stayed,Others,Others,0.53,53.0,1,Medium,"Offer an incentive to move to a long-term contract | Offer priority/premium customer support | Evaluate eligibility for a value plan. Key signals: month-to-month contract, premium support not active, no value deal assigned.",Medium
79919-PUN,Female,52,Yes,Punjab,1,18,Deal 5,Yes,Yes,Yes,DSL,No,No,Yes,No,Yes,No,No,Yes,Month-to-Month,No,Bank Withdrawal,65.5999984741211,250.10000610351562,0.0,0,40.52000045776367,290.6199951171875,Stayed,Others,Others,0.52,52.0,1,Medium,"Offer an incentive to move to a long-term contract | Offer priority/premium customer support. Key signals: month-to-month contract, premium support not active.",Medium
79966-ODI,Male,37,Yes,Odisha,7,7,None,Yes,No,Yes,Fiber Optic,No,No,No,No,Yes,No,No,Yes,Month-to-Month,Yes,Bank Withdrawal,79.94999694824219,857.2000122070312,0.0,0,113.0,970.2000122070312,Churned,Competitor,Competitor had better devices,0.68,68.0,1,Medium,"Offer an incentive to move to a long-term contract | Offer an early-tenure loyalty benefit | Offer priority/premium customer support. Key signals: month-to-month contract, short customer tenure, premium support not active.",Medium
79970-AND,Female,33,No,Andhra Pradesh,15,6,None,Yes,Yes,Yes,Fiber Optic,No,No,Yes,No,Yes,Yes,Yes,Yes,Month-to-Month,Yes,Credit Card,102.25,1359.0,0.0,0,397.1499938964844,1756.1500244140625,Churned,Competitor,Competitor had better devices,0.7,70.0,1,High,"Offer an incentive to move to a long-term contract | Offer a personalized pricing or loyalty discount | Offer an early-tenure loyalty benefit. Key signals: month-to-month contract, high monthly charge, short customer tenure.",High
79971-GUJ,Male,65,Yes,Gujarat,1,17,Deal 5,Yes,No,Yes,Fiber Optic,No,No,No,Yes,No,Yes,Yes,Yes,Month-to-Month,Yes,Credit Card,85.4000015258789,425.8999938964844,0.0,0,217.5500030517578,643.4500122070312,Churned,Price,Long distance charges,0.61,61.0,1,Medium,"Offer an incentive to move to a long-term contract | Offer a personalized pricing or loyalty discount | Offer a service review or upgrade consultation. Key signals: month-to-month contract, high monthly charge, fiber service customer.",Medium
81048-UTT,Female,78,No,Uttarakhand,11,2,Deal 5,Yes,No,Yes,Fiber Optic,No,No,Yes,No,No,No,No,No,Month-to-Month,Yes,Bank Withdrawal,75.30000305175781,75.30000305175781,0.0,20,35.09000015258789,130.38999938964844,Churned,Dissatisfaction,Network reliability,0.96,96.0,1,High,"Offer an incentive to move to a long-term contract | Offer an early-tenure loyalty benefit | Offer priority/premium customer support. Key signals: month-to-month contract, short customer tenure, premium support not active.",High
81081-AND,Female,72,No,Andhra Pradesh,12,16,None,Yes,Yes,Yes,Fiber Optic,No,Yes,No,No,Yes,Yes,No,Yes,Month-to-Month,Yes,Bank Withdrawal,100.19999694824219,1369.800048828125,0.0,0,658.1400146484375,2027.93994140625,Churned,Dissatisfaction,Service dissatisfaction,0.89,89.0,1,High,"Offer an incentive to move to a long-term contract | Offer a personalized pricing or loyalty discount | Offer priority/premium customer support. Key signals: month-to-month contract, high monthly charge, premium support not active.",High
81164-JAM,Male,82,Yes,Jammu & Kashmir,4,17,None,No,No,Yes,DSL,No,No,No,No,No,No,No,Yes,Month-to-Month,Yes,Bank Withdrawal,24.799999237060547,24.799999237060547,0.0,0,0.0,24.799999237060547,Churned,Competitor,Competitor made better offer,0.98,98.0,1,High,"Offer an incentive to move to a long-term contract | Offer priority/premium customer support | Evaluate eligibility for a value plan. Key signals: month-to-month contract, premium support not active, no value deal assigned.",High
81184-BIH,Male,60,No,Bihar,9,36,Deal 3,Yes,No,Yes,Fiber Optic,No,No,No,No,No,Yes,Yes,Yes,Month-to-Month,Yes,Bank Withdrawal,81.05000305175781,2227.10009765625,0.0,0,471.79998779296875,2698.89990234375,Churned,Competitor,Competitor had better devices,0.54,54.0,1,Medium,"Offer an incentive to move to a long-term contract | Offer a personalized pricing or loyalty discount | Offer priority/premium customer support. Key signals: month-to-month contract, high monthly charge, premium support not active.",Medium
84889-GUJ,Female,23,No,Gujarat,12,10,None,Yes,No,Yes,DSL,No,No,No,No,No,No,Yes,Yes,Month-to-Month,Yes,Credit Card,-7.0,84.5,0.0,0,99.62000274658203,184.1199951171875,Churned,Other,Don't know,0.72,72.0,1,High,"Offer an incentive to move to a long-term contract | Offer an early-tenure loyalty benefit | Offer priority/premium customer support. Key signals: month-to-month contract, short customer tenure, premium support not active.",High
84956-BIH,Male,82,No,Bihar,5,14,None,Yes,Yes,Yes,Fiber Optic,No,No,No,No,No,No,No,Yes,Month-to-Month,Yes,Credit Card,75.44999694824219,158.39999389648438,0.0,0,46.91999816894531,205.32000732421875,Churned,Price,Long distance charges,0.96,96.0,1,High,"Offer an incentive to move to a long-term contract | Offer priority/premium customer support | Offer a service review or upgrade consultation. Key signals: month-to-month contract, premium support not active, fiber service customer.",High
84976-WES,Female,64,No,West Bengal,11,29,None,Yes,No,Yes,Fiber Optic,No,Yes,Yes,No,Yes,Yes,Yes,Yes,Month-to-Month,Yes,Credit Card,99.80000305175781,442.8500061035156,0.0,0,50.720001220703125,493.57000732421875,Churned,Competitor,Competitor had better devices,0.74,74.0,1,High,"Offer an incentive to move to a long-term contract | Offer a personalized pricing or loyalty discount | Offer priority/premium customer support. Key signals: month-to-month contract, high monthly charge, premium support not active.",High
84978-PUD,Male,72,Yes,Puducherry,11,34,None,Yes,Yes,Yes,Fiber Optic,No,No,Yes,No,Yes,Yes,No,No,Month-to-Month,Yes,Bank Withdrawal,99.05000305175781,3395.800048828125,0.0,120,729.0499877929688,4244.85009765625,Churned,Other,Don't know,0.8,80.0,1,High,"Offer an incentive to move to a long-term contract | Offer a personalized pricing or loyalty discount | Offer priority/premium customer support. Key signals: month-to-month contract, high monthly charge, premium support not active.",High
85049-MAD,Female,41,Yes,Madhya Pradesh,15,3,Deal 5,Yes,No,Yes,DSL,No,No,No,No,No,No,No,Yes,Month-to-Month,No,Bank Withdrawal,44.349998474121094,81.25,0.0,0,93.68000030517578,174.92999267578125,Churned,Other,Don't know,0.77,77.0,1,High,"Offer an incentive to move to a long-term contract | Offer an early-tenure loyalty benefit | Offer priority/premium customer support. Key signals: month-to-month contract, short customer tenure, premium support not active.",High
85050-GUJ,Male,72,Yes,Gujarat,3,17,None,Yes,Yes,Yes,Fiber Optic,No,No,Yes,No,Yes,Yes,Yes,Yes,Month-to-Month,Yes,Bank Withdrawal,99.25,665.4500122070312,0.0,0,300.44000244140625,965.8900146484375,Churned,Attitude,Attitude of support person,0.99,99.0,1,High,"Offer an incentive to move to a long-term contract | Offer a personalized pricing or loyalty discount | Offer priority/premium customer support. Key signals: month-to-month contract, high monthly charge, premium support not active.",High
85148-TEL,Female,58,No,Telangana,3,6,None,Yes,No,Yes,Fiber Optic,No,Yes,No,No,Yes,No,No,Yes,Month-to-Month,Yes,Bank Withdrawal,85.3499984741211,489.45001220703125,0.0,0,71.81999969482422,561.27001953125,Churned,Attitude,Attitude of service provider,0.71,71.0,1,High,"Offer an incentive to move to a long-term contract | Offer a personalized pricing or loyalty discount | Offer an early-tenure loyalty benefit. Key signals: month-to-month contract, high monthly charge, short customer tenure.",High
85293-UTT,Male,78,No,Uttar Pradesh,6,23,Deal 4,Yes,No,Yes,Fiber Optic,No,No,No,No,No,Yes,Yes,No,Month-to-Month,Yes,Credit Card,79.1500015258789,827.7000122070312,0.0,140,295.239990234375,1262.93994140625,Stayed,Others,Others,0.79,79.0,1,High,"Offer an incentive to move to a long-term contract | Offer priority/premium customer support | Offer a service review or upgrade consultation. Key signals: month-to-month contract, premium support not active, fiber service customer.",High
89326-TAM,Male,61,Yes,Tamil Nadu,7,1,Deal 5,Yes,Yes,Yes,Fiber Optic,No,No,No,No,Yes,Yes,Yes,Yes,Month-to-Month,Yes,Bank Withdrawal,93.30000305175781,93.30000305175781,0.0,0,7.989999771118164,101.29000091552734,Churned,Other,Moved,1.0,100.0,1,High,"Offer an incentive to move to a long-term contract | Offer a personalized pricing or loyalty discount | Offer an early-tenure loyalty benefit. Key signals: month-to-month contract, high monthly charge, short customer tenure.",High
89378-PUN,Female,51,Yes,Punjab,11,19,None,Yes,Yes,Yes,Fiber Optic,No,Yes,Yes,No,Yes,Yes,Yes,Yes,Month-to-Month,Yes,Bank Withdrawal,104.30000305175781,5278.14990234375,11.449999809265137,0,1914.8399658203125,7181.5400390625,Churned,Competitor,Competitor offered more data,0.56,56.0,1,Medium,"Offer an incentive to move to a long-term contract | Offer a personalized pricing or loyalty discount | Offer priority/premium customer support. Key signals: month-to-month contract, high monthly charge, premium support not active.",Medium
89442-BIH,Male,49,No,Bihar,9,24,None,Yes,Yes,Yes,Fiber Optic,No,No,Yes,No,No,Yes,Yes,Yes,Month-to-Month,No,Bank Withdrawal,91.8499984741211,257.04998779296875,0.0,0,131.16000366210938,388.2099914550781,Churned,Attitude,Attitude of service provider,0.86,86.0,1,High,"Offer an incentive to move to a long-term contract | Offer a personalized pricing or loyalty discount | Offer priority/premium customer support. Key signals: month-to-month contract, high monthly charge, premium support not active.",High
94311-JAM,Male,46,Yes,Jammu & Kashmir,14,21,Deal 5,Yes,Yes,Yes,Fiber Optic,Yes,No,No,No,Yes,No,No,Yes,Month-to-Month,No,Bank Withdrawal,90.6500015258789,367.95001220703125,0.0,0,126.27999877929688,494.2300109863281,Stayed,Others,Others,0.67,67.0,1,Medium,"Offer an incentive to move to a long-term contract | Offer a personalized pricing or loyalty discount | Offer priority/premium customer support. Key signals: month-to-month contract, high monthly charge, premium support not active.",Medium
94328-JAM,Female,46,Yes,Jammu & Kashmir,9,36,None,Yes,No,Yes,Fiber Optic,No,No,No,No,No,No,No,Yes,Month-to-Month,Yes,Bank Withdrawal,70.5999984741211,70.5999984741211,0.0,0,27.1200008392334,97.72000122070312,Churned,Competitor,Competitor made better offer,0.99,99.0,1,High,"Offer an incentive to move to a long-term contract | Offer priority/premium customer support | Offer a service review or upgrade consultation. Key signals: month-to-month contract, premium support not active, fiber service customer.",High
94341-JHA,Male,21,Yes,Jharkhand,9,11,Deal 5,Yes,No,Yes,Fiber Optic,No,No,Yes,No,No,No,No,Yes,Month-to-Month,No,Bank Withdrawal,76.4000015258789,151.8000030517578,0.0,0,41.0,192.8000030517578,Churned,Competitor,Competitor had better devices,0.94,94.0,1,High,"Offer an incentive to move to a long-term contract | Offer an early-tenure loyalty benefit | Offer priority/premium customer support. Key signals: month-to-month contract, short customer tenure, premium support not active.",High
94413-AND,Male,32,No,Andhra Pradesh,11,9,None,Yes,No,Yes,Fiber Optic,No,Yes,No,No,Yes,No,No,No,Month-to-Month,No,Bank Withdrawal,84.30000305175781,84.30000305175781,0.0,10,1.6299999952316284,95.93000030517578,Churned,Competitor,Competitor offered more data,0.97,97.0,1,High,"Offer an incentive to move to a long-term contract | Offer a personalized pricing or loyalty discount | Offer an early-tenure loyalty benefit. Key signals: month-to-month contract, high monthly charge, short customer tenure.",High
94573-ASS,Female,71,No,Assam,12,7,Deal 5,Yes,No,Yes,Cable,No,No,No,No,No,No,No,Yes,Month-to-Month,No,Bank Withdrawal,46.0,181.60000610351562,0.0,0,168.52000427246094,350.1199951171875,Churned,Competitor,Competitor made better offer,0.67,67.0,1,Medium,"Offer an incentive to move to a long-term contract | Offer an early-tenure loyalty benefit | Offer priority/premium customer support. Key signals: month-to-month contract, short customer tenure, premium support not active.",Medium
94678-MAH,Female,57,No,Maharashtra,7,33,Deal 3,Yes,Yes,Yes,Fiber Optic,No,No,Yes,No,Yes,Yes,Yes,Yes,Month-to-Month,Yes,Bank Withdrawal,100.5,2599.949951171875,0.0,0,667.1599731445312,3267.110107421875,Stayed,Others,Others,0.7,70.0,1,High,"Offer an incentive to move to a long-term contract | Offer a personalized pricing or loyalty discount | Offer priority/premium customer support. Key signals: month-to-month contract, high monthly charge, premium support not active.",High
98252-MAH,Female,77,Yes,Maharashtra,3,5,None,Yes,Yes,Yes,Fiber Optic,No,No,No,Yes,Yes,Yes,No,Yes,Month-to-Month,No,Bank Withdrawal,98.6500015258789,2862.75,0.0,0,608.4199829101562,3471.169921875,Churned,Attitude,Attitude of support person,0.56,56.0,1,Medium,"Offer an incentive to move to a long-term contract | Offer a personalized pricing or loyalty discount | Offer an early-tenure loyalty benefit. Key signals: month-to-month contract, high monthly charge, short customer tenure.",Medium
98279-GUJ,Female,72,Yes,Gujarat,1,20,None,Yes,Yes,Yes,Fiber Optic,No,Yes,Yes,No,Yes,Yes,No,Yes,Month-to-Month,Yes,Bank Withdrawal,103.8499984741211,5485.5,0.0,0,2086.080078125,7571.580078125,Churned,Competitor,Competitor had better devices,0.61,61.0,1,Medium,"Offer an incentive to move to a long-term contract | Offer a personalized pricing or loyalty discount | Offer priority/premium customer support. Key signals: month-to-month contract, high monthly charge, premium support not active.",Medium
